gem_id,url_name,hero,card,copies
87934287,battle-hardened-perth-2025-beyond-odyssey,"Gravy Bones, Shipwrecked Looter",Amnesia,2
87934287,battle-hardened-perth-2025-beyond-odyssey,"Gravy Bones, Shipwrecked Looter","Anka, Drag Under",2
87934287,battle-hardened-perth-2025-beyond-odyssey,"Gravy Bones, Shipwrecked Looter",Avast Ye!,3
87934287,battle-hardened-perth-2025-beyond-odyssey,"Gravy Bones, Shipwrecked Looter",Back Alley Breakline,1
87934287,battle-hardened-perth-2025-beyond-odyssey,"Gravy Bones, Shipwrecked Looter",Balance of Justice,1
87934287,battle-hardened-perth-2025-beyond-odyssey,"Gravy Bones, Shipwrecked Looter",Blood in the Water,3
87934287,battle-hardened-perth-2025-beyond-odyssey,"Gravy Bones, Shipwrecked Looter",Call for Backup,0
87934287,battle-hardened-perth-2025-beyond-odyssey,"Gravy Bones, Shipwrecked Looter",Call to the Grave,3
87934287,battle-hardened-perth-2025-beyond-odyssey,"Gravy Bones, Shipwrecked Looter",Chart the High Seas,3
87934287,battle-hardened-perth-2025-beyond-odyssey,"Gravy Bones, Shipwrecked Looter","Chum, Friendly First Mate",3
87934287,battle-hardened-perth-2025-beyond-odyssey,"Gravy Bones, Shipwrecked Looter",Command and Conquer,2
87934287,battle-hardened-perth-2025-beyond-odyssey,"Gravy Bones, Shipwrecked Looter",Compass of Sunken Depths,1
87934287,battle-hardened-perth-2025-beyond-odyssey,"Gravy Bones, Shipwrecked Looter",Conqueror of the High Seas,3
87934287,battle-hardened-perth-2025-beyond-odyssey,"Gravy Bones, Shipwrecked Looter",Crown of Dominion,0
87934287,battle-hardened-perth-2025-beyond-odyssey,"Gravy Bones, Shipwrecked Looter",Crown of Providence,1
87934287,battle-hardened-perth-2025-beyond-odyssey,"Gravy Bones, Shipwrecked Looter","Cutty Shark, Quick Clip",0
87934287,battle-hardened-perth-2025-beyond-odyssey,"Gravy Bones, Shipwrecked Looter",Dead Threads,1
87934287,battle-hardened-perth-2025-beyond-odyssey,"Gravy Bones, Shipwrecked Looter",Diamond Amulet,0
87934287,battle-hardened-perth-2025-beyond-odyssey,"Gravy Bones, Shipwrecked Looter",Eye of Ophidia,1
87934287,battle-hardened-perth-2025-beyond-odyssey,"Gravy Bones, Shipwrecked Looter",Fearless Confrontation,0
87934287,battle-hardened-perth-2025-beyond-odyssey,"Gravy Bones, Shipwrecked Looter",Flying High,0
87934287,battle-hardened-perth-2025-beyond-odyssey,"Gravy Bones, Shipwrecked Looter",Give No Quarter,2
87934287,battle-hardened-perth-2025-beyond-odyssey,"Gravy Bones, Shipwrecked Looter",Gold-Baited Hook,1
87934287,battle-hardened-perth-2025-beyond-odyssey,"Gravy Bones, Shipwrecked Looter",Golden Tipple,3
87934287,battle-hardened-perth-2025-beyond-odyssey,"Gravy Bones, Shipwrecked Looter",Golden Tipple,3
87934287,battle-hardened-perth-2025-beyond-odyssey,"Gravy Bones, Shipwrecked Looter",Golden Tipple,3
87934287,battle-hardened-perth-2025-beyond-odyssey,"Gravy Bones, Shipwrecked Looter",Lead the Charge,1
87934287,battle-hardened-perth-2025-beyond-odyssey,"Gravy Bones, Shipwrecked Looter","Limpit, Hop-a-long",0
87934287,battle-hardened-perth-2025-beyond-odyssey,"Gravy Bones, Shipwrecked Looter",Loot the Hold,3
87934287,battle-hardened-perth-2025-beyond-odyssey,"Gravy Bones, Shipwrecked Looter",Mage Master Boots,0
87934287,battle-hardened-perth-2025-beyond-odyssey,"Gravy Bones, Shipwrecked Looter",Murderous Rabble,3
87934287,battle-hardened-perth-2025-beyond-odyssey,"Gravy Bones, Shipwrecked Looter",Nullrune Boots,1
87934287,battle-hardened-perth-2025-beyond-odyssey,"Gravy Bones, Shipwrecked Looter",Nullrune Gloves,0
87934287,battle-hardened-perth-2025-beyond-odyssey,"Gravy Bones, Shipwrecked Looter",Nullrune Hood,1
87934287,battle-hardened-perth-2025-beyond-odyssey,"Gravy Bones, Shipwrecked Looter",Oasis Respite,1
87934287,battle-hardened-perth-2025-beyond-odyssey,"Gravy Bones, Shipwrecked Looter","Oysten, Heart of Gold",1
87934287,battle-hardened-perth-2025-beyond-odyssey,"Gravy Bones, Shipwrecked Looter",Pearl Amulet,0
87934287,battle-hardened-perth-2025-beyond-odyssey,"Gravy Bones, Shipwrecked Looter",Portside Exchange,3
87934287,battle-hardened-perth-2025-beyond-odyssey,"Gravy Bones, Shipwrecked Looter",Prismatic Leyline,0
87934287,battle-hardened-perth-2025-beyond-odyssey,"Gravy Bones, Shipwrecked Looter",Quickdodge Flexors,1
87934287,battle-hardened-perth-2025-beyond-odyssey,"Gravy Bones, Shipwrecked Looter",Riggermortis,3
87934287,battle-hardened-perth-2025-beyond-odyssey,"Gravy Bones, Shipwrecked Looter",Saltwater Swell,3
87934287,battle-hardened-perth-2025-beyond-odyssey,"Gravy Bones, Shipwrecked Looter","Sawbones, Dockhand",3
87934287,battle-hardened-perth-2025-beyond-odyssey,"Gravy Bones, Shipwrecked Looter","Scooba, Salty Sea Dog",0
87934287,battle-hardened-perth-2025-beyond-odyssey,"Gravy Bones, Shipwrecked Looter",Sea Legs,3
87934287,battle-hardened-perth-2025-beyond-odyssey,"Gravy Bones, Shipwrecked Looter",Snag,0
87934287,battle-hardened-perth-2025-beyond-odyssey,"Gravy Bones, Shipwrecked Looter",Sunken Treasure,2
87934287,battle-hardened-perth-2025-beyond-odyssey,"Gravy Bones, Shipwrecked Looter",Swabbie,2
87934287,battle-hardened-perth-2025-beyond-odyssey,"Gravy Bones, Shipwrecked Looter",Swiftwater Sloop,2
87934287,battle-hardened-perth-2025-beyond-odyssey,"Gravy Bones, Shipwrecked Looter",Throw Caution to the Wind,1
87934287,battle-hardened-perth-2025-beyond-odyssey,"Gravy Bones, Shipwrecked Looter",Tip the Barkeep,3
87934287,battle-hardened-perth-2025-beyond-odyssey,"Gravy Bones, Shipwrecked Looter",Wailer Humperdinck,1
66757672,battle-hardened-perth-2025-beyond-odyssey,"Arakni, 5L!p3d 7hRu 7h3 cR4X",Art of Desire: Body,3
66757672,battle-hardened-perth-2025-beyond-odyssey,"Arakni, 5L!p3d 7hRu 7h3 cR4X",Art of Desire: Mind,3
66757672,battle-hardened-perth-2025-beyond-odyssey,"Arakni, 5L!p3d 7hRu 7h3 cR4X",Balance of Justice,0
66757672,battle-hardened-perth-2025-beyond-odyssey,"Arakni, 5L!p3d 7hRu 7h3 cR4X",Blacktek Whisperers,1
66757672,battle-hardened-perth-2025-beyond-odyssey,"Arakni, 5L!p3d 7hRu 7h3 cR4X",Blanch,3
66757672,battle-hardened-perth-2025-beyond-odyssey,"Arakni, 5L!p3d 7hRu 7h3 cR4X",Bonds of Agony,3
66757672,battle-hardened-perth-2025-beyond-odyssey,"Arakni, 5L!p3d 7hRu 7h3 cR4X",Bonds of Attraction,0
66757672,battle-hardened-perth-2025-beyond-odyssey,"Arakni, 5L!p3d 7hRu 7h3 cR4X",Bonds of Memory,0
66757672,battle-hardened-perth-2025-beyond-odyssey,"Arakni, 5L!p3d 7hRu 7h3 cR4X",Codex of Frailty,3
66757672,battle-hardened-perth-2025-beyond-odyssey,"Arakni, 5L!p3d 7hRu 7h3 cR4X",Command and Conquer,3
66757672,battle-hardened-perth-2025-beyond-odyssey,"Arakni, 5L!p3d 7hRu 7h3 cR4X",Crown of Providence,1
66757672,battle-hardened-perth-2025-beyond-odyssey,"Arakni, 5L!p3d 7hRu 7h3 cR4X",Double Trouble,2
66757672,battle-hardened-perth-2025-beyond-odyssey,"Arakni, 5L!p3d 7hRu 7h3 cR4X",Fate Foreseen,0
66757672,battle-hardened-perth-2025-beyond-odyssey,"Arakni, 5L!p3d 7hRu 7h3 cR4X",Flick Knives,1
66757672,battle-hardened-perth-2025-beyond-odyssey,"Arakni, 5L!p3d 7hRu 7h3 cR4X",Fyendal's Spring Tunic,1
66757672,battle-hardened-perth-2025-beyond-odyssey,"Arakni, 5L!p3d 7hRu 7h3 cR4X",Hunter's Klaive,2
66757672,battle-hardened-perth-2025-beyond-odyssey,"Arakni, 5L!p3d 7hRu 7h3 cR4X",Infect,3
66757672,battle-hardened-perth-2025-beyond-odyssey,"Arakni, 5L!p3d 7hRu 7h3 cR4X",Infiltrate,3
66757672,battle-hardened-perth-2025-beyond-odyssey,"Arakni, 5L!p3d 7hRu 7h3 cR4X",Just a Nick,3
66757672,battle-hardened-perth-2025-beyond-odyssey,"Arakni, 5L!p3d 7hRu 7h3 cR4X",Kiss of Death,3
66757672,battle-hardened-perth-2025-beyond-odyssey,"Arakni, 5L!p3d 7hRu 7h3 cR4X",Leave No Witnesses,3
66757672,battle-hardened-perth-2025-beyond-odyssey,"Arakni, 5L!p3d 7hRu 7h3 cR4X",Mark of the Black Widow,3
66757672,battle-hardened-perth-2025-beyond-odyssey,"Arakni, 5L!p3d 7hRu 7h3 cR4X",Mask of Perdition,0
66757672,battle-hardened-perth-2025-beyond-odyssey,"Arakni, 5L!p3d 7hRu 7h3 cR4X",Orb-Weaver Spinneret,3
66757672,battle-hardened-perth-2025-beyond-odyssey,"Arakni, 5L!p3d 7hRu 7h3 cR4X",Pain in the Backside,3
66757672,battle-hardened-perth-2025-beyond-odyssey,"Arakni, 5L!p3d 7hRu 7h3 cR4X",Persuasive Prognosis,3
66757672,battle-hardened-perth-2025-beyond-odyssey,"Arakni, 5L!p3d 7hRu 7h3 cR4X",Pick Up the Point,2
66757672,battle-hardened-perth-2025-beyond-odyssey,"Arakni, 5L!p3d 7hRu 7h3 cR4X",Pick to Pieces,0
66757672,battle-hardened-perth-2025-beyond-odyssey,"Arakni, 5L!p3d 7hRu 7h3 cR4X",Plunder the Poor,0
66757672,battle-hardened-perth-2025-beyond-odyssey,"Arakni, 5L!p3d 7hRu 7h3 cR4X",Razor's Edge,3
66757672,battle-hardened-perth-2025-beyond-odyssey,"Arakni, 5L!p3d 7hRu 7h3 cR4X",Redback Shroud,1
66757672,battle-hardened-perth-2025-beyond-odyssey,"Arakni, 5L!p3d 7hRu 7h3 cR4X",Savor Bloodshed,2
66757672,battle-hardened-perth-2025-beyond-odyssey,"Arakni, 5L!p3d 7hRu 7h3 cR4X",Shelter from the Storm,3
66757672,battle-hardened-perth-2025-beyond-odyssey,"Arakni, 5L!p3d 7hRu 7h3 cR4X",Shred,0
66757672,battle-hardened-perth-2025-beyond-odyssey,"Arakni, 5L!p3d 7hRu 7h3 cR4X",Sigil of Solace,0
66757672,battle-hardened-perth-2025-beyond-odyssey,"Arakni, 5L!p3d 7hRu 7h3 cR4X",Sink Below,3
66757672,battle-hardened-perth-2025-beyond-odyssey,"Arakni, 5L!p3d 7hRu 7h3 cR4X",Snag,1
66757672,battle-hardened-perth-2025-beyond-odyssey,"Arakni, 5L!p3d 7hRu 7h3 cR4X",Spike with Bloodrot,3
66757672,battle-hardened-perth-2025-beyond-odyssey,"Arakni, 5L!p3d 7hRu 7h3 cR4X",Stains of the Redback,0
66757672,battle-hardened-perth-2025-beyond-odyssey,"Arakni, 5L!p3d 7hRu 7h3 cR4X",Take Up the Mantle,3
66757672,battle-hardened-perth-2025-beyond-odyssey,"Arakni, 5L!p3d 7hRu 7h3 cR4X",Tarantula Toxin,3
66757672,battle-hardened-perth-2025-beyond-odyssey,"Arakni, 5L!p3d 7hRu 7h3 cR4X",Undercover Acquisition,0
66757672,battle-hardened-perth-2025-beyond-odyssey,"Arakni, 5L!p3d 7hRu 7h3 cR4X",Widow Back Abdomen,1
66757672,battle-hardened-perth-2025-beyond-odyssey,"Arakni, 5L!p3d 7hRu 7h3 cR4X",Widow Veil Respirator,1
66757672,battle-hardened-perth-2025-beyond-odyssey,"Arakni, 5L!p3d 7hRu 7h3 cR4X",Widow Web Crawler,1
16658933,battle-hardened-perth-2025-beyond-odyssey,Dorinthea Ironsong,Agile Windup,3
16658933,battle-hardened-perth-2025-beyond-odyssey,Dorinthea Ironsong,Arcane Compliance,0
16658933,battle-hardened-perth-2025-beyond-odyssey,Dorinthea Ironsong,Balance of Justice,0
16658933,battle-hardened-perth-2025-beyond-odyssey,Dorinthea Ironsong,Blade Flurry,3
16658933,battle-hardened-perth-2025-beyond-odyssey,Dorinthea Ironsong,Braveforge Bracers,1
16658933,battle-hardened-perth-2025-beyond-odyssey,Dorinthea Ironsong,Crown of Providence,1
16658933,battle-hardened-perth-2025-beyond-odyssey,Dorinthea Ironsong,Dauntless,3
16658933,battle-hardened-perth-2025-beyond-odyssey,Dorinthea Ironsong,Dawnblade,1
16658933,battle-hardened-perth-2025-beyond-odyssey,Dorinthea Ironsong,Decimator Great Axe,0
16658933,battle-hardened-perth-2025-beyond-odyssey,Dorinthea Ironsong,Fiddler's Green,0
16658933,battle-hardened-perth-2025-beyond-odyssey,Dorinthea Ironsong,Flying High,2
16658933,battle-hardened-perth-2025-beyond-odyssey,Dorinthea Ironsong,Glint the Quicksilver,3
16658933,battle-hardened-perth-2025-beyond-odyssey,Dorinthea Ironsong,Glistening Steelblade,3
16658933,battle-hardened-perth-2025-beyond-odyssey,Dorinthea Ironsong,Grains of Bloodspill,1
16658933,battle-hardened-perth-2025-beyond-odyssey,Dorinthea Ironsong,Heart of Fyendal,0
16658933,battle-hardened-perth-2025-beyond-odyssey,Dorinthea Ironsong,Hit and Run,3
16658933,battle-hardened-perth-2025-beyond-odyssey,Dorinthea Ironsong,Ironsong Determination,3
16658933,battle-hardened-perth-2025-beyond-odyssey,Dorinthea Ironsong,Ironsong Response,3
16658933,battle-hardened-perth-2025-beyond-odyssey,Dorinthea Ironsong,Ironsong Versus,0
16658933,battle-hardened-perth-2025-beyond-odyssey,Dorinthea Ironsong,Jagged Edge,3
16658933,battle-hardened-perth-2025-beyond-odyssey,Dorinthea Ironsong,Kabuto of Imperial Authority,1
16658933,battle-hardened-perth-2025-beyond-odyssey,Dorinthea Ironsong,Nip at the Heels,3
16658933,battle-hardened-perth-2025-beyond-odyssey,Dorinthea Ironsong,Nullrune Boots,0
16658933,battle-hardened-perth-2025-beyond-odyssey,Dorinthea Ironsong,Nullrune Gloves,0
16658933,battle-hardened-perth-2025-beyond-odyssey,Dorinthea Ironsong,Nullrune Hood,1
16658933,battle-hardened-perth-2025-beyond-odyssey,Dorinthea Ironsong,Overpower,1
16658933,battle-hardened-perth-2025-beyond-odyssey,Dorinthea Ironsong,Overpower,3
16658933,battle-hardened-perth-2025-beyond-odyssey,Dorinthea Ironsong,Precision Press,0
16658933,battle-hardened-perth-2025-beyond-odyssey,Dorinthea Ironsong,Provoke,3
16658933,battle-hardened-perth-2025-beyond-odyssey,Dorinthea Ironsong,Puncture,3
16658933,battle-hardened-perth-2025-beyond-odyssey,Dorinthea Ironsong,Refraction Bolters,1
16658933,battle-hardened-perth-2025-beyond-odyssey,Dorinthea Ironsong,Run Through,0
16658933,battle-hardened-perth-2025-beyond-odyssey,Dorinthea Ironsong,Sharpen Steel,3
16658933,battle-hardened-perth-2025-beyond-odyssey,Dorinthea Ironsong,Shelter from the Storm,0
16658933,battle-hardened-perth-2025-beyond-odyssey,Dorinthea Ironsong,Sigil of Solace,0
16658933,battle-hardened-perth-2025-beyond-odyssey,Dorinthea Ironsong,Singing Steelblade,3
16658933,battle-hardened-perth-2025-beyond-odyssey,Dorinthea Ironsong,Sink Below,3
16658933,battle-hardened-perth-2025-beyond-odyssey,Dorinthea Ironsong,Sirens of Safe Harbor,0
16658933,battle-hardened-perth-2025-beyond-odyssey,Dorinthea Ironsong,Snag,0
16658933,battle-hardened-perth-2025-beyond-odyssey,Dorinthea Ironsong,Spoils of War,3
16658933,battle-hardened-perth-2025-beyond-odyssey,Dorinthea Ironsong,Steelblade Supremacy,3
16658933,battle-hardened-perth-2025-beyond-odyssey,Dorinthea Ironsong,Trot Along,3
16658933,battle-hardened-perth-2025-beyond-odyssey,Dorinthea Ironsong,Twinning Blade,3
16658933,battle-hardened-perth-2025-beyond-odyssey,Dorinthea Ironsong,Unsheathed,3
16658933,battle-hardened-perth-2025-beyond-odyssey,Dorinthea Ironsong,Warrior's Valor,3
16658933,battle-hardened-perth-2025-beyond-odyssey,Dorinthea Ironsong,Warrior's Valor,1
16658933,battle-hardened-perth-2025-beyond-odyssey,Dorinthea Ironsong,Warrior's Valor,3
51253742,battle-hardened-perth-2025-beyond-odyssey,"Fang, Dracai of Blades",Affirm Loyalty,3
51253742,battle-hardened-perth-2025-beyond-odyssey,"Fang, Dracai of Blades",Arcane Compliance,0
51253742,battle-hardened-perth-2025-beyond-odyssey,"Fang, Dracai of Blades",Balance of Justice,1
51253742,battle-hardened-perth-2025-beyond-odyssey,"Fang, Dracai of Blades",Battlefront Bastion,2
51253742,battle-hardened-perth-2025-beyond-odyssey,"Fang, Dracai of Blades",Blade Flurry,0
51253742,battle-hardened-perth-2025-beyond-odyssey,"Fang, Dracai of Blades",Blaze Headlong,2
51253742,battle-hardened-perth-2025-beyond-odyssey,"Fang, Dracai of Blades",Blistering Blade,3
51253742,battle-hardened-perth-2025-beyond-odyssey,"Fang, Dracai of Blades",Braveforge Bracers,1
51253742,battle-hardened-perth-2025-beyond-odyssey,"Fang, Dracai of Blades",Crown of Providence,1
51253742,battle-hardened-perth-2025-beyond-odyssey,"Fang, Dracai of Blades",Cut from the Same Cloth,2
51253742,battle-hardened-perth-2025-beyond-odyssey,"Fang, Dracai of Blades",Drop of Dragon Blood,0
51253742,battle-hardened-perth-2025-beyond-odyssey,"Fang, Dracai of Blades",Endear Devotion,0
51253742,battle-hardened-perth-2025-beyond-odyssey,"Fang, Dracai of Blades",Exposed,0
51253742,battle-hardened-perth-2025-beyond-odyssey,"Fang, Dracai of Blades",Fire and Brimstone,1
51253742,battle-hardened-perth-2025-beyond-odyssey,"Fang, Dracai of Blades",For the Dracai,3
51253742,battle-hardened-perth-2025-beyond-odyssey,"Fang, Dracai of Blades",Fyendal's Spring Tunic,0
51253742,battle-hardened-perth-2025-beyond-odyssey,"Fang, Dracai of Blades",Glint the Quicksilver,3
51253742,battle-hardened-perth-2025-beyond-odyssey,"Fang, Dracai of Blades",Grains of Bloodspill,1
51253742,battle-hardened-perth-2025-beyond-odyssey,"Fang, Dracai of Blades",Hunt to the Ends of Rathe,3
51253742,battle-hardened-perth-2025-beyond-odyssey,"Fang, Dracai of Blades",Hunt's End,3
51253742,battle-hardened-perth-2025-beyond-odyssey,"Fang, Dracai of Blades",Imperial Intent,3
51253742,battle-hardened-perth-2025-beyond-odyssey,"Fang, Dracai of Blades",Imperial Seal of Command,0
51253742,battle-hardened-perth-2025-beyond-odyssey,"Fang, Dracai of Blades",Kabuto of Imperial Authority,1
51253742,battle-hardened-perth-2025-beyond-odyssey,"Fang, Dracai of Blades",Long Whisker Loyalty,3
51253742,battle-hardened-perth-2025-beyond-odyssey,"Fang, Dracai of Blades",Nip at the Heels,0
51253742,battle-hardened-perth-2025-beyond-odyssey,"Fang, Dracai of Blades",Nullrune Hood,1
51253742,battle-hardened-perth-2025-beyond-odyssey,"Fang, Dracai of Blades",Oath of Loyalty,3
51253742,battle-hardened-perth-2025-beyond-odyssey,"Fang, Dracai of Blades",Obsidian Fire Vein,2
51253742,battle-hardened-perth-2025-beyond-odyssey,"Fang, Dracai of Blades",Perforate,0
51253742,battle-hardened-perth-2025-beyond-odyssey,"Fang, Dracai of Blades",Pledge Fealty,3
51253742,battle-hardened-perth-2025-beyond-odyssey,"Fang, Dracai of Blades",Proclaim Vengeance,0
51253742,battle-hardened-perth-2025-beyond-odyssey,"Fang, Dracai of Blades",Rake Over the Coals,0
51253742,battle-hardened-perth-2025-beyond-odyssey,"Fang, Dracai of Blades",Relentless Pursuit,3
51253742,battle-hardened-perth-2025-beyond-odyssey,"Fang, Dracai of Blades",Savor Bloodshed,3
51253742,battle-hardened-perth-2025-beyond-odyssey,"Fang, Dracai of Blades",Scar Tissue,3
51253742,battle-hardened-perth-2025-beyond-odyssey,"Fang, Dracai of Blades",Scar Tissue,3
51253742,battle-hardened-perth-2025-beyond-odyssey,"Fang, Dracai of Blades",Searing Gaze,3
51253742,battle-hardened-perth-2025-beyond-odyssey,"Fang, Dracai of Blades",Shelter from the Storm,3
51253742,battle-hardened-perth-2025-beyond-odyssey,"Fang, Dracai of Blades",Sigil of Solace,2
51253742,battle-hardened-perth-2025-beyond-odyssey,"Fang, Dracai of Blades",Sink Below,3
51253742,battle-hardened-perth-2025-beyond-odyssey,"Fang, Dracai of Blades",Sink Below,2
51253742,battle-hardened-perth-2025-beyond-odyssey,"Fang, Dracai of Blades",Slap-Happy,0
51253742,battle-hardened-perth-2025-beyond-odyssey,"Fang, Dracai of Blades",Smoke Out,2
51253742,battle-hardened-perth-2025-beyond-odyssey,"Fang, Dracai of Blades",Snag,1
51253742,battle-hardened-perth-2025-beyond-odyssey,"Fang, Dracai of Blades",Sworn Vengeance,0
51253742,battle-hardened-perth-2025-beyond-odyssey,"Fang, Dracai of Blades",Tooth of the Dragon,3
51253742,battle-hardened-perth-2025-beyond-odyssey,"Fang, Dracai of Blades",Twist and Turn,3
51253742,battle-hardened-perth-2025-beyond-odyssey,"Fang, Dracai of Blades",Valiant Dynamo,1
51253742,battle-hardened-perth-2025-beyond-odyssey,"Fang, Dracai of Blades",Warmonger's Diplomacy,0
26941451,battle-hardened-perth-2025-beyond-odyssey,"Florian, Rotwood Harbinger",Arcane Compliance,1
26941451,battle-hardened-perth-2025-beyond-odyssey,"Florian, Rotwood Harbinger",Arcane Seeds||Life,3
26941451,battle-hardened-perth-2025-beyond-odyssey,"Florian, Rotwood Harbinger",Autumn's Touch,3
26941451,battle-hardened-perth-2025-beyond-odyssey,"Florian, Rotwood Harbinger",Barkskin of the Millennium Tree,1
26941451,battle-hardened-perth-2025-beyond-odyssey,"Florian, Rotwood Harbinger",Base of the Mountain,0
26941451,battle-hardened-perth-2025-beyond-odyssey,"Florian, Rotwood Harbinger",Blanch,0
26941451,battle-hardened-perth-2025-beyond-odyssey,"Florian, Rotwood Harbinger",Bramble Spark,2
26941451,battle-hardened-perth-2025-beyond-odyssey,"Florian, Rotwood Harbinger",Cadaverous Tilling,3
26941451,battle-hardened-perth-2025-beyond-odyssey,"Florian, Rotwood Harbinger",Call for Backup,0
26941451,battle-hardened-perth-2025-beyond-odyssey,"Florian, Rotwood Harbinger",Canopy Shelter,0
26941451,battle-hardened-perth-2025-beyond-odyssey,"Florian, Rotwood Harbinger",Channel Mount Heroic,3
26941451,battle-hardened-perth-2025-beyond-odyssey,"Florian, Rotwood Harbinger",Channel the Millennium Tree,1
26941451,battle-hardened-perth-2025-beyond-odyssey,"Florian, Rotwood Harbinger",Command and Conquer,3
26941451,battle-hardened-perth-2025-beyond-odyssey,"Florian, Rotwood Harbinger",Crown of Dichotomy,1
26941451,battle-hardened-perth-2025-beyond-odyssey,"Florian, Rotwood Harbinger",Deny Redemption,3
26941451,battle-hardened-perth-2025-beyond-odyssey,"Florian, Rotwood Harbinger",Dread Scythe,0
26941451,battle-hardened-perth-2025-beyond-odyssey,"Florian, Rotwood Harbinger",Dread Triptych,3
26941451,battle-hardened-perth-2025-beyond-odyssey,"Florian, Rotwood Harbinger",Dyadic Carapace,1
26941451,battle-hardened-perth-2025-beyond-odyssey,"Florian, Rotwood Harbinger",Enlightened Strike,3
26941451,battle-hardened-perth-2025-beyond-odyssey,"Florian, Rotwood Harbinger",Erase Face,0
26941451,battle-hardened-perth-2025-beyond-odyssey,"Florian, Rotwood Harbinger",Everbloom||Life,3
26941451,battle-hardened-perth-2025-beyond-odyssey,"Florian, Rotwood Harbinger",Face Purgatory,1
26941451,battle-hardened-perth-2025-beyond-odyssey,"Florian, Rotwood Harbinger",Felling of the Crown,3
26941451,battle-hardened-perth-2025-beyond-odyssey,"Florian, Rotwood Harbinger",Flourish,0
26941451,battle-hardened-perth-2025-beyond-odyssey,"Florian, Rotwood Harbinger",Fruits of the Forest,1
26941451,battle-hardened-perth-2025-beyond-odyssey,"Florian, Rotwood Harbinger",Fruits of the Forest,3
26941451,battle-hardened-perth-2025-beyond-odyssey,"Florian, Rotwood Harbinger",Give and Take,2
26941451,battle-hardened-perth-2025-beyond-odyssey,"Florian, Rotwood Harbinger",Grasp of the Arknight,1
26941451,battle-hardened-perth-2025-beyond-odyssey,"Florian, Rotwood Harbinger",Haunting Rendition,3
26941451,battle-hardened-perth-2025-beyond-odyssey,"Florian, Rotwood Harbinger",Malefic Incantation,0
26941451,battle-hardened-perth-2025-beyond-odyssey,"Florian, Rotwood Harbinger",Nullrune Boots,0
26941451,battle-hardened-perth-2025-beyond-odyssey,"Florian, Rotwood Harbinger",Oasis Respite,0
26941451,battle-hardened-perth-2025-beyond-odyssey,"Florian, Rotwood Harbinger",Oath of the Arknight,0
26941451,battle-hardened-perth-2025-beyond-odyssey,"Florian, Rotwood Harbinger",Overload,0
26941451,battle-hardened-perth-2025-beyond-odyssey,"Florian, Rotwood Harbinger",Plow Under,3
26941451,battle-hardened-perth-2025-beyond-odyssey,"Florian, Rotwood Harbinger",Plume of Evergrowth,1
26941451,battle-hardened-perth-2025-beyond-odyssey,"Florian, Rotwood Harbinger",Reaping Blade,1
26941451,battle-hardened-perth-2025-beyond-odyssey,"Florian, Rotwood Harbinger",Rootbound Carapace,3
26941451,battle-hardened-perth-2025-beyond-odyssey,"Florian, Rotwood Harbinger",Rootbound Carapace,3
26941451,battle-hardened-perth-2025-beyond-odyssey,"Florian, Rotwood Harbinger",Rowdy Locals,0
26941451,battle-hardened-perth-2025-beyond-odyssey,"Florian, Rotwood Harbinger",Runerager Swarm,3
26941451,battle-hardened-perth-2025-beyond-odyssey,"Florian, Rotwood Harbinger",Runic Reclamation,0
26941451,battle-hardened-perth-2025-beyond-odyssey,"Florian, Rotwood Harbinger",Scar for a Scar,3
26941451,battle-hardened-perth-2025-beyond-odyssey,"Florian, Rotwood Harbinger",Shelter from the Storm,3
26941451,battle-hardened-perth-2025-beyond-odyssey,"Florian, Rotwood Harbinger",Sink Below,0
26941451,battle-hardened-perth-2025-beyond-odyssey,"Florian, Rotwood Harbinger",Summer's Fall,2
26941451,battle-hardened-perth-2025-beyond-odyssey,"Florian, Rotwood Harbinger",Swarming Gloomveil,3
26941451,battle-hardened-perth-2025-beyond-odyssey,"Florian, Rotwood Harbinger",The Weakest Link,0
26941451,battle-hardened-perth-2025-beyond-odyssey,"Florian, Rotwood Harbinger",This Round's on Me,0
26941451,battle-hardened-perth-2025-beyond-odyssey,"Florian, Rotwood Harbinger",Thistle Bloom||Life,0
26941451,battle-hardened-perth-2025-beyond-odyssey,"Florian, Rotwood Harbinger",Trot Along,0
26941451,battle-hardened-perth-2025-beyond-odyssey,"Florian, Rotwood Harbinger",Truce,3
26941451,battle-hardened-perth-2025-beyond-odyssey,"Florian, Rotwood Harbinger",Warmonger's Diplomacy,3
26941451,battle-hardened-perth-2025-beyond-odyssey,"Florian, Rotwood Harbinger",Well Grounded,1
86596437,battle-hardened-perth-2025-beyond-odyssey,Dash I/O,Achilles Accelerator,1
86596437,battle-hardened-perth-2025-beyond-odyssey,Dash I/O,Adaptive Plating,1
86596437,battle-hardened-perth-2025-beyond-odyssey,Dash I/O,Backup Protocol: RED,3
86596437,battle-hardened-perth-2025-beyond-odyssey,Dash I/O,Boom Grenade,3
86596437,battle-hardened-perth-2025-beyond-odyssey,Dash I/O,Boom Grenade,3
86596437,battle-hardened-perth-2025-beyond-odyssey,Dash I/O,Cerebellum Processor,3
86596437,battle-hardened-perth-2025-beyond-odyssey,Dash I/O,Cogwerx Tinker Rings,1
86596437,battle-hardened-perth-2025-beyond-odyssey,Dash I/O,Convection Amplifier,1
86596437,battle-hardened-perth-2025-beyond-odyssey,Dash I/O,Crown of Providence,1
86596437,battle-hardened-perth-2025-beyond-odyssey,Dash I/O,Expedite,3
86596437,battle-hardened-perth-2025-beyond-odyssey,Dash I/O,Fast and Furious,3
86596437,battle-hardened-perth-2025-beyond-odyssey,Dash I/O,Goliath Gauntlet,1
86596437,battle-hardened-perth-2025-beyond-odyssey,Dash I/O,Hanabi Blaster,0
86596437,battle-hardened-perth-2025-beyond-odyssey,Dash I/O,Heavy Industry Gear Shift,0
86596437,battle-hardened-perth-2025-beyond-odyssey,Dash I/O,Heist,2
86596437,battle-hardened-perth-2025-beyond-odyssey,Dash I/O,Maximum Velocity,3
86596437,battle-hardened-perth-2025-beyond-odyssey,Dash I/O,Null Time Zone,3
86596437,battle-hardened-perth-2025-beyond-odyssey,Dash I/O,Out Pace,3
86596437,battle-hardened-perth-2025-beyond-odyssey,Dash I/O,Pulsewave Harpoon,3
86596437,battle-hardened-perth-2025-beyond-odyssey,Dash I/O,Spark of Genius,3
86596437,battle-hardened-perth-2025-beyond-odyssey,Dash I/O,Sprocket Rocket,3
86596437,battle-hardened-perth-2025-beyond-odyssey,Dash I/O,Symbiosis Shot,1
86596437,battle-hardened-perth-2025-beyond-odyssey,Dash I/O,T-Bone,3
86596437,battle-hardened-perth-2025-beyond-odyssey,Dash I/O,T-Bone,3
86596437,battle-hardened-perth-2025-beyond-odyssey,Dash I/O,Teklo Core,3
86596437,battle-hardened-perth-2025-beyond-odyssey,Dash I/O,Teklo Foundry Heart,1
86596437,battle-hardened-perth-2025-beyond-odyssey,Dash I/O,Teklo Pounder,3
86596437,battle-hardened-perth-2025-beyond-odyssey,Dash I/O,Throttle,3
86596437,battle-hardened-perth-2025-beyond-odyssey,Dash I/O,Tick Tock Clock,0
86596437,battle-hardened-perth-2025-beyond-odyssey,Dash I/O,Viziertronic Model i,1
86596437,battle-hardened-perth-2025-beyond-odyssey,Dash I/O,Zero to Sixty,3
86596437,battle-hardened-perth-2025-beyond-odyssey,Dash I/O,Zero to Sixty,3
86596437,battle-hardened-perth-2025-beyond-odyssey,Dash I/O,Zero to Sixty,3
86596437,battle-hardened-perth-2025-beyond-odyssey,Dash I/O,Zipper Hit,3
86596437,battle-hardened-perth-2025-beyond-odyssey,Dash I/O,Zipper Hit,3
86596437,battle-hardened-perth-2025-beyond-odyssey,Dash I/O,Zipper Hit,3
45912564,battle-hardened-perth-2025-beyond-odyssey,"Ira, Scarlet Revenger",Ancestral Empowerment,3
45912564,battle-hardened-perth-2025-beyond-odyssey,"Ira, Scarlet Revenger",Arcane Compliance,0
45912564,battle-hardened-perth-2025-beyond-odyssey,"Ira, Scarlet Revenger",Aspect of Tiger: Body,0
45912564,battle-hardened-perth-2025-beyond-odyssey,"Ira, Scarlet Revenger",Aspect of Tiger: Mind,0
45912564,battle-hardened-perth-2025-beyond-odyssey,"Ira, Scarlet Revenger",Battlefront Bastion,0
45912564,battle-hardened-perth-2025-beyond-odyssey,"Ira, Scarlet Revenger",Biting Breeze,0
45912564,battle-hardened-perth-2025-beyond-odyssey,"Ira, Scarlet Revenger",Bittering Thorns,3
45912564,battle-hardened-perth-2025-beyond-odyssey,"Ira, Scarlet Revenger",Bittering Thorns,3
45912564,battle-hardened-perth-2025-beyond-odyssey,"Ira, Scarlet Revenger",Blanch,3
45912564,battle-hardened-perth-2025-beyond-odyssey,"Ira, Scarlet Revenger",Blazen Yoroi,0
45912564,battle-hardened-perth-2025-beyond-odyssey,"Ira, Scarlet Revenger",Breeze Rider Boots,1
45912564,battle-hardened-perth-2025-beyond-odyssey,"Ira, Scarlet Revenger",Calming Breeze,0
45912564,battle-hardened-perth-2025-beyond-odyssey,"Ira, Scarlet Revenger",Censor,0
45912564,battle-hardened-perth-2025-beyond-odyssey,"Ira, Scarlet Revenger",Chase the Tail,0
45912564,battle-hardened-perth-2025-beyond-odyssey,"Ira, Scarlet Revenger",Command and Conquer,3
45912564,battle-hardened-perth-2025-beyond-odyssey,"Ira, Scarlet Revenger",Crane Dance,0
45912564,battle-hardened-perth-2025-beyond-odyssey,"Ira, Scarlet Revenger",Cut Through,0
45912564,battle-hardened-perth-2025-beyond-odyssey,"Ira, Scarlet Revenger",Double Strike,0
45912564,battle-hardened-perth-2025-beyond-odyssey,"Ira, Scarlet Revenger",Dual Threat,0
45912564,battle-hardened-perth-2025-beyond-odyssey,"Ira, Scarlet Revenger",Edge of Autumn,1
45912564,battle-hardened-perth-2025-beyond-odyssey,"Ira, Scarlet Revenger",Enact Vengeance,3
45912564,battle-hardened-perth-2025-beyond-odyssey,"Ira, Scarlet Revenger",Enlightened Strike,0
45912564,battle-hardened-perth-2025-beyond-odyssey,"Ira, Scarlet Revenger",Erase Face,0
45912564,battle-hardened-perth-2025-beyond-odyssey,"Ira, Scarlet Revenger",Even Bigger Than That!,0
45912564,battle-hardened-perth-2025-beyond-odyssey,"Ira, Scarlet Revenger",Fate Foreseen,0
45912564,battle-hardened-perth-2025-beyond-odyssey,"Ira, Scarlet Revenger",Flic Flak,3
45912564,battle-hardened-perth-2025-beyond-odyssey,"Ira, Scarlet Revenger",Fyendal's Spring Tunic,1
45912564,battle-hardened-perth-2025-beyond-odyssey,"Ira, Scarlet Revenger",Give and Take,2
45912564,battle-hardened-perth-2025-beyond-odyssey,"Ira, Scarlet Revenger",Growl,0
45912564,battle-hardened-perth-2025-beyond-odyssey,"Ira, Scarlet Revenger",Harmonized Kodachi,0
45912564,battle-hardened-perth-2025-beyond-odyssey,"Ira, Scarlet Revenger",Humble,0
45912564,battle-hardened-perth-2025-beyond-odyssey,"Ira, Scarlet Revenger",Iris of the Blossom,1
45912564,battle-hardened-perth-2025-beyond-odyssey,"Ira, Scarlet Revenger",Legacy of Ikaru,3
45912564,battle-hardened-perth-2025-beyond-odyssey,"Ira, Scarlet Revenger",Looking for a Scrap,0
45912564,battle-hardened-perth-2025-beyond-odyssey,"Ira, Scarlet Revenger",Mask of Momentum,0
45912564,battle-hardened-perth-2025-beyond-odyssey,"Ira, Scarlet Revenger",Mauling Qi,0
45912564,battle-hardened-perth-2025-beyond-odyssey,"Ira, Scarlet Revenger",Nip at the Heels,3
45912564,battle-hardened-perth-2025-beyond-odyssey,"Ira, Scarlet Revenger",Nullrune Gloves,0
45912564,battle-hardened-perth-2025-beyond-odyssey,"Ira, Scarlet Revenger",Nullrune Hood,1
45912564,battle-hardened-perth-2025-beyond-odyssey,"Ira, Scarlet Revenger",Okana Scar Wraps,1
45912564,battle-hardened-perth-2025-beyond-odyssey,"Ira, Scarlet Revenger",One-Two Punch,0
45912564,battle-hardened-perth-2025-beyond-odyssey,"Ira, Scarlet Revenger",Pain in the Backside,0
45912564,battle-hardened-perth-2025-beyond-odyssey,"Ira, Scarlet Revenger",Poisoned Blade,0
45912564,battle-hardened-perth-2025-beyond-odyssey,"Ira, Scarlet Revenger",Pouncing Paws,0
45912564,battle-hardened-perth-2025-beyond-odyssey,"Ira, Scarlet Revenger",Pouncing Qi,0
45912564,battle-hardened-perth-2025-beyond-odyssey,"Ira, Scarlet Revenger",Pursuit of Knowledge,0
45912564,battle-hardened-perth-2025-beyond-odyssey,"Ira, Scarlet Revenger",Qi Unleashed,0
45912564,battle-hardened-perth-2025-beyond-odyssey,"Ira, Scarlet Revenger",Razor Reflex,3
45912564,battle-hardened-perth-2025-beyond-odyssey,"Ira, Scarlet Revenger",Recoil,0
45912564,battle-hardened-perth-2025-beyond-odyssey,"Ira, Scarlet Revenger",Ripple Away,0
45912564,battle-hardened-perth-2025-beyond-odyssey,"Ira, Scarlet Revenger",Rising Knee Thrust,0
45912564,battle-hardened-perth-2025-beyond-odyssey,"Ira, Scarlet Revenger",Robe of Autumn's Fall,1
45912564,battle-hardened-perth-2025-beyond-odyssey,"Ira, Scarlet Revenger",Rowdy Locals,0
45912564,battle-hardened-perth-2025-beyond-odyssey,"Ira, Scarlet Revenger",Rushing River,0
45912564,battle-hardened-perth-2025-beyond-odyssey,"Ira, Scarlet Revenger",Scar for a Scar,3
45912564,battle-hardened-perth-2025-beyond-odyssey,"Ira, Scarlet Revenger",Seek Vengeance,3
45912564,battle-hardened-perth-2025-beyond-odyssey,"Ira, Scarlet Revenger",Seek Vengeance,3
45912564,battle-hardened-perth-2025-beyond-odyssey,"Ira, Scarlet Revenger",Shelter from the Storm,0
45912564,battle-hardened-perth-2025-beyond-odyssey,"Ira, Scarlet Revenger",Sigil of Solace,0
45912564,battle-hardened-perth-2025-beyond-odyssey,"Ira, Scarlet Revenger",Sink Below,3
45912564,battle-hardened-perth-2025-beyond-odyssey,"Ira, Scarlet Revenger",Sirens of Safe Harbor,3
45912564,battle-hardened-perth-2025-beyond-odyssey,"Ira, Scarlet Revenger",Snag,0
45912564,battle-hardened-perth-2025-beyond-odyssey,"Ira, Scarlet Revenger",Snapdragon Scalers,1
45912564,battle-hardened-perth-2025-beyond-odyssey,"Ira, Scarlet Revenger",Snatch,3
45912564,battle-hardened-perth-2025-beyond-odyssey,"Ira, Scarlet Revenger",Soulbead Strike,3
45912564,battle-hardened-perth-2025-beyond-odyssey,"Ira, Scarlet Revenger",Soulbead Strike,3
45912564,battle-hardened-perth-2025-beyond-odyssey,"Ira, Scarlet Revenger",Sound the Alarm,0
45912564,battle-hardened-perth-2025-beyond-odyssey,"Ira, Scarlet Revenger",Stab Wound,0
45912564,battle-hardened-perth-2025-beyond-odyssey,"Ira, Scarlet Revenger",Take the Tempo,0
45912564,battle-hardened-perth-2025-beyond-odyssey,"Ira, Scarlet Revenger",The Weakest Link,0
45912564,battle-hardened-perth-2025-beyond-odyssey,"Ira, Scarlet Revenger",Tide Flippers,0
45912564,battle-hardened-perth-2025-beyond-odyssey,"Ira, Scarlet Revenger",Tiger Eye Reflex,0
45912564,battle-hardened-perth-2025-beyond-odyssey,"Ira, Scarlet Revenger",Tiger Stripe Shuko,0
45912564,battle-hardened-perth-2025-beyond-odyssey,"Ira, Scarlet Revenger",Torrent of Tempo,3
45912564,battle-hardened-perth-2025-beyond-odyssey,"Ira, Scarlet Revenger",Torrent of Tempo,3
45912564,battle-hardened-perth-2025-beyond-odyssey,"Ira, Scarlet Revenger",Up Sticks and Run,0
45912564,battle-hardened-perth-2025-beyond-odyssey,"Ira, Scarlet Revenger",Vengeance Never Rests,3
45912564,battle-hardened-perth-2025-beyond-odyssey,"Ira, Scarlet Revenger",Whelming Gustwave,0
45912564,battle-hardened-perth-2025-beyond-odyssey,"Ira, Scarlet Revenger",Whirling Mist Blossom,3
68784787,battle-hardened-perth-2025-beyond-odyssey,Kassai of the Golden Sand,Blade Flurry,3
68784787,battle-hardened-perth-2025-beyond-odyssey,Kassai of the Golden Sand,Blade Runner,3
68784787,battle-hardened-perth-2025-beyond-odyssey,Kassai of the Golden Sand,Blade Runner,3
68784787,battle-hardened-perth-2025-beyond-odyssey,Kassai of the Golden Sand,Blanch,3
68784787,battle-hardened-perth-2025-beyond-odyssey,Kassai of the Golden Sand,Blood on Her Hands,3
68784787,battle-hardened-perth-2025-beyond-odyssey,Kassai of the Golden Sand,Braveforge Bracers,1
68784787,battle-hardened-perth-2025-beyond-odyssey,Kassai of the Golden Sand,Cintari Saber,2
68784787,battle-hardened-perth-2025-beyond-odyssey,Kassai of the Golden Sand,Crown of Dominion,1
68784787,battle-hardened-perth-2025-beyond-odyssey,Kassai of the Golden Sand,Draw Swords,3
68784787,battle-hardened-perth-2025-beyond-odyssey,Kassai of the Golden Sand,Draw Swords,3
68784787,battle-hardened-perth-2025-beyond-odyssey,Kassai of the Golden Sand,Eye of Ophidia,1
68784787,battle-hardened-perth-2025-beyond-odyssey,Kassai of the Golden Sand,Glint the Quicksilver,3
68784787,battle-hardened-perth-2025-beyond-odyssey,Kassai of the Golden Sand,Gorganian Tome,1
68784787,battle-hardened-perth-2025-beyond-odyssey,Kassai of the Golden Sand,Grains of Bloodspill,1
68784787,battle-hardened-perth-2025-beyond-odyssey,Kassai of the Golden Sand,Hit and Run,3
68784787,battle-hardened-perth-2025-beyond-odyssey,Kassai of the Golden Sand,Hit and Run,3
68784787,battle-hardened-perth-2025-beyond-odyssey,Kassai of the Golden Sand,In the Swing,3
68784787,battle-hardened-perth-2025-beyond-odyssey,Kassai of the Golden Sand,Jagged Edge,2
68784787,battle-hardened-perth-2025-beyond-odyssey,Kassai of the Golden Sand,Nullrune Boots,1
68784787,battle-hardened-perth-2025-beyond-odyssey,Kassai of the Golden Sand,Nullrune Gloves,1
68784787,battle-hardened-perth-2025-beyond-odyssey,Kassai of the Golden Sand,Outland Skirmish,3
68784787,battle-hardened-perth-2025-beyond-odyssey,Kassai of the Golden Sand,Provoke,3
68784787,battle-hardened-perth-2025-beyond-odyssey,Kassai of the Golden Sand,Raise an Army,2
68784787,battle-hardened-perth-2025-beyond-odyssey,Kassai of the Golden Sand,Riches of Trōpal-Dhani,1
68784787,battle-hardened-perth-2025-beyond-odyssey,Kassai of the Golden Sand,Run Through,3
68784787,battle-hardened-perth-2025-beyond-odyssey,Kassai of the Golden Sand,Sharpened Senses,3
68784787,battle-hardened-perth-2025-beyond-odyssey,Kassai of the Golden Sand,Shelter from the Storm,3
68784787,battle-hardened-perth-2025-beyond-odyssey,Kassai of the Golden Sand,Sink Below,3
68784787,battle-hardened-perth-2025-beyond-odyssey,Kassai of the Golden Sand,Slice and Dice,3
68784787,battle-hardened-perth-2025-beyond-odyssey,Kassai of the Golden Sand,Slice and Dice,1
68784787,battle-hardened-perth-2025-beyond-odyssey,Kassai of the Golden Sand,Snag,1
68784787,battle-hardened-perth-2025-beyond-odyssey,Kassai of the Golden Sand,Spoils of War,3
68784787,battle-hardened-perth-2025-beyond-odyssey,Kassai of the Golden Sand,Trot Along,3
68784787,battle-hardened-perth-2025-beyond-odyssey,Kassai of the Golden Sand,Unsheathed,3
68784787,battle-hardened-perth-2025-beyond-odyssey,Kassai of the Golden Sand,Valiant Dynamo,1
64575863,battle-hardened-perth-2025-beyond-odyssey,"Gravy Bones, Shipwrecked Looter",Amnesia,0
64575863,battle-hardened-perth-2025-beyond-odyssey,"Gravy Bones, Shipwrecked Looter","Anka, Drag Under",2
64575863,battle-hardened-perth-2025-beyond-odyssey,"Gravy Bones, Shipwrecked Looter",Avast Ye!,3
64575863,battle-hardened-perth-2025-beyond-odyssey,"Gravy Bones, Shipwrecked Looter",Back Alley Breakline,2
64575863,battle-hardened-perth-2025-beyond-odyssey,"Gravy Bones, Shipwrecked Looter",Balance of Justice,1
64575863,battle-hardened-perth-2025-beyond-odyssey,"Gravy Bones, Shipwrecked Looter",Blood in the Water,2
64575863,battle-hardened-perth-2025-beyond-odyssey,"Gravy Bones, Shipwrecked Looter",Call for Backup,0
64575863,battle-hardened-perth-2025-beyond-odyssey,"Gravy Bones, Shipwrecked Looter",Call to the Grave,3
64575863,battle-hardened-perth-2025-beyond-odyssey,"Gravy Bones, Shipwrecked Looter",Chart the High Seas,3
64575863,battle-hardened-perth-2025-beyond-odyssey,"Gravy Bones, Shipwrecked Looter","Chum, Friendly First Mate",3
64575863,battle-hardened-perth-2025-beyond-odyssey,"Gravy Bones, Shipwrecked Looter",Command and Conquer,2
64575863,battle-hardened-perth-2025-beyond-odyssey,"Gravy Bones, Shipwrecked Looter",Compass of Sunken Depths,1
64575863,battle-hardened-perth-2025-beyond-odyssey,"Gravy Bones, Shipwrecked Looter",Conqueror of the High Seas,3
64575863,battle-hardened-perth-2025-beyond-odyssey,"Gravy Bones, Shipwrecked Looter",Crown of Dominion,1
64575863,battle-hardened-perth-2025-beyond-odyssey,"Gravy Bones, Shipwrecked Looter",Crown of Providence,0
64575863,battle-hardened-perth-2025-beyond-odyssey,"Gravy Bones, Shipwrecked Looter","Cutty Shark, Quick Clip",0
64575863,battle-hardened-perth-2025-beyond-odyssey,"Gravy Bones, Shipwrecked Looter",Dead Threads,1
64575863,battle-hardened-perth-2025-beyond-odyssey,"Gravy Bones, Shipwrecked Looter",Diamond Amulet,0
64575863,battle-hardened-perth-2025-beyond-odyssey,"Gravy Bones, Shipwrecked Looter",Eye of Ophidia,0
64575863,battle-hardened-perth-2025-beyond-odyssey,"Gravy Bones, Shipwrecked Looter",Fearless Confrontation,2
64575863,battle-hardened-perth-2025-beyond-odyssey,"Gravy Bones, Shipwrecked Looter",Flying High,0
64575863,battle-hardened-perth-2025-beyond-odyssey,"Gravy Bones, Shipwrecked Looter",Give No Quarter,0
64575863,battle-hardened-perth-2025-beyond-odyssey,"Gravy Bones, Shipwrecked Looter",Gold-Baited Hook,1
64575863,battle-hardened-perth-2025-beyond-odyssey,"Gravy Bones, Shipwrecked Looter",Golden Tipple,3
64575863,battle-hardened-perth-2025-beyond-odyssey,"Gravy Bones, Shipwrecked Looter",Golden Tipple,2
64575863,battle-hardened-perth-2025-beyond-odyssey,"Gravy Bones, Shipwrecked Looter",Golden Tipple,3
64575863,battle-hardened-perth-2025-beyond-odyssey,"Gravy Bones, Shipwrecked Looter",Lead the Charge,0
64575863,battle-hardened-perth-2025-beyond-odyssey,"Gravy Bones, Shipwrecked Looter","Limpit, Hop-a-long",0
64575863,battle-hardened-perth-2025-beyond-odyssey,"Gravy Bones, Shipwrecked Looter",Loot the Hold,3
64575863,battle-hardened-perth-2025-beyond-odyssey,"Gravy Bones, Shipwrecked Looter",Mage Master Boots,1
64575863,battle-hardened-perth-2025-beyond-odyssey,"Gravy Bones, Shipwrecked Looter",Murderous Rabble,3
64575863,battle-hardened-perth-2025-beyond-odyssey,"Gravy Bones, Shipwrecked Looter",Nullrune Boots,1
64575863,battle-hardened-perth-2025-beyond-odyssey,"Gravy Bones, Shipwrecked Looter",Nullrune Gloves,1
64575863,battle-hardened-perth-2025-beyond-odyssey,"Gravy Bones, Shipwrecked Looter",Nullrune Hood,0
64575863,battle-hardened-perth-2025-beyond-odyssey,"Gravy Bones, Shipwrecked Looter",Oasis Respite,0
64575863,battle-hardened-perth-2025-beyond-odyssey,"Gravy Bones, Shipwrecked Looter","Oysten, Heart of Gold",1
64575863,battle-hardened-perth-2025-beyond-odyssey,"Gravy Bones, Shipwrecked Looter",Pearl Amulet,1
64575863,battle-hardened-perth-2025-beyond-odyssey,"Gravy Bones, Shipwrecked Looter",Portside Exchange,3
64575863,battle-hardened-perth-2025-beyond-odyssey,"Gravy Bones, Shipwrecked Looter",Prismatic Leyline,2
64575863,battle-hardened-perth-2025-beyond-odyssey,"Gravy Bones, Shipwrecked Looter",Quickdodge Flexors,1
64575863,battle-hardened-perth-2025-beyond-odyssey,"Gravy Bones, Shipwrecked Looter",Riggermortis,3
64575863,battle-hardened-perth-2025-beyond-odyssey,"Gravy Bones, Shipwrecked Looter",Saltwater Swell,2
64575863,battle-hardened-perth-2025-beyond-odyssey,"Gravy Bones, Shipwrecked Looter",Saltwater Swell,3
64575863,battle-hardened-perth-2025-beyond-odyssey,"Gravy Bones, Shipwrecked Looter","Sawbones, Dockhand",3
64575863,battle-hardened-perth-2025-beyond-odyssey,"Gravy Bones, Shipwrecked Looter","Scooba, Salty Sea Dog",1
64575863,battle-hardened-perth-2025-beyond-odyssey,"Gravy Bones, Shipwrecked Looter",Sea Legs,2
64575863,battle-hardened-perth-2025-beyond-odyssey,"Gravy Bones, Shipwrecked Looter",Snag,1
64575863,battle-hardened-perth-2025-beyond-odyssey,"Gravy Bones, Shipwrecked Looter",Sunken Treasure,2
64575863,battle-hardened-perth-2025-beyond-odyssey,"Gravy Bones, Shipwrecked Looter",Swabbie,3
64575863,battle-hardened-perth-2025-beyond-odyssey,"Gravy Bones, Shipwrecked Looter",Swiftwater Sloop,0
64575863,battle-hardened-perth-2025-beyond-odyssey,"Gravy Bones, Shipwrecked Looter",Throw Caution to the Wind,0
64575863,battle-hardened-perth-2025-beyond-odyssey,"Gravy Bones, Shipwrecked Looter",Tip the Barkeep,3
64575863,battle-hardened-perth-2025-beyond-odyssey,"Gravy Bones, Shipwrecked Looter",Wailer Humperdinck,2
51535492,battle-hardened-perth-2025-beyond-odyssey,"Oscilio, Constella Intelligence",Aether Bindings of the Third Age,1
51535492,battle-hardened-perth-2025-beyond-odyssey,"Oscilio, Constella Intelligence",Aether Spindle,0
51535492,battle-hardened-perth-2025-beyond-odyssey,"Oscilio, Constella Intelligence",Battlefront Bastion,0
51535492,battle-hardened-perth-2025-beyond-odyssey,"Oscilio, Constella Intelligence",Blanch,0
51535492,battle-hardened-perth-2025-beyond-odyssey,"Oscilio, Constella Intelligence",Blast to Oblivion,3
51535492,battle-hardened-perth-2025-beyond-odyssey,"Oscilio, Constella Intelligence",Blast to Oblivion,3
51535492,battle-hardened-perth-2025-beyond-odyssey,"Oscilio, Constella Intelligence",Blink,3
51535492,battle-hardened-perth-2025-beyond-odyssey,"Oscilio, Constella Intelligence",Blossom of Spring,0
51535492,battle-hardened-perth-2025-beyond-odyssey,"Oscilio, Constella Intelligence",Burn Bare,3
51535492,battle-hardened-perth-2025-beyond-odyssey,"Oscilio, Constella Intelligence",Calming Breeze,2
51535492,battle-hardened-perth-2025-beyond-odyssey,"Oscilio, Constella Intelligence",Cap of Quick Thinking,1
51535492,battle-hardened-perth-2025-beyond-odyssey,"Oscilio, Constella Intelligence",Channel Lightning Valley,3
51535492,battle-hardened-perth-2025-beyond-odyssey,"Oscilio, Constella Intelligence",Comet Storm||Shock,3
51535492,battle-hardened-perth-2025-beyond-odyssey,"Oscilio, Constella Intelligence",Consign to Cosmos||Shock,3
51535492,battle-hardened-perth-2025-beyond-odyssey,"Oscilio, Constella Intelligence",Current Funnel,3
51535492,battle-hardened-perth-2025-beyond-odyssey,"Oscilio, Constella Intelligence",Destructive Aethertide,0
51535492,battle-hardened-perth-2025-beyond-odyssey,"Oscilio, Constella Intelligence",Eclectic Magnetism,3
51535492,battle-hardened-perth-2025-beyond-odyssey,"Oscilio, Constella Intelligence",Electromagnetic Somersault,3
51535492,battle-hardened-perth-2025-beyond-odyssey,"Oscilio, Constella Intelligence",Electrostatic Discharge,3
51535492,battle-hardened-perth-2025-beyond-odyssey,"Oscilio, Constella Intelligence",Etchings of Arcana,3
51535492,battle-hardened-perth-2025-beyond-odyssey,"Oscilio, Constella Intelligence",Flash of Brilliance,1
51535492,battle-hardened-perth-2025-beyond-odyssey,"Oscilio, Constella Intelligence",Flittering Charge,3
51535492,battle-hardened-perth-2025-beyond-odyssey,"Oscilio, Constella Intelligence",Fry,2
51535492,battle-hardened-perth-2025-beyond-odyssey,"Oscilio, Constella Intelligence",Fyendal's Spring Tunic,0
51535492,battle-hardened-perth-2025-beyond-odyssey,"Oscilio, Constella Intelligence",Glyph Overlay,2
51535492,battle-hardened-perth-2025-beyond-odyssey,"Oscilio, Constella Intelligence",Gone in a Flash,3
51535492,battle-hardened-perth-2025-beyond-odyssey,"Oscilio, Constella Intelligence",High Voltage,0
51535492,battle-hardened-perth-2025-beyond-odyssey,"Oscilio, Constella Intelligence",Lightning Greaves,1
51535492,battle-hardened-perth-2025-beyond-odyssey,"Oscilio, Constella Intelligence",Lightning Press,2
51535492,battle-hardened-perth-2025-beyond-odyssey,"Oscilio, Constella Intelligence",Mind Warp,3
51535492,battle-hardened-perth-2025-beyond-odyssey,"Oscilio, Constella Intelligence",Nullrune Hood,1
51535492,battle-hardened-perth-2025-beyond-odyssey,"Oscilio, Constella Intelligence",Null||Shock,2
51535492,battle-hardened-perth-2025-beyond-odyssey,"Oscilio, Constella Intelligence",Old Knocker,1
51535492,battle-hardened-perth-2025-beyond-odyssey,"Oscilio, Constella Intelligence",Scour,0
51535492,battle-hardened-perth-2025-beyond-odyssey,"Oscilio, Constella Intelligence",Shelter from the Storm,0
51535492,battle-hardened-perth-2025-beyond-odyssey,"Oscilio, Constella Intelligence",Shock Charmers,1
51535492,battle-hardened-perth-2025-beyond-odyssey,"Oscilio, Constella Intelligence",Sigil of Aether,2
51535492,battle-hardened-perth-2025-beyond-odyssey,"Oscilio, Constella Intelligence",Sigil of Brilliance,3
51535492,battle-hardened-perth-2025-beyond-odyssey,"Oscilio, Constella Intelligence",Sigil of Conductivity,3
51535492,battle-hardened-perth-2025-beyond-odyssey,"Oscilio, Constella Intelligence",Sigil of Lightning,3
51535492,battle-hardened-perth-2025-beyond-odyssey,"Oscilio, Constella Intelligence",Sigil of Solace,3
51535492,battle-hardened-perth-2025-beyond-odyssey,"Oscilio, Constella Intelligence",Sink Below,3
51535492,battle-hardened-perth-2025-beyond-odyssey,"Oscilio, Constella Intelligence",Snag,0
51535492,battle-hardened-perth-2025-beyond-odyssey,"Oscilio, Constella Intelligence","Volzar, the Lightning Rod",1
47246556,battle-hardened-perth-2025-beyond-odyssey,"Prism, Awakener of Sol",Angelic Wrath,3
47246556,battle-hardened-perth-2025-beyond-odyssey,"Prism, Awakener of Sol",Arc Light Sentinel,3
47246556,battle-hardened-perth-2025-beyond-odyssey,"Prism, Awakener of Sol",Calming Gesture,1
47246556,battle-hardened-perth-2025-beyond-odyssey,"Prism, Awakener of Sol",Celestial Cataclysm,0
47246556,battle-hardened-perth-2025-beyond-odyssey,"Prism, Awakener of Sol",Celestial Reprimand,0
47246556,battle-hardened-perth-2025-beyond-odyssey,"Prism, Awakener of Sol",Dream Weavers,1
47246556,battle-hardened-perth-2025-beyond-odyssey,"Prism, Awakener of Sol",Empyrean Rapture,1
47246556,battle-hardened-perth-2025-beyond-odyssey,"Prism, Awakener of Sol",Figment of Erudition,1
47246556,battle-hardened-perth-2025-beyond-odyssey,"Prism, Awakener of Sol",Figment of Judgment,1
47246556,battle-hardened-perth-2025-beyond-odyssey,"Prism, Awakener of Sol",Figment of Protection,1
47246556,battle-hardened-perth-2025-beyond-odyssey,"Prism, Awakener of Sol",Figment of Ravages,1
47246556,battle-hardened-perth-2025-beyond-odyssey,"Prism, Awakener of Sol",Figment of Rebirth,1
47246556,battle-hardened-perth-2025-beyond-odyssey,"Prism, Awakener of Sol",Figment of Tenacity,1
47246556,battle-hardened-perth-2025-beyond-odyssey,"Prism, Awakener of Sol",Figment of Triumph,1
47246556,battle-hardened-perth-2025-beyond-odyssey,"Prism, Awakener of Sol",Figment of War,1
47246556,battle-hardened-perth-2025-beyond-odyssey,"Prism, Awakener of Sol",Genesis,3
47246556,battle-hardened-perth-2025-beyond-odyssey,"Prism, Awakener of Sol",Great Library of Solana,1
47246556,battle-hardened-perth-2025-beyond-odyssey,"Prism, Awakener of Sol",Halo of Illumination,1
47246556,battle-hardened-perth-2025-beyond-odyssey,"Prism, Awakener of Sol",Herald of Erudition,3
47246556,battle-hardened-perth-2025-beyond-odyssey,"Prism, Awakener of Sol",Herald of Judgment,3
47246556,battle-hardened-perth-2025-beyond-odyssey,"Prism, Awakener of Sol",Herald of Protection,3
47246556,battle-hardened-perth-2025-beyond-odyssey,"Prism, Awakener of Sol",Herald of Protection,3
47246556,battle-hardened-perth-2025-beyond-odyssey,"Prism, Awakener of Sol",Herald of Protection,3
47246556,battle-hardened-perth-2025-beyond-odyssey,"Prism, Awakener of Sol",Herald of Ravages,1
47246556,battle-hardened-perth-2025-beyond-odyssey,"Prism, Awakener of Sol",Herald of Ravages,3
47246556,battle-hardened-perth-2025-beyond-odyssey,"Prism, Awakener of Sol",Herald of Rebirth,3
47246556,battle-hardened-perth-2025-beyond-odyssey,"Prism, Awakener of Sol",Herald of Sekem,0
47246556,battle-hardened-perth-2025-beyond-odyssey,"Prism, Awakener of Sol",Herald of Tenacity,0
47246556,battle-hardened-perth-2025-beyond-odyssey,"Prism, Awakener of Sol",Herald of Triumph,3
47246556,battle-hardened-perth-2025-beyond-odyssey,"Prism, Awakener of Sol",Herald of Triumph,3
47246556,battle-hardened-perth-2025-beyond-odyssey,"Prism, Awakener of Sol",Herald of Triumph,3
47246556,battle-hardened-perth-2025-beyond-odyssey,"Prism, Awakener of Sol",Light of Sol,1
47246556,battle-hardened-perth-2025-beyond-odyssey,"Prism, Awakener of Sol","Luminaris, Angel's Glow",1
47246556,battle-hardened-perth-2025-beyond-odyssey,"Prism, Awakener of Sol",Merciful Retribution,3
47246556,battle-hardened-perth-2025-beyond-odyssey,"Prism, Awakener of Sol",Passing Mirage,3
47246556,battle-hardened-perth-2025-beyond-odyssey,"Prism, Awakener of Sol",Phantasmal Footsteps,1
47246556,battle-hardened-perth-2025-beyond-odyssey,"Prism, Awakener of Sol",Pierce Reality,3
47246556,battle-hardened-perth-2025-beyond-odyssey,"Prism, Awakener of Sol",Soul Shield,3
47246556,battle-hardened-perth-2025-beyond-odyssey,"Prism, Awakener of Sol",That All You Got?,2
47246556,battle-hardened-perth-2025-beyond-odyssey,"Prism, Awakener of Sol",Vestige of Sol,1
47246556,battle-hardened-perth-2025-beyond-odyssey,"Prism, Awakener of Sol",Wartune Herald,3
47246556,battle-hardened-perth-2025-beyond-odyssey,"Prism, Awakener of Sol",Wartune Herald,3
47246556,battle-hardened-perth-2025-beyond-odyssey,"Prism, Awakener of Sol",Wartune Herald,3
98946681,battle-hardened-perth-2025-beyond-odyssey,Dash I/O,Achilles Accelerator,1
98946681,battle-hardened-perth-2025-beyond-odyssey,Dash I/O,Adaptive Plating,1
98946681,battle-hardened-perth-2025-beyond-odyssey,Dash I/O,Backup Protocol: RED,3
98946681,battle-hardened-perth-2025-beyond-odyssey,Dash I/O,Boom Grenade,3
98946681,battle-hardened-perth-2025-beyond-odyssey,Dash I/O,Boom Grenade,3
98946681,battle-hardened-perth-2025-beyond-odyssey,Dash I/O,Cerebellum Processor,3
98946681,battle-hardened-perth-2025-beyond-odyssey,Dash I/O,Cogwerx Tinker Rings,1
98946681,battle-hardened-perth-2025-beyond-odyssey,Dash I/O,Convection Amplifier,1
98946681,battle-hardened-perth-2025-beyond-odyssey,Dash I/O,Crown of Providence,1
98946681,battle-hardened-perth-2025-beyond-odyssey,Dash I/O,Expedite,3
98946681,battle-hardened-perth-2025-beyond-odyssey,Dash I/O,Fast and Furious,3
98946681,battle-hardened-perth-2025-beyond-odyssey,Dash I/O,Goliath Gauntlet,1
98946681,battle-hardened-perth-2025-beyond-odyssey,Dash I/O,Hanabi Blaster,1
98946681,battle-hardened-perth-2025-beyond-odyssey,Dash I/O,Heavy Industry Gear Shift,0
98946681,battle-hardened-perth-2025-beyond-odyssey,Dash I/O,Heist,2
98946681,battle-hardened-perth-2025-beyond-odyssey,Dash I/O,Maximum Velocity,3
98946681,battle-hardened-perth-2025-beyond-odyssey,Dash I/O,Null Time Zone,2
98946681,battle-hardened-perth-2025-beyond-odyssey,Dash I/O,Out Pace,3
98946681,battle-hardened-perth-2025-beyond-odyssey,Dash I/O,Pulsewave Harpoon,3
98946681,battle-hardened-perth-2025-beyond-odyssey,Dash I/O,Spark of Genius,3
98946681,battle-hardened-perth-2025-beyond-odyssey,Dash I/O,Sprocket Rocket,3
98946681,battle-hardened-perth-2025-beyond-odyssey,Dash I/O,Symbiosis Shot,1
98946681,battle-hardened-perth-2025-beyond-odyssey,Dash I/O,T-Bone,3
98946681,battle-hardened-perth-2025-beyond-odyssey,Dash I/O,T-Bone,3
98946681,battle-hardened-perth-2025-beyond-odyssey,Dash I/O,Teklo Core,3
98946681,battle-hardened-perth-2025-beyond-odyssey,Dash I/O,Teklo Foundry Heart,1
98946681,battle-hardened-perth-2025-beyond-odyssey,Dash I/O,Teklo Pounder,3
98946681,battle-hardened-perth-2025-beyond-odyssey,Dash I/O,Throttle,3
98946681,battle-hardened-perth-2025-beyond-odyssey,Dash I/O,Tick Tock Clock,0
98946681,battle-hardened-perth-2025-beyond-odyssey,Dash I/O,Viziertronic Model i,1
98946681,battle-hardened-perth-2025-beyond-odyssey,Dash I/O,Zero to Sixty,3
98946681,battle-hardened-perth-2025-beyond-odyssey,Dash I/O,Zero to Sixty,3
98946681,battle-hardened-perth-2025-beyond-odyssey,Dash I/O,Zero to Sixty,3
98946681,battle-hardened-perth-2025-beyond-odyssey,Dash I/O,Zipper Hit,3
98946681,battle-hardened-perth-2025-beyond-odyssey,Dash I/O,Zipper Hit,3
98946681,battle-hardened-perth-2025-beyond-odyssey,Dash I/O,Zipper Hit,3
22834677,battle-hardened-perth-2025-beyond-odyssey,"Valda, Seismic Impact",Aftershock,3
22834677,battle-hardened-perth-2025-beyond-odyssey,"Valda, Seismic Impact",Anothos,0
22834677,battle-hardened-perth-2025-beyond-odyssey,"Valda, Seismic Impact",Batter to a Pulp,3
22834677,battle-hardened-perth-2025-beyond-odyssey,"Valda, Seismic Impact",Blinding of the Old Ones,2
22834677,battle-hardened-perth-2025-beyond-odyssey,"Valda, Seismic Impact",Chokeslam,3
22834677,battle-hardened-perth-2025-beyond-odyssey,"Valda, Seismic Impact",Civic Steps,0
22834677,battle-hardened-perth-2025-beyond-odyssey,"Valda, Seismic Impact",Cranial Crush,3
22834677,battle-hardened-perth-2025-beyond-odyssey,"Valda, Seismic Impact",Crash and Bash,3
22834677,battle-hardened-perth-2025-beyond-odyssey,"Valda, Seismic Impact",Crown of Providence,1
22834677,battle-hardened-perth-2025-beyond-odyssey,"Valda, Seismic Impact",Crush the Weak,3
22834677,battle-hardened-perth-2025-beyond-odyssey,"Valda, Seismic Impact",Debilitate,3
22834677,battle-hardened-perth-2025-beyond-odyssey,"Valda, Seismic Impact",Disable,3
22834677,battle-hardened-perth-2025-beyond-odyssey,"Valda, Seismic Impact",Enlightened Strike,3
22834677,battle-hardened-perth-2025-beyond-odyssey,"Valda, Seismic Impact",Fault Line,3
22834677,battle-hardened-perth-2025-beyond-odyssey,"Valda, Seismic Impact",Gauntlets of Iron Will,1
22834677,battle-hardened-perth-2025-beyond-odyssey,"Valda, Seismic Impact",Headbutt,3
22834677,battle-hardened-perth-2025-beyond-odyssey,"Valda, Seismic Impact",Imposing Visage,3
22834677,battle-hardened-perth-2025-beyond-odyssey,"Valda, Seismic Impact",Ley Line of the Old Ones,1
22834677,battle-hardened-perth-2025-beyond-odyssey,"Valda, Seismic Impact",Macho Grande,0
22834677,battle-hardened-perth-2025-beyond-odyssey,"Valda, Seismic Impact",Nullrune Boots,0
22834677,battle-hardened-perth-2025-beyond-odyssey,"Valda, Seismic Impact",Nullrune Gloves,1
22834677,battle-hardened-perth-2025-beyond-odyssey,"Valda, Seismic Impact",Nullrune Hood,1
22834677,battle-hardened-perth-2025-beyond-odyssey,"Valda, Seismic Impact",Outed,0
22834677,battle-hardened-perth-2025-beyond-odyssey,"Valda, Seismic Impact",Promising Terrain,3
22834677,battle-hardened-perth-2025-beyond-odyssey,"Valda, Seismic Impact",Pummel,3
22834677,battle-hardened-perth-2025-beyond-odyssey,"Valda, Seismic Impact",Put 'Em In Their Place,3
22834677,battle-hardened-perth-2025-beyond-odyssey,"Valda, Seismic Impact",Quickdodge Flexors,1
22834677,battle-hardened-perth-2025-beyond-odyssey,"Valda, Seismic Impact",Roiling Fissure,3
22834677,battle-hardened-perth-2025-beyond-odyssey,"Valda, Seismic Impact",Rubble Raiser,0
22834677,battle-hardened-perth-2025-beyond-odyssey,"Valda, Seismic Impact",Seismic Eruption,3
22834677,battle-hardened-perth-2025-beyond-odyssey,"Valda, Seismic Impact",Shelter from the Storm,0
22834677,battle-hardened-perth-2025-beyond-odyssey,"Valda, Seismic Impact",Sink Below,0
22834677,battle-hardened-perth-2025-beyond-odyssey,"Valda, Seismic Impact",Snag,0
22834677,battle-hardened-perth-2025-beyond-odyssey,"Valda, Seismic Impact",Solid Ground,3
22834677,battle-hardened-perth-2025-beyond-odyssey,"Valda, Seismic Impact",Spinal Crush,3
22834677,battle-hardened-perth-2025-beyond-odyssey,"Valda, Seismic Impact",Staunch Response,3
22834677,battle-hardened-perth-2025-beyond-odyssey,"Valda, Seismic Impact",Surface Shaking,3
22834677,battle-hardened-perth-2025-beyond-odyssey,"Valda, Seismic Impact",Tear Asunder,0
22834677,battle-hardened-perth-2025-beyond-odyssey,"Valda, Seismic Impact",Tectonic Instability,3
22834677,battle-hardened-perth-2025-beyond-odyssey,"Valda, Seismic Impact",Tectonic Plating,1
22834677,battle-hardened-perth-2025-beyond-odyssey,"Valda, Seismic Impact",Testament of Valahai,1
22834677,battle-hardened-perth-2025-beyond-odyssey,"Valda, Seismic Impact",Thunder Quake,3
22834677,battle-hardened-perth-2025-beyond-odyssey,"Valda, Seismic Impact",Time Skippers,0
22834677,battle-hardened-perth-2025-beyond-odyssey,"Valda, Seismic Impact",Titan's Fist,1
22834677,battle-hardened-perth-2025-beyond-odyssey,"Valda, Seismic Impact",Zealous Belting,0
23737341,battle-hardened-perth-2025-beyond-odyssey,"Verdance, Thorn of the Rose",Aether Arc,0
23737341,battle-hardened-perth-2025-beyond-odyssey,"Verdance, Thorn of the Rose",Alluvion Constellas,0
23737341,battle-hardened-perth-2025-beyond-odyssey,"Verdance, Thorn of the Rose",Arcane Twining,3
23737341,battle-hardened-perth-2025-beyond-odyssey,"Verdance, Thorn of the Rose",Autumn's Touch,3
23737341,battle-hardened-perth-2025-beyond-odyssey,"Verdance, Thorn of the Rose",Barkskin of the Millennium Tree,1
23737341,battle-hardened-perth-2025-beyond-odyssey,"Verdance, Thorn of the Rose",Blanch,1
23737341,battle-hardened-perth-2025-beyond-odyssey,"Verdance, Thorn of the Rose",Burn Bare,3
23737341,battle-hardened-perth-2025-beyond-odyssey,"Verdance, Thorn of the Rose",Cadaverous Tilling,0
23737341,battle-hardened-perth-2025-beyond-odyssey,"Verdance, Thorn of the Rose",Channel the Millennium Tree,3
23737341,battle-hardened-perth-2025-beyond-odyssey,"Verdance, Thorn of the Rose",Command and Conquer,0
23737341,battle-hardened-perth-2025-beyond-odyssey,"Verdance, Thorn of the Rose",Crown of Providence,1
23737341,battle-hardened-perth-2025-beyond-odyssey,"Verdance, Thorn of the Rose",Destructive Aethertide,0
23737341,battle-hardened-perth-2025-beyond-odyssey,"Verdance, Thorn of the Rose",Earth Form,1
23737341,battle-hardened-perth-2025-beyond-odyssey,"Verdance, Thorn of the Rose",Emeritus Scolding,3
23737341,battle-hardened-perth-2025-beyond-odyssey,"Verdance, Thorn of the Rose",Enlightened Strike,0
23737341,battle-hardened-perth-2025-beyond-odyssey,"Verdance, Thorn of the Rose",Everbloom||Life,3
23737341,battle-hardened-perth-2025-beyond-odyssey,"Verdance, Thorn of the Rose",Felling of the Crown,3
23737341,battle-hardened-perth-2025-beyond-odyssey,"Verdance, Thorn of the Rose",Fruits of the Forest,3
23737341,battle-hardened-perth-2025-beyond-odyssey,"Verdance, Thorn of the Rose",Goliath Gauntlet,0
23737341,battle-hardened-perth-2025-beyond-odyssey,"Verdance, Thorn of the Rose",Healing Potion,3
23737341,battle-hardened-perth-2025-beyond-odyssey,"Verdance, Thorn of the Rose",Heartbeat of Candlehold,3
23737341,battle-hardened-perth-2025-beyond-odyssey,"Verdance, Thorn of the Rose",Mental Block,3
23737341,battle-hardened-perth-2025-beyond-odyssey,"Verdance, Thorn of the Rose",Metacarpus Node,1
23737341,battle-hardened-perth-2025-beyond-odyssey,"Verdance, Thorn of the Rose",Mind Warp,0
23737341,battle-hardened-perth-2025-beyond-odyssey,"Verdance, Thorn of the Rose",Nourishing Emptiness,3
23737341,battle-hardened-perth-2025-beyond-odyssey,"Verdance, Thorn of the Rose",Outed,0
23737341,battle-hardened-perth-2025-beyond-odyssey,"Verdance, Thorn of the Rose",Overflow the Aetherwell,2
23737341,battle-hardened-perth-2025-beyond-odyssey,"Verdance, Thorn of the Rose",Plow Under,3
23737341,battle-hardened-perth-2025-beyond-odyssey,"Verdance, Thorn of the Rose",Plume of Evergrowth,1
23737341,battle-hardened-perth-2025-beyond-odyssey,"Verdance, Thorn of the Rose",Pounamu Amulet,1
23737341,battle-hardened-perth-2025-beyond-odyssey,"Verdance, Thorn of the Rose",Pulsing Aether||Life,3
23737341,battle-hardened-perth-2025-beyond-odyssey,"Verdance, Thorn of the Rose",Rampant Growth||Life,3
23737341,battle-hardened-perth-2025-beyond-odyssey,"Verdance, Thorn of the Rose",Ring of Roses,1
23737341,battle-hardened-perth-2025-beyond-odyssey,"Verdance, Thorn of the Rose",Rootbound Carapace,3
23737341,battle-hardened-perth-2025-beyond-odyssey,"Verdance, Thorn of the Rose",Rootbound Carapace,3
23737341,battle-hardened-perth-2025-beyond-odyssey,"Verdance, Thorn of the Rose",Rootbound Carapace,3
23737341,battle-hardened-perth-2025-beyond-odyssey,"Verdance, Thorn of the Rose",Rowdy Locals,0
23737341,battle-hardened-perth-2025-beyond-odyssey,"Verdance, Thorn of the Rose",Scour,3
23737341,battle-hardened-perth-2025-beyond-odyssey,"Verdance, Thorn of the Rose",Seeds of Tomorrow,1
23737341,battle-hardened-perth-2025-beyond-odyssey,"Verdance, Thorn of the Rose",Shelter from the Storm,3
23737341,battle-hardened-perth-2025-beyond-odyssey,"Verdance, Thorn of the Rose",Sink Below,0
23737341,battle-hardened-perth-2025-beyond-odyssey,"Verdance, Thorn of the Rose",Snag,0
23737341,battle-hardened-perth-2025-beyond-odyssey,"Verdance, Thorn of the Rose",Snapback,3
23737341,battle-hardened-perth-2025-beyond-odyssey,"Verdance, Thorn of the Rose",Sow Tomorrow,2
23737341,battle-hardened-perth-2025-beyond-odyssey,"Verdance, Thorn of the Rose",Stonewall Gauntlet,1
23737341,battle-hardened-perth-2025-beyond-odyssey,"Verdance, Thorn of the Rose",Storm Striders,1
23737341,battle-hardened-perth-2025-beyond-odyssey,"Verdance, Thorn of the Rose",Summer's Fall,1
23737341,battle-hardened-perth-2025-beyond-odyssey,"Verdance, Thorn of the Rose",Surgent Aethertide,0
23737341,battle-hardened-perth-2025-beyond-odyssey,"Verdance, Thorn of the Rose",Waning Moon,1
23737341,battle-hardened-perth-2025-beyond-odyssey,"Verdance, Thorn of the Rose",Warmonger's Diplomacy,0
77732311,battle-hardened-perth-2025-beyond-odyssey,"Kayo, Armed and Dangerous",Agile Windup,3
77732311,battle-hardened-perth-2025-beyond-odyssey,"Kayo, Armed and Dangerous",Apex Bonebreaker,1
77732311,battle-hardened-perth-2025-beyond-odyssey,"Kayo, Armed and Dangerous",Assault and Battery,3
77732311,battle-hardened-perth-2025-beyond-odyssey,"Kayo, Armed and Dangerous",Balance of Justice,1
77732311,battle-hardened-perth-2025-beyond-odyssey,"Kayo, Armed and Dangerous",Bare Fangs,3
77732311,battle-hardened-perth-2025-beyond-odyssey,"Kayo, Armed and Dangerous",Beast Within,3
77732311,battle-hardened-perth-2025-beyond-odyssey,"Kayo, Armed and Dangerous",Beaten Trackers,1
77732311,battle-hardened-perth-2025-beyond-odyssey,"Kayo, Armed and Dangerous",Blanch,3
77732311,battle-hardened-perth-2025-beyond-odyssey,"Kayo, Armed and Dangerous",Bloodrush Bellow,3
77732311,battle-hardened-perth-2025-beyond-odyssey,"Kayo, Armed and Dangerous",Cast Bones,3
77732311,battle-hardened-perth-2025-beyond-odyssey,"Kayo, Armed and Dangerous",Censor,3
77732311,battle-hardened-perth-2025-beyond-odyssey,"Kayo, Armed and Dangerous",Clash of Agility,1
77732311,battle-hardened-perth-2025-beyond-odyssey,"Kayo, Armed and Dangerous",Clash of Might,2
77732311,battle-hardened-perth-2025-beyond-odyssey,"Kayo, Armed and Dangerous",Command and Conquer,3
77732311,battle-hardened-perth-2025-beyond-odyssey,"Kayo, Armed and Dangerous",Fyendal's Spring Tunic,1
77732311,battle-hardened-perth-2025-beyond-odyssey,"Kayo, Armed and Dangerous",Gambler's Gloves,1
77732311,battle-hardened-perth-2025-beyond-odyssey,"Kayo, Armed and Dangerous",Mandible Claw,1
77732311,battle-hardened-perth-2025-beyond-odyssey,"Kayo, Armed and Dangerous",Mighty Windup,3
77732311,battle-hardened-perth-2025-beyond-odyssey,"Kayo, Armed and Dangerous",Nullrune Gloves,1
77732311,battle-hardened-perth-2025-beyond-odyssey,"Kayo, Armed and Dangerous",Pulping,3
77732311,battle-hardened-perth-2025-beyond-odyssey,"Kayo, Armed and Dangerous",Reckless Swing,1
77732311,battle-hardened-perth-2025-beyond-odyssey,"Kayo, Armed and Dangerous",Riled Up,3
77732311,battle-hardened-perth-2025-beyond-odyssey,"Kayo, Armed and Dangerous",Run Roughshod,3
77732311,battle-hardened-perth-2025-beyond-odyssey,"Kayo, Armed and Dangerous",Savage Feast,3
77732311,battle-hardened-perth-2025-beyond-odyssey,"Kayo, Armed and Dangerous",Savage Sash,1
77732311,battle-hardened-perth-2025-beyond-odyssey,"Kayo, Armed and Dangerous",Scabskin Leathers,1
77732311,battle-hardened-perth-2025-beyond-odyssey,"Kayo, Armed and Dangerous",Scowling Flesh Bag,1
77732311,battle-hardened-perth-2025-beyond-odyssey,"Kayo, Armed and Dangerous",Sea Legs,3
77732311,battle-hardened-perth-2025-beyond-odyssey,"Kayo, Armed and Dangerous",Send Packing,3
77732311,battle-hardened-perth-2025-beyond-odyssey,"Kayo, Armed and Dangerous",Skullhorn,1
77732311,battle-hardened-perth-2025-beyond-odyssey,"Kayo, Armed and Dangerous",Smash Instinct,3
77732311,battle-hardened-perth-2025-beyond-odyssey,"Kayo, Armed and Dangerous",Smashing Performance,2
77732311,battle-hardened-perth-2025-beyond-odyssey,"Kayo, Armed and Dangerous",Swing Big,3
77732311,battle-hardened-perth-2025-beyond-odyssey,"Kayo, Armed and Dangerous",Wild Ride,3
77732311,battle-hardened-perth-2025-beyond-odyssey,"Kayo, Armed and Dangerous",Wild Ride,3
77732311,battle-hardened-perth-2025-beyond-odyssey,"Kayo, Armed and Dangerous",Wrecker Romp,3
48776769,battle-hardened-perth-2025-beyond-odyssey,"Gravy Bones, Shipwrecked Looter",Amnesia,0
48776769,battle-hardened-perth-2025-beyond-odyssey,"Gravy Bones, Shipwrecked Looter","Anka, Drag Under",0
48776769,battle-hardened-perth-2025-beyond-odyssey,"Gravy Bones, Shipwrecked Looter",Avast Ye!,3
48776769,battle-hardened-perth-2025-beyond-odyssey,"Gravy Bones, Shipwrecked Looter",Back Alley Breakline,2
48776769,battle-hardened-perth-2025-beyond-odyssey,"Gravy Bones, Shipwrecked Looter",Balance of Justice,1
48776769,battle-hardened-perth-2025-beyond-odyssey,"Gravy Bones, Shipwrecked Looter",Blood in the Water,3
48776769,battle-hardened-perth-2025-beyond-odyssey,"Gravy Bones, Shipwrecked Looter",Call for Backup,0
48776769,battle-hardened-perth-2025-beyond-odyssey,"Gravy Bones, Shipwrecked Looter",Call to the Grave,3
48776769,battle-hardened-perth-2025-beyond-odyssey,"Gravy Bones, Shipwrecked Looter",Chart the High Seas,3
48776769,battle-hardened-perth-2025-beyond-odyssey,"Gravy Bones, Shipwrecked Looter","Chum, Friendly First Mate",3
48776769,battle-hardened-perth-2025-beyond-odyssey,"Gravy Bones, Shipwrecked Looter",Command and Conquer,0
48776769,battle-hardened-perth-2025-beyond-odyssey,"Gravy Bones, Shipwrecked Looter",Compass of Sunken Depths,1
48776769,battle-hardened-perth-2025-beyond-odyssey,"Gravy Bones, Shipwrecked Looter",Conqueror of the High Seas,3
48776769,battle-hardened-perth-2025-beyond-odyssey,"Gravy Bones, Shipwrecked Looter",Crown of Dominion,0
48776769,battle-hardened-perth-2025-beyond-odyssey,"Gravy Bones, Shipwrecked Looter",Crown of Providence,1
48776769,battle-hardened-perth-2025-beyond-odyssey,"Gravy Bones, Shipwrecked Looter","Cutty Shark, Quick Clip",0
48776769,battle-hardened-perth-2025-beyond-odyssey,"Gravy Bones, Shipwrecked Looter",Dead Threads,1
48776769,battle-hardened-perth-2025-beyond-odyssey,"Gravy Bones, Shipwrecked Looter",Diamond Amulet,0
48776769,battle-hardened-perth-2025-beyond-odyssey,"Gravy Bones, Shipwrecked Looter",Eye of Ophidia,1
48776769,battle-hardened-perth-2025-beyond-odyssey,"Gravy Bones, Shipwrecked Looter",Fearless Confrontation,0
48776769,battle-hardened-perth-2025-beyond-odyssey,"Gravy Bones, Shipwrecked Looter",Flying High,0
48776769,battle-hardened-perth-2025-beyond-odyssey,"Gravy Bones, Shipwrecked Looter",Give No Quarter,1
48776769,battle-hardened-perth-2025-beyond-odyssey,"Gravy Bones, Shipwrecked Looter",Gold-Baited Hook,1
48776769,battle-hardened-perth-2025-beyond-odyssey,"Gravy Bones, Shipwrecked Looter",Golden Tipple,3
48776769,battle-hardened-perth-2025-beyond-odyssey,"Gravy Bones, Shipwrecked Looter",Golden Tipple,3
48776769,battle-hardened-perth-2025-beyond-odyssey,"Gravy Bones, Shipwrecked Looter",Golden Tipple,3
48776769,battle-hardened-perth-2025-beyond-odyssey,"Gravy Bones, Shipwrecked Looter",Lead the Charge,0
48776769,battle-hardened-perth-2025-beyond-odyssey,"Gravy Bones, Shipwrecked Looter","Limpit, Hop-a-long",0
48776769,battle-hardened-perth-2025-beyond-odyssey,"Gravy Bones, Shipwrecked Looter",Loot the Hold,3
48776769,battle-hardened-perth-2025-beyond-odyssey,"Gravy Bones, Shipwrecked Looter",Mage Master Boots,1
48776769,battle-hardened-perth-2025-beyond-odyssey,"Gravy Bones, Shipwrecked Looter",Murderous Rabble,3
48776769,battle-hardened-perth-2025-beyond-odyssey,"Gravy Bones, Shipwrecked Looter",Nullrune Boots,1
48776769,battle-hardened-perth-2025-beyond-odyssey,"Gravy Bones, Shipwrecked Looter",Nullrune Gloves,1
48776769,battle-hardened-perth-2025-beyond-odyssey,"Gravy Bones, Shipwrecked Looter",Nullrune Hood,1
48776769,battle-hardened-perth-2025-beyond-odyssey,"Gravy Bones, Shipwrecked Looter",Oasis Respite,0
48776769,battle-hardened-perth-2025-beyond-odyssey,"Gravy Bones, Shipwrecked Looter","Oysten, Heart of Gold",1
48776769,battle-hardened-perth-2025-beyond-odyssey,"Gravy Bones, Shipwrecked Looter",Pearl Amulet,0
48776769,battle-hardened-perth-2025-beyond-odyssey,"Gravy Bones, Shipwrecked Looter",Portside Exchange,3
48776769,battle-hardened-perth-2025-beyond-odyssey,"Gravy Bones, Shipwrecked Looter",Prismatic Leyline,2
48776769,battle-hardened-perth-2025-beyond-odyssey,"Gravy Bones, Shipwrecked Looter",Quickdodge Flexors,1
48776769,battle-hardened-perth-2025-beyond-odyssey,"Gravy Bones, Shipwrecked Looter",Riggermortis,3
48776769,battle-hardened-perth-2025-beyond-odyssey,"Gravy Bones, Shipwrecked Looter",Saltwater Swell,3
48776769,battle-hardened-perth-2025-beyond-odyssey,"Gravy Bones, Shipwrecked Looter",Saltwater Swell,3
48776769,battle-hardened-perth-2025-beyond-odyssey,"Gravy Bones, Shipwrecked Looter","Sawbones, Dockhand",3
48776769,battle-hardened-perth-2025-beyond-odyssey,"Gravy Bones, Shipwrecked Looter","Scooba, Salty Sea Dog",1
48776769,battle-hardened-perth-2025-beyond-odyssey,"Gravy Bones, Shipwrecked Looter",Sea Legs,2
48776769,battle-hardened-perth-2025-beyond-odyssey,"Gravy Bones, Shipwrecked Looter",Snag,1
48776769,battle-hardened-perth-2025-beyond-odyssey,"Gravy Bones, Shipwrecked Looter",Sunken Treasure,3
48776769,battle-hardened-perth-2025-beyond-odyssey,"Gravy Bones, Shipwrecked Looter",Swabbie,3
48776769,battle-hardened-perth-2025-beyond-odyssey,"Gravy Bones, Shipwrecked Looter",Swiftwater Sloop,1
48776769,battle-hardened-perth-2025-beyond-odyssey,"Gravy Bones, Shipwrecked Looter",Throw Caution to the Wind,0
48776769,battle-hardened-perth-2025-beyond-odyssey,"Gravy Bones, Shipwrecked Looter",Tip the Barkeep,3
48776769,battle-hardened-perth-2025-beyond-odyssey,"Gravy Bones, Shipwrecked Looter",Wailer Humperdinck,1
28864756,battle-hardened-perth-2025-beyond-odyssey,"Ira, Scarlet Revenger",Ancestral Empowerment,0
28864756,battle-hardened-perth-2025-beyond-odyssey,"Ira, Scarlet Revenger",Arcane Compliance,0
28864756,battle-hardened-perth-2025-beyond-odyssey,"Ira, Scarlet Revenger",Aspect of Tiger: Body,0
28864756,battle-hardened-perth-2025-beyond-odyssey,"Ira, Scarlet Revenger",Aspect of Tiger: Mind,3
28864756,battle-hardened-perth-2025-beyond-odyssey,"Ira, Scarlet Revenger",Battlefront Bastion,0
28864756,battle-hardened-perth-2025-beyond-odyssey,"Ira, Scarlet Revenger",Biting Breeze,0
28864756,battle-hardened-perth-2025-beyond-odyssey,"Ira, Scarlet Revenger",Bittering Thorns,3
28864756,battle-hardened-perth-2025-beyond-odyssey,"Ira, Scarlet Revenger",Blanch,0
28864756,battle-hardened-perth-2025-beyond-odyssey,"Ira, Scarlet Revenger",Blazen Yoroi,0
28864756,battle-hardened-perth-2025-beyond-odyssey,"Ira, Scarlet Revenger",Breeze Rider Boots,0
28864756,battle-hardened-perth-2025-beyond-odyssey,"Ira, Scarlet Revenger",Calming Breeze,0
28864756,battle-hardened-perth-2025-beyond-odyssey,"Ira, Scarlet Revenger",Censor,0
28864756,battle-hardened-perth-2025-beyond-odyssey,"Ira, Scarlet Revenger",Chase the Tail,0
28864756,battle-hardened-perth-2025-beyond-odyssey,"Ira, Scarlet Revenger",Command and Conquer,3
28864756,battle-hardened-perth-2025-beyond-odyssey,"Ira, Scarlet Revenger",Crane Dance,0
28864756,battle-hardened-perth-2025-beyond-odyssey,"Ira, Scarlet Revenger",Cut Through,3
28864756,battle-hardened-perth-2025-beyond-odyssey,"Ira, Scarlet Revenger",Double Strike,3
28864756,battle-hardened-perth-2025-beyond-odyssey,"Ira, Scarlet Revenger",Dual Threat,0
28864756,battle-hardened-perth-2025-beyond-odyssey,"Ira, Scarlet Revenger",Edge of Autumn,0
28864756,battle-hardened-perth-2025-beyond-odyssey,"Ira, Scarlet Revenger",Enact Vengeance,0
28864756,battle-hardened-perth-2025-beyond-odyssey,"Ira, Scarlet Revenger",Enlightened Strike,3
28864756,battle-hardened-perth-2025-beyond-odyssey,"Ira, Scarlet Revenger",Erase Face,3
28864756,battle-hardened-perth-2025-beyond-odyssey,"Ira, Scarlet Revenger",Even Bigger Than That!,0
28864756,battle-hardened-perth-2025-beyond-odyssey,"Ira, Scarlet Revenger",Fate Foreseen,0
28864756,battle-hardened-perth-2025-beyond-odyssey,"Ira, Scarlet Revenger",Flic Flak,3
28864756,battle-hardened-perth-2025-beyond-odyssey,"Ira, Scarlet Revenger",Fyendal's Spring Tunic,1
28864756,battle-hardened-perth-2025-beyond-odyssey,"Ira, Scarlet Revenger",Give and Take,0
28864756,battle-hardened-perth-2025-beyond-odyssey,"Ira, Scarlet Revenger",Growl,0
28864756,battle-hardened-perth-2025-beyond-odyssey,"Ira, Scarlet Revenger",Harmonized Kodachi,2
28864756,battle-hardened-perth-2025-beyond-odyssey,"Ira, Scarlet Revenger",Humble,0
28864756,battle-hardened-perth-2025-beyond-odyssey,"Ira, Scarlet Revenger",Iris of the Blossom,0
28864756,battle-hardened-perth-2025-beyond-odyssey,"Ira, Scarlet Revenger",Legacy of Ikaru,3
28864756,battle-hardened-perth-2025-beyond-odyssey,"Ira, Scarlet Revenger",Looking for a Scrap,3
28864756,battle-hardened-perth-2025-beyond-odyssey,"Ira, Scarlet Revenger",Mask of Momentum,1
28864756,battle-hardened-perth-2025-beyond-odyssey,"Ira, Scarlet Revenger",Mauling Qi,0
28864756,battle-hardened-perth-2025-beyond-odyssey,"Ira, Scarlet Revenger",Nip at the Heels,0
28864756,battle-hardened-perth-2025-beyond-odyssey,"Ira, Scarlet Revenger",Nullrune Gloves,1
28864756,battle-hardened-perth-2025-beyond-odyssey,"Ira, Scarlet Revenger",Nullrune Hood,0
28864756,battle-hardened-perth-2025-beyond-odyssey,"Ira, Scarlet Revenger",Okana Scar Wraps,0
28864756,battle-hardened-perth-2025-beyond-odyssey,"Ira, Scarlet Revenger",One-Two Punch,3
28864756,battle-hardened-perth-2025-beyond-odyssey,"Ira, Scarlet Revenger",Pain in the Backside,3
28864756,battle-hardened-perth-2025-beyond-odyssey,"Ira, Scarlet Revenger",Poisoned Blade,3
28864756,battle-hardened-perth-2025-beyond-odyssey,"Ira, Scarlet Revenger",Pouncing Paws,0
28864756,battle-hardened-perth-2025-beyond-odyssey,"Ira, Scarlet Revenger",Pouncing Qi,3
28864756,battle-hardened-perth-2025-beyond-odyssey,"Ira, Scarlet Revenger",Pursuit of Knowledge,0
28864756,battle-hardened-perth-2025-beyond-odyssey,"Ira, Scarlet Revenger",Qi Unleashed,0
28864756,battle-hardened-perth-2025-beyond-odyssey,"Ira, Scarlet Revenger",Razor Reflex,0
28864756,battle-hardened-perth-2025-beyond-odyssey,"Ira, Scarlet Revenger",Recoil,0
28864756,battle-hardened-perth-2025-beyond-odyssey,"Ira, Scarlet Revenger",Ripple Away,0
28864756,battle-hardened-perth-2025-beyond-odyssey,"Ira, Scarlet Revenger",Rising Knee Thrust,0
28864756,battle-hardened-perth-2025-beyond-odyssey,"Ira, Scarlet Revenger",Robe of Autumn's Fall,0
28864756,battle-hardened-perth-2025-beyond-odyssey,"Ira, Scarlet Revenger",Rowdy Locals,0
28864756,battle-hardened-perth-2025-beyond-odyssey,"Ira, Scarlet Revenger",Rushing River,3
28864756,battle-hardened-perth-2025-beyond-odyssey,"Ira, Scarlet Revenger",Scar for a Scar,3
28864756,battle-hardened-perth-2025-beyond-odyssey,"Ira, Scarlet Revenger",Seek Vengeance,0
28864756,battle-hardened-perth-2025-beyond-odyssey,"Ira, Scarlet Revenger",Shelter from the Storm,0
28864756,battle-hardened-perth-2025-beyond-odyssey,"Ira, Scarlet Revenger",Sigil of Solace,0
28864756,battle-hardened-perth-2025-beyond-odyssey,"Ira, Scarlet Revenger",Sink Below,3
28864756,battle-hardened-perth-2025-beyond-odyssey,"Ira, Scarlet Revenger",Sirens of Safe Harbor,3
28864756,battle-hardened-perth-2025-beyond-odyssey,"Ira, Scarlet Revenger",Snag,0
28864756,battle-hardened-perth-2025-beyond-odyssey,"Ira, Scarlet Revenger",Snapdragon Scalers,1
28864756,battle-hardened-perth-2025-beyond-odyssey,"Ira, Scarlet Revenger",Snatch,3
28864756,battle-hardened-perth-2025-beyond-odyssey,"Ira, Scarlet Revenger",Soulbead Strike,0
28864756,battle-hardened-perth-2025-beyond-odyssey,"Ira, Scarlet Revenger",Sound the Alarm,0
28864756,battle-hardened-perth-2025-beyond-odyssey,"Ira, Scarlet Revenger",Stab Wound,3
28864756,battle-hardened-perth-2025-beyond-odyssey,"Ira, Scarlet Revenger",Take the Tempo,3
28864756,battle-hardened-perth-2025-beyond-odyssey,"Ira, Scarlet Revenger",The Weakest Link,1
28864756,battle-hardened-perth-2025-beyond-odyssey,"Ira, Scarlet Revenger",Tide Flippers,0
28864756,battle-hardened-perth-2025-beyond-odyssey,"Ira, Scarlet Revenger",Tiger Eye Reflex,0
28864756,battle-hardened-perth-2025-beyond-odyssey,"Ira, Scarlet Revenger",Tiger Stripe Shuko,1
28864756,battle-hardened-perth-2025-beyond-odyssey,"Ira, Scarlet Revenger",Torrent of Tempo,3
28864756,battle-hardened-perth-2025-beyond-odyssey,"Ira, Scarlet Revenger",Up Sticks and Run,3
28864756,battle-hardened-perth-2025-beyond-odyssey,"Ira, Scarlet Revenger",Vengeance Never Rests,0
28864756,battle-hardened-perth-2025-beyond-odyssey,"Ira, Scarlet Revenger",Whelming Gustwave,0
28864756,battle-hardened-perth-2025-beyond-odyssey,"Ira, Scarlet Revenger",Whirling Mist Blossom,3
55129165,battle-hardened-perth-2025-beyond-odyssey,"Arakni, 5L!p3d 7hRu 7h3 cR4X",Art of Desire: Body,3
55129165,battle-hardened-perth-2025-beyond-odyssey,"Arakni, 5L!p3d 7hRu 7h3 cR4X",Art of Desire: Mind,0
55129165,battle-hardened-perth-2025-beyond-odyssey,"Arakni, 5L!p3d 7hRu 7h3 cR4X",Balance of Justice,1
55129165,battle-hardened-perth-2025-beyond-odyssey,"Arakni, 5L!p3d 7hRu 7h3 cR4X",Blacktek Whisperers,1
55129165,battle-hardened-perth-2025-beyond-odyssey,"Arakni, 5L!p3d 7hRu 7h3 cR4X",Blanch,0
55129165,battle-hardened-perth-2025-beyond-odyssey,"Arakni, 5L!p3d 7hRu 7h3 cR4X",Bonds of Agony,3
55129165,battle-hardened-perth-2025-beyond-odyssey,"Arakni, 5L!p3d 7hRu 7h3 cR4X",Bonds of Attraction,3
55129165,battle-hardened-perth-2025-beyond-odyssey,"Arakni, 5L!p3d 7hRu 7h3 cR4X",Bonds of Memory,3
55129165,battle-hardened-perth-2025-beyond-odyssey,"Arakni, 5L!p3d 7hRu 7h3 cR4X",Codex of Frailty,3
55129165,battle-hardened-perth-2025-beyond-odyssey,"Arakni, 5L!p3d 7hRu 7h3 cR4X",Command and Conquer,0
55129165,battle-hardened-perth-2025-beyond-odyssey,"Arakni, 5L!p3d 7hRu 7h3 cR4X",Crown of Providence,1
55129165,battle-hardened-perth-2025-beyond-odyssey,"Arakni, 5L!p3d 7hRu 7h3 cR4X",Double Trouble,3
55129165,battle-hardened-perth-2025-beyond-odyssey,"Arakni, 5L!p3d 7hRu 7h3 cR4X",Fate Foreseen,0
55129165,battle-hardened-perth-2025-beyond-odyssey,"Arakni, 5L!p3d 7hRu 7h3 cR4X",Flick Knives,1
55129165,battle-hardened-perth-2025-beyond-odyssey,"Arakni, 5L!p3d 7hRu 7h3 cR4X",Fyendal's Spring Tunic,1
55129165,battle-hardened-perth-2025-beyond-odyssey,"Arakni, 5L!p3d 7hRu 7h3 cR4X",Hunter's Klaive,2
55129165,battle-hardened-perth-2025-beyond-odyssey,"Arakni, 5L!p3d 7hRu 7h3 cR4X",Infect,3
55129165,battle-hardened-perth-2025-beyond-odyssey,"Arakni, 5L!p3d 7hRu 7h3 cR4X",Infiltrate,3
55129165,battle-hardened-perth-2025-beyond-odyssey,"Arakni, 5L!p3d 7hRu 7h3 cR4X",Just a Nick,3
55129165,battle-hardened-perth-2025-beyond-odyssey,"Arakni, 5L!p3d 7hRu 7h3 cR4X",Kiss of Death,3
55129165,battle-hardened-perth-2025-beyond-odyssey,"Arakni, 5L!p3d 7hRu 7h3 cR4X",Leave No Witnesses,3
55129165,battle-hardened-perth-2025-beyond-odyssey,"Arakni, 5L!p3d 7hRu 7h3 cR4X",Mark of the Black Widow,3
55129165,battle-hardened-perth-2025-beyond-odyssey,"Arakni, 5L!p3d 7hRu 7h3 cR4X",Mask of Perdition,0
55129165,battle-hardened-perth-2025-beyond-odyssey,"Arakni, 5L!p3d 7hRu 7h3 cR4X",Orb-Weaver Spinneret,3
55129165,battle-hardened-perth-2025-beyond-odyssey,"Arakni, 5L!p3d 7hRu 7h3 cR4X",Pain in the Backside,3
55129165,battle-hardened-perth-2025-beyond-odyssey,"Arakni, 5L!p3d 7hRu 7h3 cR4X",Persuasive Prognosis,3
55129165,battle-hardened-perth-2025-beyond-odyssey,"Arakni, 5L!p3d 7hRu 7h3 cR4X",Pick Up the Point,3
55129165,battle-hardened-perth-2025-beyond-odyssey,"Arakni, 5L!p3d 7hRu 7h3 cR4X",Pick to Pieces,0
55129165,battle-hardened-perth-2025-beyond-odyssey,"Arakni, 5L!p3d 7hRu 7h3 cR4X",Plunder the Poor,0
55129165,battle-hardened-perth-2025-beyond-odyssey,"Arakni, 5L!p3d 7hRu 7h3 cR4X",Razor's Edge,3
55129165,battle-hardened-perth-2025-beyond-odyssey,"Arakni, 5L!p3d 7hRu 7h3 cR4X",Redback Shroud,1
55129165,battle-hardened-perth-2025-beyond-odyssey,"Arakni, 5L!p3d 7hRu 7h3 cR4X",Savor Bloodshed,0
55129165,battle-hardened-perth-2025-beyond-odyssey,"Arakni, 5L!p3d 7hRu 7h3 cR4X",Shelter from the Storm,3
55129165,battle-hardened-perth-2025-beyond-odyssey,"Arakni, 5L!p3d 7hRu 7h3 cR4X",Shred,0
55129165,battle-hardened-perth-2025-beyond-odyssey,"Arakni, 5L!p3d 7hRu 7h3 cR4X",Sigil of Solace,0
55129165,battle-hardened-perth-2025-beyond-odyssey,"Arakni, 5L!p3d 7hRu 7h3 cR4X",Sink Below,0
55129165,battle-hardened-perth-2025-beyond-odyssey,"Arakni, 5L!p3d 7hRu 7h3 cR4X",Snag,0
55129165,battle-hardened-perth-2025-beyond-odyssey,"Arakni, 5L!p3d 7hRu 7h3 cR4X",Spike with Bloodrot,3
55129165,battle-hardened-perth-2025-beyond-odyssey,"Arakni, 5L!p3d 7hRu 7h3 cR4X",Stains of the Redback,3
55129165,battle-hardened-perth-2025-beyond-odyssey,"Arakni, 5L!p3d 7hRu 7h3 cR4X",Take Up the Mantle,3
55129165,battle-hardened-perth-2025-beyond-odyssey,"Arakni, 5L!p3d 7hRu 7h3 cR4X",Tarantula Toxin,3
55129165,battle-hardened-perth-2025-beyond-odyssey,"Arakni, 5L!p3d 7hRu 7h3 cR4X",Undercover Acquisition,3
55129165,battle-hardened-perth-2025-beyond-odyssey,"Arakni, 5L!p3d 7hRu 7h3 cR4X",Widow Back Abdomen,1
55129165,battle-hardened-perth-2025-beyond-odyssey,"Arakni, 5L!p3d 7hRu 7h3 cR4X",Widow Veil Respirator,1
55129165,battle-hardened-perth-2025-beyond-odyssey,"Arakni, 5L!p3d 7hRu 7h3 cR4X",Widow Web Crawler,1
57758858,battle-hardened-perth-2025-beyond-odyssey,"Victor Goldmane, High and Mighty",Aurum Aegis,1
57758858,battle-hardened-perth-2025-beyond-odyssey,"Victor Goldmane, High and Mighty",Batter to a Pulp,3
57758858,battle-hardened-perth-2025-beyond-odyssey,"Victor Goldmane, High and Mighty",Buckling Blow,0
57758858,battle-hardened-perth-2025-beyond-odyssey,"Victor Goldmane, High and Mighty",Chokeslam,3
57758858,battle-hardened-perth-2025-beyond-odyssey,"Victor Goldmane, High and Mighty",Chokeslam,3
57758858,battle-hardened-perth-2025-beyond-odyssey,"Victor Goldmane, High and Mighty",Civic Steps,0
57758858,battle-hardened-perth-2025-beyond-odyssey,"Victor Goldmane, High and Mighty",Clash of Bravado,2
57758858,battle-hardened-perth-2025-beyond-odyssey,"Victor Goldmane, High and Mighty",Command and Conquer,3
57758858,battle-hardened-perth-2025-beyond-odyssey,"Victor Goldmane, High and Mighty",Cranial Crush,3
57758858,battle-hardened-perth-2025-beyond-odyssey,"Victor Goldmane, High and Mighty",Craterhoof,1
57758858,battle-hardened-perth-2025-beyond-odyssey,"Victor Goldmane, High and Mighty",Crown of Dominion,1
57758858,battle-hardened-perth-2025-beyond-odyssey,"Victor Goldmane, High and Mighty",Crush the Weak,3
57758858,battle-hardened-perth-2025-beyond-odyssey,"Victor Goldmane, High and Mighty",Debilitate,3
57758858,battle-hardened-perth-2025-beyond-odyssey,"Victor Goldmane, High and Mighty",Disable,3
57758858,battle-hardened-perth-2025-beyond-odyssey,"Victor Goldmane, High and Mighty",Enlightened Strike,3
57758858,battle-hardened-perth-2025-beyond-odyssey,"Victor Goldmane, High and Mighty",Fault Line,3
57758858,battle-hardened-perth-2025-beyond-odyssey,"Victor Goldmane, High and Mighty",Fyendal's Spring Tunic,1
57758858,battle-hardened-perth-2025-beyond-odyssey,"Victor Goldmane, High and Mighty",Gauntlets of Iron Will,1
57758858,battle-hardened-perth-2025-beyond-odyssey,"Victor Goldmane, High and Mighty",Headbutt,3
57758858,battle-hardened-perth-2025-beyond-odyssey,"Victor Goldmane, High and Mighty",Macho Grande,3
57758858,battle-hardened-perth-2025-beyond-odyssey,"Victor Goldmane, High and Mighty",Nullrune Boots,1
57758858,battle-hardened-perth-2025-beyond-odyssey,"Victor Goldmane, High and Mighty",Nullrune Gloves,1
57758858,battle-hardened-perth-2025-beyond-odyssey,"Victor Goldmane, High and Mighty",Pec Perfect,3
57758858,battle-hardened-perth-2025-beyond-odyssey,"Victor Goldmane, High and Mighty",Quickdodge Flexors,1
57758858,battle-hardened-perth-2025-beyond-odyssey,"Victor Goldmane, High and Mighty",Riches of Trōpal-Dhani,0
57758858,battle-hardened-perth-2025-beyond-odyssey,"Victor Goldmane, High and Mighty",Rouse the Ancients,3
57758858,battle-hardened-perth-2025-beyond-odyssey,"Victor Goldmane, High and Mighty",Spinal Crush,3
57758858,battle-hardened-perth-2025-beyond-odyssey,"Victor Goldmane, High and Mighty",Test of Iron Grip,3
57758858,battle-hardened-perth-2025-beyond-odyssey,"Victor Goldmane, High and Mighty",Test of Strength,3
57758858,battle-hardened-perth-2025-beyond-odyssey,"Victor Goldmane, High and Mighty",The Golden Son,3
57758858,battle-hardened-perth-2025-beyond-odyssey,"Victor Goldmane, High and Mighty",Thunder Quake,3
57758858,battle-hardened-perth-2025-beyond-odyssey,"Victor Goldmane, High and Mighty",Thunk,3
57758858,battle-hardened-perth-2025-beyond-odyssey,"Victor Goldmane, High and Mighty",Titan's Fist,1
57758858,battle-hardened-perth-2025-beyond-odyssey,"Victor Goldmane, High and Mighty",Trounce,3
57758858,battle-hardened-perth-2025-beyond-odyssey,"Victor Goldmane, High and Mighty",Visit Goldmane Estate,3
57758858,battle-hardened-perth-2025-beyond-odyssey,"Victor Goldmane, High and Mighty",Zealous Belting,3
91565873,battle-hardened-perth-2025-beyond-odyssey,"Katsu, the Wanderer",Ancestral Empowerment,3
91565873,battle-hardened-perth-2025-beyond-odyssey,"Katsu, the Wanderer",Ancestral Harmony,3
91565873,battle-hardened-perth-2025-beyond-odyssey,"Katsu, the Wanderer",Be Like Water,3
91565873,battle-hardened-perth-2025-beyond-odyssey,"Katsu, the Wanderer",Bonds of Ancestry,3
91565873,battle-hardened-perth-2025-beyond-odyssey,"Katsu, the Wanderer",Breeze Rider Boots,1
91565873,battle-hardened-perth-2025-beyond-odyssey,"Katsu, the Wanderer",Command and Conquer,3
91565873,battle-hardened-perth-2025-beyond-odyssey,"Katsu, the Wanderer",Descendent Gustwave,3
91565873,battle-hardened-perth-2025-beyond-odyssey,"Katsu, the Wanderer",Descendent Gustwave,3
91565873,battle-hardened-perth-2025-beyond-odyssey,"Katsu, the Wanderer",Dishonor,3
91565873,battle-hardened-perth-2025-beyond-odyssey,"Katsu, the Wanderer",Edge of Autumn,1
91565873,battle-hardened-perth-2025-beyond-odyssey,"Katsu, the Wanderer",Enact Vengeance,2
91565873,battle-hardened-perth-2025-beyond-odyssey,"Katsu, the Wanderer",Flic Flak,3
91565873,battle-hardened-perth-2025-beyond-odyssey,"Katsu, the Wanderer",Fluster Fist,3
91565873,battle-hardened-perth-2025-beyond-odyssey,"Katsu, the Wanderer",Fluster Fist,2
91565873,battle-hardened-perth-2025-beyond-odyssey,"Katsu, the Wanderer",Gustwave of the Second Wind,3
91565873,battle-hardened-perth-2025-beyond-odyssey,"Katsu, the Wanderer",Heartened Cross Strap,1
91565873,battle-hardened-perth-2025-beyond-odyssey,"Katsu, the Wanderer",Hundred Winds,3
91565873,battle-hardened-perth-2025-beyond-odyssey,"Katsu, the Wanderer",Legacy of Ikaru,3
91565873,battle-hardened-perth-2025-beyond-odyssey,"Katsu, the Wanderer",Mask of Momentum,1
91565873,battle-hardened-perth-2025-beyond-odyssey,"Katsu, the Wanderer",Mask of the Pouncing Lynx,1
91565873,battle-hardened-perth-2025-beyond-odyssey,"Katsu, the Wanderer",Okana Scar Wraps,1
91565873,battle-hardened-perth-2025-beyond-odyssey,"Katsu, the Wanderer",Reinforce the Line,2
91565873,battle-hardened-perth-2025-beyond-odyssey,"Katsu, the Wanderer",Retrace the Past,3
91565873,battle-hardened-perth-2025-beyond-odyssey,"Katsu, the Wanderer",Salt the Wound,1
91565873,battle-hardened-perth-2025-beyond-odyssey,"Katsu, the Wanderer",Seek Vengeance,3
91565873,battle-hardened-perth-2025-beyond-odyssey,"Katsu, the Wanderer",Seek Vengeance,2
91565873,battle-hardened-perth-2025-beyond-odyssey,"Katsu, the Wanderer",Sink Below,3
91565873,battle-hardened-perth-2025-beyond-odyssey,"Katsu, the Wanderer",Surging Strike,3
91565873,battle-hardened-perth-2025-beyond-odyssey,"Katsu, the Wanderer",Surging Strike,3
91565873,battle-hardened-perth-2025-beyond-odyssey,"Katsu, the Wanderer",Tenacity,2
91565873,battle-hardened-perth-2025-beyond-odyssey,"Katsu, the Wanderer",Tide Flippers,1
91565873,battle-hardened-perth-2025-beyond-odyssey,"Katsu, the Wanderer",Vengeance Never Rests,2
91565873,battle-hardened-perth-2025-beyond-odyssey,"Katsu, the Wanderer",Whelming Gustwave,3
91565873,battle-hardened-perth-2025-beyond-odyssey,"Katsu, the Wanderer",Whelming Gustwave,3
53593961,battle-hardened-perth-2025-beyond-odyssey,"Gravy Bones, Shipwrecked Looter",Amnesia,0
53593961,battle-hardened-perth-2025-beyond-odyssey,"Gravy Bones, Shipwrecked Looter","Anka, Drag Under",2
53593961,battle-hardened-perth-2025-beyond-odyssey,"Gravy Bones, Shipwrecked Looter",Avast Ye!,3
53593961,battle-hardened-perth-2025-beyond-odyssey,"Gravy Bones, Shipwrecked Looter",Back Alley Breakline,2
53593961,battle-hardened-perth-2025-beyond-odyssey,"Gravy Bones, Shipwrecked Looter",Balance of Justice,1
53593961,battle-hardened-perth-2025-beyond-odyssey,"Gravy Bones, Shipwrecked Looter",Blood in the Water,2
53593961,battle-hardened-perth-2025-beyond-odyssey,"Gravy Bones, Shipwrecked Looter",Call for Backup,0
53593961,battle-hardened-perth-2025-beyond-odyssey,"Gravy Bones, Shipwrecked Looter",Call to the Grave,3
53593961,battle-hardened-perth-2025-beyond-odyssey,"Gravy Bones, Shipwrecked Looter",Chart the High Seas,3
53593961,battle-hardened-perth-2025-beyond-odyssey,"Gravy Bones, Shipwrecked Looter","Chum, Friendly First Mate",3
53593961,battle-hardened-perth-2025-beyond-odyssey,"Gravy Bones, Shipwrecked Looter",Command and Conquer,0
53593961,battle-hardened-perth-2025-beyond-odyssey,"Gravy Bones, Shipwrecked Looter",Compass of Sunken Depths,1
53593961,battle-hardened-perth-2025-beyond-odyssey,"Gravy Bones, Shipwrecked Looter",Conqueror of the High Seas,3
53593961,battle-hardened-perth-2025-beyond-odyssey,"Gravy Bones, Shipwrecked Looter",Crown of Dominion,1
53593961,battle-hardened-perth-2025-beyond-odyssey,"Gravy Bones, Shipwrecked Looter",Crown of Providence,0
53593961,battle-hardened-perth-2025-beyond-odyssey,"Gravy Bones, Shipwrecked Looter","Cutty Shark, Quick Clip",0
53593961,battle-hardened-perth-2025-beyond-odyssey,"Gravy Bones, Shipwrecked Looter",Dead Threads,1
53593961,battle-hardened-perth-2025-beyond-odyssey,"Gravy Bones, Shipwrecked Looter",Diamond Amulet,1
53593961,battle-hardened-perth-2025-beyond-odyssey,"Gravy Bones, Shipwrecked Looter",Eye of Ophidia,0
53593961,battle-hardened-perth-2025-beyond-odyssey,"Gravy Bones, Shipwrecked Looter",Fearless Confrontation,3
53593961,battle-hardened-perth-2025-beyond-odyssey,"Gravy Bones, Shipwrecked Looter",Flying High,0
53593961,battle-hardened-perth-2025-beyond-odyssey,"Gravy Bones, Shipwrecked Looter",Give No Quarter,3
53593961,battle-hardened-perth-2025-beyond-odyssey,"Gravy Bones, Shipwrecked Looter",Gold-Baited Hook,1
53593961,battle-hardened-perth-2025-beyond-odyssey,"Gravy Bones, Shipwrecked Looter",Golden Tipple,3
53593961,battle-hardened-perth-2025-beyond-odyssey,"Gravy Bones, Shipwrecked Looter",Golden Tipple,2
53593961,battle-hardened-perth-2025-beyond-odyssey,"Gravy Bones, Shipwrecked Looter",Golden Tipple,3
53593961,battle-hardened-perth-2025-beyond-odyssey,"Gravy Bones, Shipwrecked Looter",Lead the Charge,0
53593961,battle-hardened-perth-2025-beyond-odyssey,"Gravy Bones, Shipwrecked Looter","Limpit, Hop-a-long",2
53593961,battle-hardened-perth-2025-beyond-odyssey,"Gravy Bones, Shipwrecked Looter",Loot the Hold,2
53593961,battle-hardened-perth-2025-beyond-odyssey,"Gravy Bones, Shipwrecked Looter",Mage Master Boots,1
53593961,battle-hardened-perth-2025-beyond-odyssey,"Gravy Bones, Shipwrecked Looter",Murderous Rabble,3
53593961,battle-hardened-perth-2025-beyond-odyssey,"Gravy Bones, Shipwrecked Looter",Nullrune Boots,1
53593961,battle-hardened-perth-2025-beyond-odyssey,"Gravy Bones, Shipwrecked Looter",Nullrune Gloves,0
53593961,battle-hardened-perth-2025-beyond-odyssey,"Gravy Bones, Shipwrecked Looter",Nullrune Hood,1
53593961,battle-hardened-perth-2025-beyond-odyssey,"Gravy Bones, Shipwrecked Looter",Oasis Respite,0
53593961,battle-hardened-perth-2025-beyond-odyssey,"Gravy Bones, Shipwrecked Looter","Oysten, Heart of Gold",1
53593961,battle-hardened-perth-2025-beyond-odyssey,"Gravy Bones, Shipwrecked Looter",Pearl Amulet,0
53593961,battle-hardened-perth-2025-beyond-odyssey,"Gravy Bones, Shipwrecked Looter",Portside Exchange,3
53593961,battle-hardened-perth-2025-beyond-odyssey,"Gravy Bones, Shipwrecked Looter",Prismatic Leyline,0
53593961,battle-hardened-perth-2025-beyond-odyssey,"Gravy Bones, Shipwrecked Looter",Quickdodge Flexors,1
53593961,battle-hardened-perth-2025-beyond-odyssey,"Gravy Bones, Shipwrecked Looter",Riggermortis,3
53593961,battle-hardened-perth-2025-beyond-odyssey,"Gravy Bones, Shipwrecked Looter",Saltwater Swell,3
53593961,battle-hardened-perth-2025-beyond-odyssey,"Gravy Bones, Shipwrecked Looter",Saltwater Swell,3
53593961,battle-hardened-perth-2025-beyond-odyssey,"Gravy Bones, Shipwrecked Looter","Sawbones, Dockhand",3
53593961,battle-hardened-perth-2025-beyond-odyssey,"Gravy Bones, Shipwrecked Looter","Scooba, Salty Sea Dog",0
53593961,battle-hardened-perth-2025-beyond-odyssey,"Gravy Bones, Shipwrecked Looter",Sea Legs,2
53593961,battle-hardened-perth-2025-beyond-odyssey,"Gravy Bones, Shipwrecked Looter",Snag,1
53593961,battle-hardened-perth-2025-beyond-odyssey,"Gravy Bones, Shipwrecked Looter",Sunken Treasure,2
53593961,battle-hardened-perth-2025-beyond-odyssey,"Gravy Bones, Shipwrecked Looter",Swabbie,2
53593961,battle-hardened-perth-2025-beyond-odyssey,"Gravy Bones, Shipwrecked Looter",Swiftwater Sloop,0
53593961,battle-hardened-perth-2025-beyond-odyssey,"Gravy Bones, Shipwrecked Looter",Throw Caution to the Wind,0
53593961,battle-hardened-perth-2025-beyond-odyssey,"Gravy Bones, Shipwrecked Looter",Tip the Barkeep,3
53593961,battle-hardened-perth-2025-beyond-odyssey,"Gravy Bones, Shipwrecked Looter",Wailer Humperdinck,2
69148916,battle-hardened-perth-2025-beyond-odyssey,"Verdance, Thorn of the Rose",Aether Arc,2
69148916,battle-hardened-perth-2025-beyond-odyssey,"Verdance, Thorn of the Rose",Alluvion Constellas,1
69148916,battle-hardened-perth-2025-beyond-odyssey,"Verdance, Thorn of the Rose",Arcane Twining,0
69148916,battle-hardened-perth-2025-beyond-odyssey,"Verdance, Thorn of the Rose",Autumn's Touch,3
69148916,battle-hardened-perth-2025-beyond-odyssey,"Verdance, Thorn of the Rose",Barkskin of the Millennium Tree,1
69148916,battle-hardened-perth-2025-beyond-odyssey,"Verdance, Thorn of the Rose",Blanch,0
69148916,battle-hardened-perth-2025-beyond-odyssey,"Verdance, Thorn of the Rose",Burn Bare,3
69148916,battle-hardened-perth-2025-beyond-odyssey,"Verdance, Thorn of the Rose",Cadaverous Tilling,0
69148916,battle-hardened-perth-2025-beyond-odyssey,"Verdance, Thorn of the Rose",Channel the Millennium Tree,3
69148916,battle-hardened-perth-2025-beyond-odyssey,"Verdance, Thorn of the Rose",Command and Conquer,3
69148916,battle-hardened-perth-2025-beyond-odyssey,"Verdance, Thorn of the Rose",Crown of Providence,1
69148916,battle-hardened-perth-2025-beyond-odyssey,"Verdance, Thorn of the Rose",Destructive Aethertide,3
69148916,battle-hardened-perth-2025-beyond-odyssey,"Verdance, Thorn of the Rose",Earth Form,0
69148916,battle-hardened-perth-2025-beyond-odyssey,"Verdance, Thorn of the Rose",Emeritus Scolding,3
69148916,battle-hardened-perth-2025-beyond-odyssey,"Verdance, Thorn of the Rose",Enlightened Strike,0
69148916,battle-hardened-perth-2025-beyond-odyssey,"Verdance, Thorn of the Rose",Everbloom||Life,3
69148916,battle-hardened-perth-2025-beyond-odyssey,"Verdance, Thorn of the Rose",Felling of the Crown,3
69148916,battle-hardened-perth-2025-beyond-odyssey,"Verdance, Thorn of the Rose",Fruits of the Forest,3
69148916,battle-hardened-perth-2025-beyond-odyssey,"Verdance, Thorn of the Rose",Fruits of the Forest,3
69148916,battle-hardened-perth-2025-beyond-odyssey,"Verdance, Thorn of the Rose",Goliath Gauntlet,0
69148916,battle-hardened-perth-2025-beyond-odyssey,"Verdance, Thorn of the Rose",Healing Potion,3
69148916,battle-hardened-perth-2025-beyond-odyssey,"Verdance, Thorn of the Rose",Heartbeat of Candlehold,3
69148916,battle-hardened-perth-2025-beyond-odyssey,"Verdance, Thorn of the Rose",Mental Block,3
69148916,battle-hardened-perth-2025-beyond-odyssey,"Verdance, Thorn of the Rose",Metacarpus Node,1
69148916,battle-hardened-perth-2025-beyond-odyssey,"Verdance, Thorn of the Rose",Mind Warp,3
69148916,battle-hardened-perth-2025-beyond-odyssey,"Verdance, Thorn of the Rose",Nourishing Emptiness,0
69148916,battle-hardened-perth-2025-beyond-odyssey,"Verdance, Thorn of the Rose",Outed,0
69148916,battle-hardened-perth-2025-beyond-odyssey,"Verdance, Thorn of the Rose",Overflow the Aetherwell,0
69148916,battle-hardened-perth-2025-beyond-odyssey,"Verdance, Thorn of the Rose",Plow Under,3
69148916,battle-hardened-perth-2025-beyond-odyssey,"Verdance, Thorn of the Rose",Plume of Evergrowth,1
69148916,battle-hardened-perth-2025-beyond-odyssey,"Verdance, Thorn of the Rose",Pounamu Amulet,0
69148916,battle-hardened-perth-2025-beyond-odyssey,"Verdance, Thorn of the Rose",Pulsing Aether||Life,3
69148916,battle-hardened-perth-2025-beyond-odyssey,"Verdance, Thorn of the Rose",Rampant Growth||Life,3
69148916,battle-hardened-perth-2025-beyond-odyssey,"Verdance, Thorn of the Rose",Ring of Roses,1
69148916,battle-hardened-perth-2025-beyond-odyssey,"Verdance, Thorn of the Rose",Rootbound Carapace,3
69148916,battle-hardened-perth-2025-beyond-odyssey,"Verdance, Thorn of the Rose",Rootbound Carapace,3
69148916,battle-hardened-perth-2025-beyond-odyssey,"Verdance, Thorn of the Rose",Rowdy Locals,0
69148916,battle-hardened-perth-2025-beyond-odyssey,"Verdance, Thorn of the Rose",Scour,2
69148916,battle-hardened-perth-2025-beyond-odyssey,"Verdance, Thorn of the Rose",Seeds of Tomorrow,0
69148916,battle-hardened-perth-2025-beyond-odyssey,"Verdance, Thorn of the Rose",Shelter from the Storm,2
69148916,battle-hardened-perth-2025-beyond-odyssey,"Verdance, Thorn of the Rose",Sink Below,3
69148916,battle-hardened-perth-2025-beyond-odyssey,"Verdance, Thorn of the Rose",Snag,1
69148916,battle-hardened-perth-2025-beyond-odyssey,"Verdance, Thorn of the Rose",Snapback,0
69148916,battle-hardened-perth-2025-beyond-odyssey,"Verdance, Thorn of the Rose",Sow Tomorrow,0
69148916,battle-hardened-perth-2025-beyond-odyssey,"Verdance, Thorn of the Rose",Stonewall Gauntlet,1
69148916,battle-hardened-perth-2025-beyond-odyssey,"Verdance, Thorn of the Rose",Storm Striders,1
69148916,battle-hardened-perth-2025-beyond-odyssey,"Verdance, Thorn of the Rose",Summer's Fall,0
69148916,battle-hardened-perth-2025-beyond-odyssey,"Verdance, Thorn of the Rose",Surgent Aethertide,1
69148916,battle-hardened-perth-2025-beyond-odyssey,"Verdance, Thorn of the Rose",Waning Moon,1
69148916,battle-hardened-perth-2025-beyond-odyssey,"Verdance, Thorn of the Rose",Warmonger's Diplomacy,3
71797322,battle-hardened-perth-2025-beyond-odyssey,"Florian, Rotwood Harbinger",Arcane Compliance,0
71797322,battle-hardened-perth-2025-beyond-odyssey,"Florian, Rotwood Harbinger",Arcane Seeds||Life,3
71797322,battle-hardened-perth-2025-beyond-odyssey,"Florian, Rotwood Harbinger",Autumn's Touch,3
71797322,battle-hardened-perth-2025-beyond-odyssey,"Florian, Rotwood Harbinger",Barkskin of the Millennium Tree,1
71797322,battle-hardened-perth-2025-beyond-odyssey,"Florian, Rotwood Harbinger",Base of the Mountain,0
71797322,battle-hardened-perth-2025-beyond-odyssey,"Florian, Rotwood Harbinger",Blanch,0
71797322,battle-hardened-perth-2025-beyond-odyssey,"Florian, Rotwood Harbinger",Bramble Spark,0
71797322,battle-hardened-perth-2025-beyond-odyssey,"Florian, Rotwood Harbinger",Cadaverous Tilling,2
71797322,battle-hardened-perth-2025-beyond-odyssey,"Florian, Rotwood Harbinger",Call for Backup,2
71797322,battle-hardened-perth-2025-beyond-odyssey,"Florian, Rotwood Harbinger",Canopy Shelter,3
71797322,battle-hardened-perth-2025-beyond-odyssey,"Florian, Rotwood Harbinger",Channel Mount Heroic,3
71797322,battle-hardened-perth-2025-beyond-odyssey,"Florian, Rotwood Harbinger",Channel the Millennium Tree,2
71797322,battle-hardened-perth-2025-beyond-odyssey,"Florian, Rotwood Harbinger",Command and Conquer,3
71797322,battle-hardened-perth-2025-beyond-odyssey,"Florian, Rotwood Harbinger",Crown of Dichotomy,0
71797322,battle-hardened-perth-2025-beyond-odyssey,"Florian, Rotwood Harbinger",Deny Redemption,3
71797322,battle-hardened-perth-2025-beyond-odyssey,"Florian, Rotwood Harbinger",Dread Scythe,1
71797322,battle-hardened-perth-2025-beyond-odyssey,"Florian, Rotwood Harbinger",Dread Triptych,0
71797322,battle-hardened-perth-2025-beyond-odyssey,"Florian, Rotwood Harbinger",Dyadic Carapace,1
71797322,battle-hardened-perth-2025-beyond-odyssey,"Florian, Rotwood Harbinger",Enlightened Strike,3
71797322,battle-hardened-perth-2025-beyond-odyssey,"Florian, Rotwood Harbinger",Erase Face,0
71797322,battle-hardened-perth-2025-beyond-odyssey,"Florian, Rotwood Harbinger",Everbloom||Life,3
71797322,battle-hardened-perth-2025-beyond-odyssey,"Florian, Rotwood Harbinger",Face Purgatory,1
71797322,battle-hardened-perth-2025-beyond-odyssey,"Florian, Rotwood Harbinger",Felling of the Crown,3
71797322,battle-hardened-perth-2025-beyond-odyssey,"Florian, Rotwood Harbinger",Flourish,2
71797322,battle-hardened-perth-2025-beyond-odyssey,"Florian, Rotwood Harbinger",Fruits of the Forest,3
71797322,battle-hardened-perth-2025-beyond-odyssey,"Florian, Rotwood Harbinger",Give and Take,0
71797322,battle-hardened-perth-2025-beyond-odyssey,"Florian, Rotwood Harbinger",Grasp of the Arknight,1
71797322,battle-hardened-perth-2025-beyond-odyssey,"Florian, Rotwood Harbinger",Haunting Rendition,0
71797322,battle-hardened-perth-2025-beyond-odyssey,"Florian, Rotwood Harbinger",Malefic Incantation,0
71797322,battle-hardened-perth-2025-beyond-odyssey,"Florian, Rotwood Harbinger",Nullrune Boots,1
71797322,battle-hardened-perth-2025-beyond-odyssey,"Florian, Rotwood Harbinger",Oasis Respite,0
71797322,battle-hardened-perth-2025-beyond-odyssey,"Florian, Rotwood Harbinger",Oath of the Arknight,2
71797322,battle-hardened-perth-2025-beyond-odyssey,"Florian, Rotwood Harbinger",Overload,0
71797322,battle-hardened-perth-2025-beyond-odyssey,"Florian, Rotwood Harbinger",Plow Under,3
71797322,battle-hardened-perth-2025-beyond-odyssey,"Florian, Rotwood Harbinger",Plume of Evergrowth,1
71797322,battle-hardened-perth-2025-beyond-odyssey,"Florian, Rotwood Harbinger",Reaping Blade,1
71797322,battle-hardened-perth-2025-beyond-odyssey,"Florian, Rotwood Harbinger",Rootbound Carapace,3
71797322,battle-hardened-perth-2025-beyond-odyssey,"Florian, Rotwood Harbinger",Rootbound Carapace,2
71797322,battle-hardened-perth-2025-beyond-odyssey,"Florian, Rotwood Harbinger",Rowdy Locals,0
71797322,battle-hardened-perth-2025-beyond-odyssey,"Florian, Rotwood Harbinger",Runerager Swarm,3
71797322,battle-hardened-perth-2025-beyond-odyssey,"Florian, Rotwood Harbinger",Runerager Swarm,3
71797322,battle-hardened-perth-2025-beyond-odyssey,"Florian, Rotwood Harbinger",Runic Reclamation,3
71797322,battle-hardened-perth-2025-beyond-odyssey,"Florian, Rotwood Harbinger",Scar for a Scar,0
71797322,battle-hardened-perth-2025-beyond-odyssey,"Florian, Rotwood Harbinger",Shelter from the Storm,3
71797322,battle-hardened-perth-2025-beyond-odyssey,"Florian, Rotwood Harbinger",Sink Below,0
71797322,battle-hardened-perth-2025-beyond-odyssey,"Florian, Rotwood Harbinger",Summer's Fall,3
71797322,battle-hardened-perth-2025-beyond-odyssey,"Florian, Rotwood Harbinger",Summer's Fall,2
71797322,battle-hardened-perth-2025-beyond-odyssey,"Florian, Rotwood Harbinger",Swarming Gloomveil,3
71797322,battle-hardened-perth-2025-beyond-odyssey,"Florian, Rotwood Harbinger",The Weakest Link,0
71797322,battle-hardened-perth-2025-beyond-odyssey,"Florian, Rotwood Harbinger",This Round's on Me,0
71797322,battle-hardened-perth-2025-beyond-odyssey,"Florian, Rotwood Harbinger",Thistle Bloom||Life,0
71797322,battle-hardened-perth-2025-beyond-odyssey,"Florian, Rotwood Harbinger",Trot Along,3
71797322,battle-hardened-perth-2025-beyond-odyssey,"Florian, Rotwood Harbinger",Truce,0
71797322,battle-hardened-perth-2025-beyond-odyssey,"Florian, Rotwood Harbinger",Warmonger's Diplomacy,0
71797322,battle-hardened-perth-2025-beyond-odyssey,"Florian, Rotwood Harbinger",Well Grounded,1
49194339,battle-hardened-perth-2025-beyond-odyssey,Dash I/O,Achilles Accelerator,1
49194339,battle-hardened-perth-2025-beyond-odyssey,Dash I/O,Adaptive Plating,1
49194339,battle-hardened-perth-2025-beyond-odyssey,Dash I/O,Backup Protocol: RED,3
49194339,battle-hardened-perth-2025-beyond-odyssey,Dash I/O,Boom Grenade,3
49194339,battle-hardened-perth-2025-beyond-odyssey,Dash I/O,Boom Grenade,3
49194339,battle-hardened-perth-2025-beyond-odyssey,Dash I/O,Cerebellum Processor,3
49194339,battle-hardened-perth-2025-beyond-odyssey,Dash I/O,Cogwerx Tinker Rings,1
49194339,battle-hardened-perth-2025-beyond-odyssey,Dash I/O,Convection Amplifier,1
49194339,battle-hardened-perth-2025-beyond-odyssey,Dash I/O,Crown of Providence,1
49194339,battle-hardened-perth-2025-beyond-odyssey,Dash I/O,Expedite,3
49194339,battle-hardened-perth-2025-beyond-odyssey,Dash I/O,Fast and Furious,3
49194339,battle-hardened-perth-2025-beyond-odyssey,Dash I/O,Goliath Gauntlet,0
49194339,battle-hardened-perth-2025-beyond-odyssey,Dash I/O,Hanabi Blaster,1
49194339,battle-hardened-perth-2025-beyond-odyssey,Dash I/O,Heavy Industry Gear Shift,1
49194339,battle-hardened-perth-2025-beyond-odyssey,Dash I/O,Heist,2
49194339,battle-hardened-perth-2025-beyond-odyssey,Dash I/O,Maximum Velocity,3
49194339,battle-hardened-perth-2025-beyond-odyssey,Dash I/O,Null Time Zone,2
49194339,battle-hardened-perth-2025-beyond-odyssey,Dash I/O,Out Pace,3
49194339,battle-hardened-perth-2025-beyond-odyssey,Dash I/O,Pulsewave Harpoon,3
49194339,battle-hardened-perth-2025-beyond-odyssey,Dash I/O,Spark of Genius,3
49194339,battle-hardened-perth-2025-beyond-odyssey,Dash I/O,Sprocket Rocket,3
49194339,battle-hardened-perth-2025-beyond-odyssey,Dash I/O,Symbiosis Shot,1
49194339,battle-hardened-perth-2025-beyond-odyssey,Dash I/O,T-Bone,3
49194339,battle-hardened-perth-2025-beyond-odyssey,Dash I/O,T-Bone,3
49194339,battle-hardened-perth-2025-beyond-odyssey,Dash I/O,Teklo Core,3
49194339,battle-hardened-perth-2025-beyond-odyssey,Dash I/O,Teklo Foundry Heart,1
49194339,battle-hardened-perth-2025-beyond-odyssey,Dash I/O,Teklo Pounder,2
49194339,battle-hardened-perth-2025-beyond-odyssey,Dash I/O,Throttle,3
49194339,battle-hardened-perth-2025-beyond-odyssey,Dash I/O,Tick Tock Clock,1
49194339,battle-hardened-perth-2025-beyond-odyssey,Dash I/O,Viziertronic Model i,1
49194339,battle-hardened-perth-2025-beyond-odyssey,Dash I/O,Zero to Sixty,3
49194339,battle-hardened-perth-2025-beyond-odyssey,Dash I/O,Zero to Sixty,3
49194339,battle-hardened-perth-2025-beyond-odyssey,Dash I/O,Zero to Sixty,3
49194339,battle-hardened-perth-2025-beyond-odyssey,Dash I/O,Zipper Hit,3
49194339,battle-hardened-perth-2025-beyond-odyssey,Dash I/O,Zipper Hit,3
49194339,battle-hardened-perth-2025-beyond-odyssey,Dash I/O,Zipper Hit,3
42852269,battle-hardened-perth-2025-beyond-odyssey,"Vynnset, Iron Maiden",Beseech the Demigon,3
42852269,battle-hardened-perth-2025-beyond-odyssey,"Vynnset, Iron Maiden",Bounding Demigon,1
42852269,battle-hardened-perth-2025-beyond-odyssey,"Vynnset, Iron Maiden",Call for Backup,2
42852269,battle-hardened-perth-2025-beyond-odyssey,"Vynnset, Iron Maiden",Crown of Providence,1
42852269,battle-hardened-perth-2025-beyond-odyssey,"Vynnset, Iron Maiden",Cull,3
42852269,battle-hardened-perth-2025-beyond-odyssey,"Vynnset, Iron Maiden",Dance of Darkness,1
42852269,battle-hardened-perth-2025-beyond-odyssey,"Vynnset, Iron Maiden",Deadwood Dirge,3
42852269,battle-hardened-perth-2025-beyond-odyssey,"Vynnset, Iron Maiden",Deathly Delight,3
42852269,battle-hardened-perth-2025-beyond-odyssey,"Vynnset, Iron Maiden",Deathly Wail,3
42852269,battle-hardened-perth-2025-beyond-odyssey,"Vynnset, Iron Maiden",Deathly Wail,3
42852269,battle-hardened-perth-2025-beyond-odyssey,"Vynnset, Iron Maiden",Dyadic Carapace,1
42852269,battle-hardened-perth-2025-beyond-odyssey,"Vynnset, Iron Maiden",Ebon Fold,1
42852269,battle-hardened-perth-2025-beyond-odyssey,"Vynnset, Iron Maiden",Eloquent Eulogy,3
42852269,battle-hardened-perth-2025-beyond-odyssey,"Vynnset, Iron Maiden",Face Purgatory,1
42852269,battle-hardened-perth-2025-beyond-odyssey,"Vynnset, Iron Maiden",Flail of Agony,1
42852269,battle-hardened-perth-2025-beyond-odyssey,"Vynnset, Iron Maiden",Funeral Moon,3
42852269,battle-hardened-perth-2025-beyond-odyssey,"Vynnset, Iron Maiden",Fyendal's Spring Tunic,1
42852269,battle-hardened-perth-2025-beyond-odyssey,"Vynnset, Iron Maiden",Grimoire of the Haunt,1
42852269,battle-hardened-perth-2025-beyond-odyssey,"Vynnset, Iron Maiden",Haunting Rendition,3
42852269,battle-hardened-perth-2025-beyond-odyssey,"Vynnset, Iron Maiden",Invert Existence,2
42852269,battle-hardened-perth-2025-beyond-odyssey,"Vynnset, Iron Maiden",Machinations of Dominion,3
42852269,battle-hardened-perth-2025-beyond-odyssey,"Vynnset, Iron Maiden",Malefic Incantation,3
42852269,battle-hardened-perth-2025-beyond-odyssey,"Vynnset, Iron Maiden",Mauvrion Skies,3
42852269,battle-hardened-perth-2025-beyond-odyssey,"Vynnset, Iron Maiden",Oblivion,1
42852269,battle-hardened-perth-2025-beyond-odyssey,"Vynnset, Iron Maiden",Read the Runes,2
42852269,battle-hardened-perth-2025-beyond-odyssey,"Vynnset, Iron Maiden",Reduce to Runechant,3
42852269,battle-hardened-perth-2025-beyond-odyssey,"Vynnset, Iron Maiden",Revel in Runeblood,3
42852269,battle-hardened-perth-2025-beyond-odyssey,"Vynnset, Iron Maiden",Shadow Puppetry,3
42852269,battle-hardened-perth-2025-beyond-odyssey,"Vynnset, Iron Maiden",Spellbound Creepers,1
42852269,battle-hardened-perth-2025-beyond-odyssey,"Vynnset, Iron Maiden",Succumb to Temptation,3
42852269,battle-hardened-perth-2025-beyond-odyssey,"Vynnset, Iron Maiden",Swarming Gloomveil,2
42852269,battle-hardened-perth-2025-beyond-odyssey,"Vynnset, Iron Maiden",Vantom Banshee,2
42852269,battle-hardened-perth-2025-beyond-odyssey,"Vynnset, Iron Maiden",Vantom Wraith,3
42852269,battle-hardened-perth-2025-beyond-odyssey,"Vynnset, Iron Maiden",Vexing Quillhand,1
42852269,battle-hardened-perth-2025-beyond-odyssey,"Vynnset, Iron Maiden",Widespread Annihilation,2
42852269,battle-hardened-perth-2025-beyond-odyssey,"Vynnset, Iron Maiden",Widespread Destruction,2
42852269,battle-hardened-perth-2025-beyond-odyssey,"Vynnset, Iron Maiden",Widespread Ruin,3
66815249,battle-hardened-perth-2025-beyond-odyssey,"Fang, Dracai of Blades",Affirm Loyalty,3
66815249,battle-hardened-perth-2025-beyond-odyssey,"Fang, Dracai of Blades",Arcane Compliance,0
66815249,battle-hardened-perth-2025-beyond-odyssey,"Fang, Dracai of Blades",Balance of Justice,0
66815249,battle-hardened-perth-2025-beyond-odyssey,"Fang, Dracai of Blades",Battlefront Bastion,0
66815249,battle-hardened-perth-2025-beyond-odyssey,"Fang, Dracai of Blades",Blade Flurry,3
66815249,battle-hardened-perth-2025-beyond-odyssey,"Fang, Dracai of Blades",Blaze Headlong,3
66815249,battle-hardened-perth-2025-beyond-odyssey,"Fang, Dracai of Blades",Blistering Blade,3
66815249,battle-hardened-perth-2025-beyond-odyssey,"Fang, Dracai of Blades",Braveforge Bracers,1
66815249,battle-hardened-perth-2025-beyond-odyssey,"Fang, Dracai of Blades",Crown of Providence,1
66815249,battle-hardened-perth-2025-beyond-odyssey,"Fang, Dracai of Blades",Cut from the Same Cloth,0
66815249,battle-hardened-perth-2025-beyond-odyssey,"Fang, Dracai of Blades",Drop of Dragon Blood,0
66815249,battle-hardened-perth-2025-beyond-odyssey,"Fang, Dracai of Blades",Endear Devotion,3
66815249,battle-hardened-perth-2025-beyond-odyssey,"Fang, Dracai of Blades",Exposed,0
66815249,battle-hardened-perth-2025-beyond-odyssey,"Fang, Dracai of Blades",Fire and Brimstone,1
66815249,battle-hardened-perth-2025-beyond-odyssey,"Fang, Dracai of Blades",For the Dracai,0
66815249,battle-hardened-perth-2025-beyond-odyssey,"Fang, Dracai of Blades",Fyendal's Spring Tunic,1
66815249,battle-hardened-perth-2025-beyond-odyssey,"Fang, Dracai of Blades",Glint the Quicksilver,3
66815249,battle-hardened-perth-2025-beyond-odyssey,"Fang, Dracai of Blades",Grains of Bloodspill,1
66815249,battle-hardened-perth-2025-beyond-odyssey,"Fang, Dracai of Blades",Hunt to the Ends of Rathe,3
66815249,battle-hardened-perth-2025-beyond-odyssey,"Fang, Dracai of Blades",Hunt's End,3
66815249,battle-hardened-perth-2025-beyond-odyssey,"Fang, Dracai of Blades",Imperial Intent,0
66815249,battle-hardened-perth-2025-beyond-odyssey,"Fang, Dracai of Blades",Imperial Seal of Command,1
66815249,battle-hardened-perth-2025-beyond-odyssey,"Fang, Dracai of Blades",Kabuto of Imperial Authority,1
66815249,battle-hardened-perth-2025-beyond-odyssey,"Fang, Dracai of Blades",Long Whisker Loyalty,3
66815249,battle-hardened-perth-2025-beyond-odyssey,"Fang, Dracai of Blades",Nip at the Heels,3
66815249,battle-hardened-perth-2025-beyond-odyssey,"Fang, Dracai of Blades",Nullrune Hood,1
66815249,battle-hardened-perth-2025-beyond-odyssey,"Fang, Dracai of Blades",Oath of Loyalty,3
66815249,battle-hardened-perth-2025-beyond-odyssey,"Fang, Dracai of Blades",Obsidian Fire Vein,2
66815249,battle-hardened-perth-2025-beyond-odyssey,"Fang, Dracai of Blades",Perforate,3
66815249,battle-hardened-perth-2025-beyond-odyssey,"Fang, Dracai of Blades",Pledge Fealty,3
66815249,battle-hardened-perth-2025-beyond-odyssey,"Fang, Dracai of Blades",Proclaim Vengeance,0
66815249,battle-hardened-perth-2025-beyond-odyssey,"Fang, Dracai of Blades",Rake Over the Coals,3
66815249,battle-hardened-perth-2025-beyond-odyssey,"Fang, Dracai of Blades",Relentless Pursuit,3
66815249,battle-hardened-perth-2025-beyond-odyssey,"Fang, Dracai of Blades",Savor Bloodshed,3
66815249,battle-hardened-perth-2025-beyond-odyssey,"Fang, Dracai of Blades",Scar Tissue,3
66815249,battle-hardened-perth-2025-beyond-odyssey,"Fang, Dracai of Blades",Scar Tissue,3
66815249,battle-hardened-perth-2025-beyond-odyssey,"Fang, Dracai of Blades",Searing Gaze,3
66815249,battle-hardened-perth-2025-beyond-odyssey,"Fang, Dracai of Blades",Shelter from the Storm,3
66815249,battle-hardened-perth-2025-beyond-odyssey,"Fang, Dracai of Blades",Sigil of Solace,0
66815249,battle-hardened-perth-2025-beyond-odyssey,"Fang, Dracai of Blades",Sink Below,3
66815249,battle-hardened-perth-2025-beyond-odyssey,"Fang, Dracai of Blades",Slap-Happy,0
66815249,battle-hardened-perth-2025-beyond-odyssey,"Fang, Dracai of Blades",Smoke Out,3
66815249,battle-hardened-perth-2025-beyond-odyssey,"Fang, Dracai of Blades",Snag,0
66815249,battle-hardened-perth-2025-beyond-odyssey,"Fang, Dracai of Blades",Sworn Vengeance,0
66815249,battle-hardened-perth-2025-beyond-odyssey,"Fang, Dracai of Blades",Tooth of the Dragon,3
66815249,battle-hardened-perth-2025-beyond-odyssey,"Fang, Dracai of Blades",Twist and Turn,0
66815249,battle-hardened-perth-2025-beyond-odyssey,"Fang, Dracai of Blades",Valiant Dynamo,1
66815249,battle-hardened-perth-2025-beyond-odyssey,"Fang, Dracai of Blades",Warmonger's Diplomacy,0
75635635,battle-hardened-perth-2025-beyond-odyssey,"Oscilio, Constella Intelligence",Aether Bindings of the Third Age,1
75635635,battle-hardened-perth-2025-beyond-odyssey,"Oscilio, Constella Intelligence",Aether Spindle,0
75635635,battle-hardened-perth-2025-beyond-odyssey,"Oscilio, Constella Intelligence",Battlefront Bastion,2
75635635,battle-hardened-perth-2025-beyond-odyssey,"Oscilio, Constella Intelligence",Blanch,0
75635635,battle-hardened-perth-2025-beyond-odyssey,"Oscilio, Constella Intelligence",Blast to Oblivion,3
75635635,battle-hardened-perth-2025-beyond-odyssey,"Oscilio, Constella Intelligence",Blast to Oblivion,3
75635635,battle-hardened-perth-2025-beyond-odyssey,"Oscilio, Constella Intelligence",Blink,3
75635635,battle-hardened-perth-2025-beyond-odyssey,"Oscilio, Constella Intelligence",Blossom of Spring,0
75635635,battle-hardened-perth-2025-beyond-odyssey,"Oscilio, Constella Intelligence",Burn Bare,3
75635635,battle-hardened-perth-2025-beyond-odyssey,"Oscilio, Constella Intelligence",Calming Breeze,0
75635635,battle-hardened-perth-2025-beyond-odyssey,"Oscilio, Constella Intelligence",Cap of Quick Thinking,1
75635635,battle-hardened-perth-2025-beyond-odyssey,"Oscilio, Constella Intelligence",Channel Lightning Valley,3
75635635,battle-hardened-perth-2025-beyond-odyssey,"Oscilio, Constella Intelligence",Comet Storm||Shock,3
75635635,battle-hardened-perth-2025-beyond-odyssey,"Oscilio, Constella Intelligence",Consign to Cosmos||Shock,3
75635635,battle-hardened-perth-2025-beyond-odyssey,"Oscilio, Constella Intelligence",Current Funnel,3
75635635,battle-hardened-perth-2025-beyond-odyssey,"Oscilio, Constella Intelligence",Destructive Aethertide,0
75635635,battle-hardened-perth-2025-beyond-odyssey,"Oscilio, Constella Intelligence",Eclectic Magnetism,3
75635635,battle-hardened-perth-2025-beyond-odyssey,"Oscilio, Constella Intelligence",Electromagnetic Somersault,3
75635635,battle-hardened-perth-2025-beyond-odyssey,"Oscilio, Constella Intelligence",Electrostatic Discharge,3
75635635,battle-hardened-perth-2025-beyond-odyssey,"Oscilio, Constella Intelligence",Etchings of Arcana,3
75635635,battle-hardened-perth-2025-beyond-odyssey,"Oscilio, Constella Intelligence",Flash of Brilliance,1
75635635,battle-hardened-perth-2025-beyond-odyssey,"Oscilio, Constella Intelligence",Flittering Charge,3
75635635,battle-hardened-perth-2025-beyond-odyssey,"Oscilio, Constella Intelligence",Fry,2
75635635,battle-hardened-perth-2025-beyond-odyssey,"Oscilio, Constella Intelligence",Fyendal's Spring Tunic,1
75635635,battle-hardened-perth-2025-beyond-odyssey,"Oscilio, Constella Intelligence",Glyph Overlay,0
75635635,battle-hardened-perth-2025-beyond-odyssey,"Oscilio, Constella Intelligence",Gone in a Flash,3
75635635,battle-hardened-perth-2025-beyond-odyssey,"Oscilio, Constella Intelligence",High Voltage,0
75635635,battle-hardened-perth-2025-beyond-odyssey,"Oscilio, Constella Intelligence",Lightning Greaves,1
75635635,battle-hardened-perth-2025-beyond-odyssey,"Oscilio, Constella Intelligence",Lightning Press,0
75635635,battle-hardened-perth-2025-beyond-odyssey,"Oscilio, Constella Intelligence",Mind Warp,3
75635635,battle-hardened-perth-2025-beyond-odyssey,"Oscilio, Constella Intelligence",Nullrune Hood,0
75635635,battle-hardened-perth-2025-beyond-odyssey,"Oscilio, Constella Intelligence",Null||Shock,2
75635635,battle-hardened-perth-2025-beyond-odyssey,"Oscilio, Constella Intelligence",Old Knocker,1
75635635,battle-hardened-perth-2025-beyond-odyssey,"Oscilio, Constella Intelligence",Scour,0
75635635,battle-hardened-perth-2025-beyond-odyssey,"Oscilio, Constella Intelligence",Shelter from the Storm,2
75635635,battle-hardened-perth-2025-beyond-odyssey,"Oscilio, Constella Intelligence",Shock Charmers,1
75635635,battle-hardened-perth-2025-beyond-odyssey,"Oscilio, Constella Intelligence",Sigil of Aether,2
75635635,battle-hardened-perth-2025-beyond-odyssey,"Oscilio, Constella Intelligence",Sigil of Brilliance,3
75635635,battle-hardened-perth-2025-beyond-odyssey,"Oscilio, Constella Intelligence",Sigil of Conductivity,3
75635635,battle-hardened-perth-2025-beyond-odyssey,"Oscilio, Constella Intelligence",Sigil of Lightning,3
75635635,battle-hardened-perth-2025-beyond-odyssey,"Oscilio, Constella Intelligence",Sigil of Solace,3
75635635,battle-hardened-perth-2025-beyond-odyssey,"Oscilio, Constella Intelligence",Sink Below,3
75635635,battle-hardened-perth-2025-beyond-odyssey,"Oscilio, Constella Intelligence",Snag,2
75635635,battle-hardened-perth-2025-beyond-odyssey,"Oscilio, Constella Intelligence","Volzar, the Lightning Rod",1
99235941,battle-hardened-perth-2025-beyond-odyssey,"Oscilio, Constella Intelligence",Aether Bindings of the Third Age,1
99235941,battle-hardened-perth-2025-beyond-odyssey,"Oscilio, Constella Intelligence",Aether Spindle,0
99235941,battle-hardened-perth-2025-beyond-odyssey,"Oscilio, Constella Intelligence",Battlefront Bastion,0
99235941,battle-hardened-perth-2025-beyond-odyssey,"Oscilio, Constella Intelligence",Blanch,2
99235941,battle-hardened-perth-2025-beyond-odyssey,"Oscilio, Constella Intelligence",Blast to Oblivion,3
99235941,battle-hardened-perth-2025-beyond-odyssey,"Oscilio, Constella Intelligence",Blast to Oblivion,3
99235941,battle-hardened-perth-2025-beyond-odyssey,"Oscilio, Constella Intelligence",Blink,3
99235941,battle-hardened-perth-2025-beyond-odyssey,"Oscilio, Constella Intelligence",Blossom of Spring,1
99235941,battle-hardened-perth-2025-beyond-odyssey,"Oscilio, Constella Intelligence",Burn Bare,3
99235941,battle-hardened-perth-2025-beyond-odyssey,"Oscilio, Constella Intelligence",Calming Breeze,2
99235941,battle-hardened-perth-2025-beyond-odyssey,"Oscilio, Constella Intelligence",Cap of Quick Thinking,0
99235941,battle-hardened-perth-2025-beyond-odyssey,"Oscilio, Constella Intelligence",Channel Lightning Valley,3
99235941,battle-hardened-perth-2025-beyond-odyssey,"Oscilio, Constella Intelligence",Comet Storm||Shock,3
99235941,battle-hardened-perth-2025-beyond-odyssey,"Oscilio, Constella Intelligence",Consign to Cosmos||Shock,3
99235941,battle-hardened-perth-2025-beyond-odyssey,"Oscilio, Constella Intelligence",Current Funnel,3
99235941,battle-hardened-perth-2025-beyond-odyssey,"Oscilio, Constella Intelligence",Destructive Aethertide,0
99235941,battle-hardened-perth-2025-beyond-odyssey,"Oscilio, Constella Intelligence",Eclectic Magnetism,3
99235941,battle-hardened-perth-2025-beyond-odyssey,"Oscilio, Constella Intelligence",Electromagnetic Somersault,3
99235941,battle-hardened-perth-2025-beyond-odyssey,"Oscilio, Constella Intelligence",Electrostatic Discharge,3
99235941,battle-hardened-perth-2025-beyond-odyssey,"Oscilio, Constella Intelligence",Etchings of Arcana,3
99235941,battle-hardened-perth-2025-beyond-odyssey,"Oscilio, Constella Intelligence",Flash of Brilliance,1
99235941,battle-hardened-perth-2025-beyond-odyssey,"Oscilio, Constella Intelligence",Flittering Charge,3
99235941,battle-hardened-perth-2025-beyond-odyssey,"Oscilio, Constella Intelligence",Fry,2
99235941,battle-hardened-perth-2025-beyond-odyssey,"Oscilio, Constella Intelligence",Fyendal's Spring Tunic,1
99235941,battle-hardened-perth-2025-beyond-odyssey,"Oscilio, Constella Intelligence",Glyph Overlay,1
99235941,battle-hardened-perth-2025-beyond-odyssey,"Oscilio, Constella Intelligence",Gone in a Flash,3
99235941,battle-hardened-perth-2025-beyond-odyssey,"Oscilio, Constella Intelligence",High Voltage,0
99235941,battle-hardened-perth-2025-beyond-odyssey,"Oscilio, Constella Intelligence",Lightning Greaves,1
99235941,battle-hardened-perth-2025-beyond-odyssey,"Oscilio, Constella Intelligence",Lightning Press,0
99235941,battle-hardened-perth-2025-beyond-odyssey,"Oscilio, Constella Intelligence",Mind Warp,3
99235941,battle-hardened-perth-2025-beyond-odyssey,"Oscilio, Constella Intelligence",Nullrune Hood,1
99235941,battle-hardened-perth-2025-beyond-odyssey,"Oscilio, Constella Intelligence",Null||Shock,2
99235941,battle-hardened-perth-2025-beyond-odyssey,"Oscilio, Constella Intelligence",Old Knocker,0
99235941,battle-hardened-perth-2025-beyond-odyssey,"Oscilio, Constella Intelligence",Scour,2
99235941,battle-hardened-perth-2025-beyond-odyssey,"Oscilio, Constella Intelligence",Shelter from the Storm,0
99235941,battle-hardened-perth-2025-beyond-odyssey,"Oscilio, Constella Intelligence",Shock Charmers,0
99235941,battle-hardened-perth-2025-beyond-odyssey,"Oscilio, Constella Intelligence",Sigil of Aether,2
99235941,battle-hardened-perth-2025-beyond-odyssey,"Oscilio, Constella Intelligence",Sigil of Brilliance,3
99235941,battle-hardened-perth-2025-beyond-odyssey,"Oscilio, Constella Intelligence",Sigil of Conductivity,3
99235941,battle-hardened-perth-2025-beyond-odyssey,"Oscilio, Constella Intelligence",Sigil of Lightning,3
99235941,battle-hardened-perth-2025-beyond-odyssey,"Oscilio, Constella Intelligence",Sigil of Solace,3
99235941,battle-hardened-perth-2025-beyond-odyssey,"Oscilio, Constella Intelligence",Sink Below,3
99235941,battle-hardened-perth-2025-beyond-odyssey,"Oscilio, Constella Intelligence",Snag,0
99235941,battle-hardened-perth-2025-beyond-odyssey,"Oscilio, Constella Intelligence","Volzar, the Lightning Rod",1
76836146,battle-hardened-perth-2025-beyond-odyssey,"Oscilio, Constella Intelligence",Aether Bindings of the Third Age,1
76836146,battle-hardened-perth-2025-beyond-odyssey,"Oscilio, Constella Intelligence",Aether Spindle,0
76836146,battle-hardened-perth-2025-beyond-odyssey,"Oscilio, Constella Intelligence",Battlefront Bastion,1
76836146,battle-hardened-perth-2025-beyond-odyssey,"Oscilio, Constella Intelligence",Blanch,0
76836146,battle-hardened-perth-2025-beyond-odyssey,"Oscilio, Constella Intelligence",Blast to Oblivion,3
76836146,battle-hardened-perth-2025-beyond-odyssey,"Oscilio, Constella Intelligence",Blast to Oblivion,3
76836146,battle-hardened-perth-2025-beyond-odyssey,"Oscilio, Constella Intelligence",Blink,3
76836146,battle-hardened-perth-2025-beyond-odyssey,"Oscilio, Constella Intelligence",Blossom of Spring,0
76836146,battle-hardened-perth-2025-beyond-odyssey,"Oscilio, Constella Intelligence",Burn Bare,3
76836146,battle-hardened-perth-2025-beyond-odyssey,"Oscilio, Constella Intelligence",Calming Breeze,0
76836146,battle-hardened-perth-2025-beyond-odyssey,"Oscilio, Constella Intelligence",Cap of Quick Thinking,1
76836146,battle-hardened-perth-2025-beyond-odyssey,"Oscilio, Constella Intelligence",Channel Lightning Valley,3
76836146,battle-hardened-perth-2025-beyond-odyssey,"Oscilio, Constella Intelligence",Comet Storm||Shock,3
76836146,battle-hardened-perth-2025-beyond-odyssey,"Oscilio, Constella Intelligence",Consign to Cosmos||Shock,3
76836146,battle-hardened-perth-2025-beyond-odyssey,"Oscilio, Constella Intelligence",Current Funnel,3
76836146,battle-hardened-perth-2025-beyond-odyssey,"Oscilio, Constella Intelligence",Destructive Aethertide,0
76836146,battle-hardened-perth-2025-beyond-odyssey,"Oscilio, Constella Intelligence",Eclectic Magnetism,3
76836146,battle-hardened-perth-2025-beyond-odyssey,"Oscilio, Constella Intelligence",Electromagnetic Somersault,3
76836146,battle-hardened-perth-2025-beyond-odyssey,"Oscilio, Constella Intelligence",Electrostatic Discharge,3
76836146,battle-hardened-perth-2025-beyond-odyssey,"Oscilio, Constella Intelligence",Etchings of Arcana,3
76836146,battle-hardened-perth-2025-beyond-odyssey,"Oscilio, Constella Intelligence",Flash of Brilliance,1
76836146,battle-hardened-perth-2025-beyond-odyssey,"Oscilio, Constella Intelligence",Flittering Charge,3
76836146,battle-hardened-perth-2025-beyond-odyssey,"Oscilio, Constella Intelligence",Fry,2
76836146,battle-hardened-perth-2025-beyond-odyssey,"Oscilio, Constella Intelligence",Fyendal's Spring Tunic,1
76836146,battle-hardened-perth-2025-beyond-odyssey,"Oscilio, Constella Intelligence",Glyph Overlay,0
76836146,battle-hardened-perth-2025-beyond-odyssey,"Oscilio, Constella Intelligence",Gone in a Flash,3
76836146,battle-hardened-perth-2025-beyond-odyssey,"Oscilio, Constella Intelligence",High Voltage,0
76836146,battle-hardened-perth-2025-beyond-odyssey,"Oscilio, Constella Intelligence",Lightning Greaves,1
76836146,battle-hardened-perth-2025-beyond-odyssey,"Oscilio, Constella Intelligence",Lightning Press,2
76836146,battle-hardened-perth-2025-beyond-odyssey,"Oscilio, Constella Intelligence",Mind Warp,3
76836146,battle-hardened-perth-2025-beyond-odyssey,"Oscilio, Constella Intelligence",Nullrune Hood,0
76836146,battle-hardened-perth-2025-beyond-odyssey,"Oscilio, Constella Intelligence",Null||Shock,2
76836146,battle-hardened-perth-2025-beyond-odyssey,"Oscilio, Constella Intelligence",Old Knocker,1
76836146,battle-hardened-perth-2025-beyond-odyssey,"Oscilio, Constella Intelligence",Scour,0
76836146,battle-hardened-perth-2025-beyond-odyssey,"Oscilio, Constella Intelligence",Shelter from the Storm,2
76836146,battle-hardened-perth-2025-beyond-odyssey,"Oscilio, Constella Intelligence",Shock Charmers,1
76836146,battle-hardened-perth-2025-beyond-odyssey,"Oscilio, Constella Intelligence",Sigil of Aether,1
76836146,battle-hardened-perth-2025-beyond-odyssey,"Oscilio, Constella Intelligence",Sigil of Brilliance,3
76836146,battle-hardened-perth-2025-beyond-odyssey,"Oscilio, Constella Intelligence",Sigil of Conductivity,3
76836146,battle-hardened-perth-2025-beyond-odyssey,"Oscilio, Constella Intelligence",Sigil of Lightning,3
76836146,battle-hardened-perth-2025-beyond-odyssey,"Oscilio, Constella Intelligence",Sigil of Solace,3
76836146,battle-hardened-perth-2025-beyond-odyssey,"Oscilio, Constella Intelligence",Sink Below,3
76836146,battle-hardened-perth-2025-beyond-odyssey,"Oscilio, Constella Intelligence",Snag,2
76836146,battle-hardened-perth-2025-beyond-odyssey,"Oscilio, Constella Intelligence","Volzar, the Lightning Rod",1
54871472,battle-hardened-perth-2025-beyond-odyssey,"Prism, Awakener of Sol",Angelic Wrath,3
54871472,battle-hardened-perth-2025-beyond-odyssey,"Prism, Awakener of Sol",Arc Light Sentinel,3
54871472,battle-hardened-perth-2025-beyond-odyssey,"Prism, Awakener of Sol",Calming Gesture,1
54871472,battle-hardened-perth-2025-beyond-odyssey,"Prism, Awakener of Sol",Celestial Cataclysm,2
54871472,battle-hardened-perth-2025-beyond-odyssey,"Prism, Awakener of Sol",Celestial Reprimand,0
54871472,battle-hardened-perth-2025-beyond-odyssey,"Prism, Awakener of Sol",Dream Weavers,1
54871472,battle-hardened-perth-2025-beyond-odyssey,"Prism, Awakener of Sol",Empyrean Rapture,1
54871472,battle-hardened-perth-2025-beyond-odyssey,"Prism, Awakener of Sol",Figment of Erudition,1
54871472,battle-hardened-perth-2025-beyond-odyssey,"Prism, Awakener of Sol",Figment of Judgment,1
54871472,battle-hardened-perth-2025-beyond-odyssey,"Prism, Awakener of Sol",Figment of Protection,1
54871472,battle-hardened-perth-2025-beyond-odyssey,"Prism, Awakener of Sol",Figment of Ravages,1
54871472,battle-hardened-perth-2025-beyond-odyssey,"Prism, Awakener of Sol",Figment of Rebirth,1
54871472,battle-hardened-perth-2025-beyond-odyssey,"Prism, Awakener of Sol",Figment of Tenacity,1
54871472,battle-hardened-perth-2025-beyond-odyssey,"Prism, Awakener of Sol",Figment of Triumph,1
54871472,battle-hardened-perth-2025-beyond-odyssey,"Prism, Awakener of Sol",Figment of War,1
54871472,battle-hardened-perth-2025-beyond-odyssey,"Prism, Awakener of Sol",Genesis,3
54871472,battle-hardened-perth-2025-beyond-odyssey,"Prism, Awakener of Sol",Great Library of Solana,1
54871472,battle-hardened-perth-2025-beyond-odyssey,"Prism, Awakener of Sol",Halo of Illumination,1
54871472,battle-hardened-perth-2025-beyond-odyssey,"Prism, Awakener of Sol",Herald of Erudition,3
54871472,battle-hardened-perth-2025-beyond-odyssey,"Prism, Awakener of Sol",Herald of Judgment,3
54871472,battle-hardened-perth-2025-beyond-odyssey,"Prism, Awakener of Sol",Herald of Protection,3
54871472,battle-hardened-perth-2025-beyond-odyssey,"Prism, Awakener of Sol",Herald of Protection,3
54871472,battle-hardened-perth-2025-beyond-odyssey,"Prism, Awakener of Sol",Herald of Protection,3
54871472,battle-hardened-perth-2025-beyond-odyssey,"Prism, Awakener of Sol",Herald of Ravages,1
54871472,battle-hardened-perth-2025-beyond-odyssey,"Prism, Awakener of Sol",Herald of Ravages,3
54871472,battle-hardened-perth-2025-beyond-odyssey,"Prism, Awakener of Sol",Herald of Rebirth,3
54871472,battle-hardened-perth-2025-beyond-odyssey,"Prism, Awakener of Sol",Herald of Sekem,0
54871472,battle-hardened-perth-2025-beyond-odyssey,"Prism, Awakener of Sol",Herald of Tenacity,0
54871472,battle-hardened-perth-2025-beyond-odyssey,"Prism, Awakener of Sol",Herald of Triumph,3
54871472,battle-hardened-perth-2025-beyond-odyssey,"Prism, Awakener of Sol",Herald of Triumph,3
54871472,battle-hardened-perth-2025-beyond-odyssey,"Prism, Awakener of Sol",Herald of Triumph,3
54871472,battle-hardened-perth-2025-beyond-odyssey,"Prism, Awakener of Sol",Light of Sol,1
54871472,battle-hardened-perth-2025-beyond-odyssey,"Prism, Awakener of Sol","Luminaris, Angel's Glow",1
54871472,battle-hardened-perth-2025-beyond-odyssey,"Prism, Awakener of Sol",Merciful Retribution,3
54871472,battle-hardened-perth-2025-beyond-odyssey,"Prism, Awakener of Sol",Passing Mirage,3
54871472,battle-hardened-perth-2025-beyond-odyssey,"Prism, Awakener of Sol",Phantasmal Footsteps,1
54871472,battle-hardened-perth-2025-beyond-odyssey,"Prism, Awakener of Sol",Pierce Reality,3
54871472,battle-hardened-perth-2025-beyond-odyssey,"Prism, Awakener of Sol",Soul Shield,3
54871472,battle-hardened-perth-2025-beyond-odyssey,"Prism, Awakener of Sol",That All You Got?,0
54871472,battle-hardened-perth-2025-beyond-odyssey,"Prism, Awakener of Sol",Vestige of Sol,1
54871472,battle-hardened-perth-2025-beyond-odyssey,"Prism, Awakener of Sol",Wartune Herald,3
54871472,battle-hardened-perth-2025-beyond-odyssey,"Prism, Awakener of Sol",Wartune Herald,3
54871472,battle-hardened-perth-2025-beyond-odyssey,"Prism, Awakener of Sol",Wartune Herald,3
91791322,battle-hardened-perth-2025-beyond-odyssey,"Fai, Rising Rebellion",Battlefront Bastion,3
91791322,battle-hardened-perth-2025-beyond-odyssey,"Fai, Rising Rebellion",Blaze Headlong,3
91791322,battle-hardened-perth-2025-beyond-odyssey,"Fai, Rising Rebellion",Blood Drop,3
91791322,battle-hardened-perth-2025-beyond-odyssey,"Fai, Rising Rebellion",Brand with Cinderclaw,3
91791322,battle-hardened-perth-2025-beyond-odyssey,"Fai, Rising Rebellion",Brand with Cinderclaw,3
91791322,battle-hardened-perth-2025-beyond-odyssey,"Fai, Rising Rebellion",Cinderskin Devotion,2
91791322,battle-hardened-perth-2025-beyond-odyssey,"Fai, Rising Rebellion",Display Loyalty,3
91791322,battle-hardened-perth-2025-beyond-odyssey,"Fai, Rising Rebellion",Dragon Power,3
91791322,battle-hardened-perth-2025-beyond-odyssey,"Fai, Rising Rebellion",Dragonscaler Flight Path,1
91791322,battle-hardened-perth-2025-beyond-odyssey,"Fai, Rising Rebellion",Energy Potion,1
91791322,battle-hardened-perth-2025-beyond-odyssey,"Fai, Rising Rebellion",Flamecall Awakening,2
91791322,battle-hardened-perth-2025-beyond-odyssey,"Fai, Rising Rebellion",Flamescale Furnace,1
91791322,battle-hardened-perth-2025-beyond-odyssey,"Fai, Rising Rebellion",Fyendal's Spring Tunic,1
91791322,battle-hardened-perth-2025-beyond-odyssey,"Fai, Rising Rebellion",Hot on Their Heels,3
91791322,battle-hardened-perth-2025-beyond-odyssey,"Fai, Rising Rebellion",Hunt to the Ends of Rathe,3
91791322,battle-hardened-perth-2025-beyond-odyssey,"Fai, Rising Rebellion",Ignite,3
91791322,battle-hardened-perth-2025-beyond-odyssey,"Fai, Rising Rebellion",Lava Burst,3
91791322,battle-hardened-perth-2025-beyond-odyssey,"Fai, Rising Rebellion",Lava Vein Loyalty,1
91791322,battle-hardened-perth-2025-beyond-odyssey,"Fai, Rising Rebellion",Lava Vein Loyalty,3
91791322,battle-hardened-perth-2025-beyond-odyssey,"Fai, Rising Rebellion",Loyalty Beyond the Grave,3
91791322,battle-hardened-perth-2025-beyond-odyssey,"Fai, Rising Rebellion",Mask of the Pouncing Lynx,1
91791322,battle-hardened-perth-2025-beyond-odyssey,"Fai, Rising Rebellion",Mounting Anger,3
91791322,battle-hardened-perth-2025-beyond-odyssey,"Fai, Rising Rebellion",Oath of Loyalty,3
91791322,battle-hardened-perth-2025-beyond-odyssey,"Fai, Rising Rebellion",Phoenix Flame,2
91791322,battle-hardened-perth-2025-beyond-odyssey,"Fai, Rising Rebellion",Prowess of Agility,3
91791322,battle-hardened-perth-2025-beyond-odyssey,"Fai, Rising Rebellion",Rake Over the Coals,2
91791322,battle-hardened-perth-2025-beyond-odyssey,"Fai, Rising Rebellion",Rising Resentment,3
91791322,battle-hardened-perth-2025-beyond-odyssey,"Fai, Rising Rebellion",Ronin Renegade,3
91791322,battle-hardened-perth-2025-beyond-odyssey,"Fai, Rising Rebellion",Salt the Wound,2
91791322,battle-hardened-perth-2025-beyond-odyssey,"Fai, Rising Rebellion",Searing Emberblade,1
91791322,battle-hardened-perth-2025-beyond-odyssey,"Fai, Rising Rebellion",Sink Below,2
91791322,battle-hardened-perth-2025-beyond-odyssey,"Fai, Rising Rebellion",Spreading Flames,3
91791322,battle-hardened-perth-2025-beyond-odyssey,"Fai, Rising Rebellion",Tenacity,2
91791322,battle-hardened-perth-2025-beyond-odyssey,"Fai, Rising Rebellion",Tide Flippers,1
91791322,battle-hardened-perth-2025-beyond-odyssey,"Fai, Rising Rebellion",Tiger Stripe Shuko,1
88357994,battle-hardened-perth-2025-beyond-odyssey,"Florian, Rotwood Harbinger",Arcane Compliance,0
88357994,battle-hardened-perth-2025-beyond-odyssey,"Florian, Rotwood Harbinger",Arcane Seeds||Life,3
88357994,battle-hardened-perth-2025-beyond-odyssey,"Florian, Rotwood Harbinger",Autumn's Touch,3
88357994,battle-hardened-perth-2025-beyond-odyssey,"Florian, Rotwood Harbinger",Barkskin of the Millennium Tree,1
88357994,battle-hardened-perth-2025-beyond-odyssey,"Florian, Rotwood Harbinger",Base of the Mountain,0
88357994,battle-hardened-perth-2025-beyond-odyssey,"Florian, Rotwood Harbinger",Blanch,3
88357994,battle-hardened-perth-2025-beyond-odyssey,"Florian, Rotwood Harbinger",Bramble Spark,3
88357994,battle-hardened-perth-2025-beyond-odyssey,"Florian, Rotwood Harbinger",Cadaverous Tilling,2
88357994,battle-hardened-perth-2025-beyond-odyssey,"Florian, Rotwood Harbinger",Call for Backup,0
88357994,battle-hardened-perth-2025-beyond-odyssey,"Florian, Rotwood Harbinger",Canopy Shelter,3
88357994,battle-hardened-perth-2025-beyond-odyssey,"Florian, Rotwood Harbinger",Channel Mount Heroic,3
88357994,battle-hardened-perth-2025-beyond-odyssey,"Florian, Rotwood Harbinger",Channel the Millennium Tree,0
88357994,battle-hardened-perth-2025-beyond-odyssey,"Florian, Rotwood Harbinger",Command and Conquer,3
88357994,battle-hardened-perth-2025-beyond-odyssey,"Florian, Rotwood Harbinger",Crown of Dichotomy,0
88357994,battle-hardened-perth-2025-beyond-odyssey,"Florian, Rotwood Harbinger",Deny Redemption,0
88357994,battle-hardened-perth-2025-beyond-odyssey,"Florian, Rotwood Harbinger",Dread Scythe,0
88357994,battle-hardened-perth-2025-beyond-odyssey,"Florian, Rotwood Harbinger",Dread Triptych,0
88357994,battle-hardened-perth-2025-beyond-odyssey,"Florian, Rotwood Harbinger",Dyadic Carapace,1
88357994,battle-hardened-perth-2025-beyond-odyssey,"Florian, Rotwood Harbinger",Enlightened Strike,3
88357994,battle-hardened-perth-2025-beyond-odyssey,"Florian, Rotwood Harbinger",Erase Face,0
88357994,battle-hardened-perth-2025-beyond-odyssey,"Florian, Rotwood Harbinger",Everbloom||Life,3
88357994,battle-hardened-perth-2025-beyond-odyssey,"Florian, Rotwood Harbinger",Face Purgatory,1
88357994,battle-hardened-perth-2025-beyond-odyssey,"Florian, Rotwood Harbinger",Felling of the Crown,3
88357994,battle-hardened-perth-2025-beyond-odyssey,"Florian, Rotwood Harbinger",Flourish,0
88357994,battle-hardened-perth-2025-beyond-odyssey,"Florian, Rotwood Harbinger",Fruits of the Forest,3
88357994,battle-hardened-perth-2025-beyond-odyssey,"Florian, Rotwood Harbinger",Give and Take,0
88357994,battle-hardened-perth-2025-beyond-odyssey,"Florian, Rotwood Harbinger",Grasp of the Arknight,1
88357994,battle-hardened-perth-2025-beyond-odyssey,"Florian, Rotwood Harbinger",Haunting Rendition,0
88357994,battle-hardened-perth-2025-beyond-odyssey,"Florian, Rotwood Harbinger",Malefic Incantation,3
88357994,battle-hardened-perth-2025-beyond-odyssey,"Florian, Rotwood Harbinger",Nullrune Boots,1
88357994,battle-hardened-perth-2025-beyond-odyssey,"Florian, Rotwood Harbinger",Oasis Respite,0
88357994,battle-hardened-perth-2025-beyond-odyssey,"Florian, Rotwood Harbinger",Oath of the Arknight,0
88357994,battle-hardened-perth-2025-beyond-odyssey,"Florian, Rotwood Harbinger",Overload,0
88357994,battle-hardened-perth-2025-beyond-odyssey,"Florian, Rotwood Harbinger",Plow Under,3
88357994,battle-hardened-perth-2025-beyond-odyssey,"Florian, Rotwood Harbinger",Plume of Evergrowth,1
88357994,battle-hardened-perth-2025-beyond-odyssey,"Florian, Rotwood Harbinger",Reaping Blade,1
88357994,battle-hardened-perth-2025-beyond-odyssey,"Florian, Rotwood Harbinger",Rootbound Carapace,3
88357994,battle-hardened-perth-2025-beyond-odyssey,"Florian, Rotwood Harbinger",Rootbound Carapace,2
88357994,battle-hardened-perth-2025-beyond-odyssey,"Florian, Rotwood Harbinger",Rowdy Locals,0
88357994,battle-hardened-perth-2025-beyond-odyssey,"Florian, Rotwood Harbinger",Runerager Swarm,3
88357994,battle-hardened-perth-2025-beyond-odyssey,"Florian, Rotwood Harbinger",Runerager Swarm,3
88357994,battle-hardened-perth-2025-beyond-odyssey,"Florian, Rotwood Harbinger",Runic Reclamation,2
88357994,battle-hardened-perth-2025-beyond-odyssey,"Florian, Rotwood Harbinger",Scar for a Scar,0
88357994,battle-hardened-perth-2025-beyond-odyssey,"Florian, Rotwood Harbinger",Shelter from the Storm,3
88357994,battle-hardened-perth-2025-beyond-odyssey,"Florian, Rotwood Harbinger",Sink Below,3
88357994,battle-hardened-perth-2025-beyond-odyssey,"Florian, Rotwood Harbinger",Summer's Fall,2
88357994,battle-hardened-perth-2025-beyond-odyssey,"Florian, Rotwood Harbinger",Summer's Fall,2
88357994,battle-hardened-perth-2025-beyond-odyssey,"Florian, Rotwood Harbinger",Swarming Gloomveil,3
88357994,battle-hardened-perth-2025-beyond-odyssey,"Florian, Rotwood Harbinger",The Weakest Link,2
88357994,battle-hardened-perth-2025-beyond-odyssey,"Florian, Rotwood Harbinger",This Round's on Me,0
88357994,battle-hardened-perth-2025-beyond-odyssey,"Florian, Rotwood Harbinger",Thistle Bloom||Life,0
88357994,battle-hardened-perth-2025-beyond-odyssey,"Florian, Rotwood Harbinger",Trot Along,3
88357994,battle-hardened-perth-2025-beyond-odyssey,"Florian, Rotwood Harbinger",Truce,0
88357994,battle-hardened-perth-2025-beyond-odyssey,"Florian, Rotwood Harbinger",Warmonger's Diplomacy,0
88357994,battle-hardened-perth-2025-beyond-odyssey,"Florian, Rotwood Harbinger",Well Grounded,1
12768988,battle-hardened-perth-2025-beyond-odyssey,"Prism, Awakener of Sol",Angelic Wrath,3
12768988,battle-hardened-perth-2025-beyond-odyssey,"Prism, Awakener of Sol",Arc Light Sentinel,3
12768988,battle-hardened-perth-2025-beyond-odyssey,"Prism, Awakener of Sol",Calming Gesture,1
12768988,battle-hardened-perth-2025-beyond-odyssey,"Prism, Awakener of Sol",Celestial Cataclysm,3
12768988,battle-hardened-perth-2025-beyond-odyssey,"Prism, Awakener of Sol",Celestial Reprimand,0
12768988,battle-hardened-perth-2025-beyond-odyssey,"Prism, Awakener of Sol",Dream Weavers,1
12768988,battle-hardened-perth-2025-beyond-odyssey,"Prism, Awakener of Sol",Empyrean Rapture,1
12768988,battle-hardened-perth-2025-beyond-odyssey,"Prism, Awakener of Sol",Figment of Erudition,1
12768988,battle-hardened-perth-2025-beyond-odyssey,"Prism, Awakener of Sol",Figment of Judgment,1
12768988,battle-hardened-perth-2025-beyond-odyssey,"Prism, Awakener of Sol",Figment of Protection,1
12768988,battle-hardened-perth-2025-beyond-odyssey,"Prism, Awakener of Sol",Figment of Ravages,1
12768988,battle-hardened-perth-2025-beyond-odyssey,"Prism, Awakener of Sol",Figment of Rebirth,1
12768988,battle-hardened-perth-2025-beyond-odyssey,"Prism, Awakener of Sol",Figment of Tenacity,1
12768988,battle-hardened-perth-2025-beyond-odyssey,"Prism, Awakener of Sol",Figment of Triumph,1
12768988,battle-hardened-perth-2025-beyond-odyssey,"Prism, Awakener of Sol",Figment of War,1
12768988,battle-hardened-perth-2025-beyond-odyssey,"Prism, Awakener of Sol",Genesis,3
12768988,battle-hardened-perth-2025-beyond-odyssey,"Prism, Awakener of Sol",Great Library of Solana,1
12768988,battle-hardened-perth-2025-beyond-odyssey,"Prism, Awakener of Sol",Halo of Illumination,1
12768988,battle-hardened-perth-2025-beyond-odyssey,"Prism, Awakener of Sol",Herald of Erudition,3
12768988,battle-hardened-perth-2025-beyond-odyssey,"Prism, Awakener of Sol",Herald of Judgment,3
12768988,battle-hardened-perth-2025-beyond-odyssey,"Prism, Awakener of Sol",Herald of Protection,3
12768988,battle-hardened-perth-2025-beyond-odyssey,"Prism, Awakener of Sol",Herald of Protection,3
12768988,battle-hardened-perth-2025-beyond-odyssey,"Prism, Awakener of Sol",Herald of Protection,3
12768988,battle-hardened-perth-2025-beyond-odyssey,"Prism, Awakener of Sol",Herald of Ravages,3
12768988,battle-hardened-perth-2025-beyond-odyssey,"Prism, Awakener of Sol",Herald of Rebirth,2
12768988,battle-hardened-perth-2025-beyond-odyssey,"Prism, Awakener of Sol",Herald of Sekem,2
12768988,battle-hardened-perth-2025-beyond-odyssey,"Prism, Awakener of Sol",Herald of Tenacity,0
12768988,battle-hardened-perth-2025-beyond-odyssey,"Prism, Awakener of Sol",Herald of Triumph,3
12768988,battle-hardened-perth-2025-beyond-odyssey,"Prism, Awakener of Sol",Herald of Triumph,2
12768988,battle-hardened-perth-2025-beyond-odyssey,"Prism, Awakener of Sol",Herald of Triumph,3
12768988,battle-hardened-perth-2025-beyond-odyssey,"Prism, Awakener of Sol",Light of Sol,1
12768988,battle-hardened-perth-2025-beyond-odyssey,"Prism, Awakener of Sol","Luminaris, Angel's Glow",1
12768988,battle-hardened-perth-2025-beyond-odyssey,"Prism, Awakener of Sol",Merciful Retribution,3
12768988,battle-hardened-perth-2025-beyond-odyssey,"Prism, Awakener of Sol",Passing Mirage,3
12768988,battle-hardened-perth-2025-beyond-odyssey,"Prism, Awakener of Sol",Phantasmal Footsteps,1
12768988,battle-hardened-perth-2025-beyond-odyssey,"Prism, Awakener of Sol",Pierce Reality,3
12768988,battle-hardened-perth-2025-beyond-odyssey,"Prism, Awakener of Sol",Soul Shield,3
12768988,battle-hardened-perth-2025-beyond-odyssey,"Prism, Awakener of Sol",That All You Got?,0
12768988,battle-hardened-perth-2025-beyond-odyssey,"Prism, Awakener of Sol",Vestige of Sol,1
12768988,battle-hardened-perth-2025-beyond-odyssey,"Prism, Awakener of Sol",Wartune Herald,3
12768988,battle-hardened-perth-2025-beyond-odyssey,"Prism, Awakener of Sol",Wartune Herald,3
12768988,battle-hardened-perth-2025-beyond-odyssey,"Prism, Awakener of Sol",Wartune Herald,3
68941746,battle-hardened-perth-2025-beyond-odyssey,"Arakni, 5L!p3d 7hRu 7h3 cR4X",Art of Desire: Body,3
68941746,battle-hardened-perth-2025-beyond-odyssey,"Arakni, 5L!p3d 7hRu 7h3 cR4X",Art of Desire: Mind,3
68941746,battle-hardened-perth-2025-beyond-odyssey,"Arakni, 5L!p3d 7hRu 7h3 cR4X",Balance of Justice,0
68941746,battle-hardened-perth-2025-beyond-odyssey,"Arakni, 5L!p3d 7hRu 7h3 cR4X",Blacktek Whisperers,1
68941746,battle-hardened-perth-2025-beyond-odyssey,"Arakni, 5L!p3d 7hRu 7h3 cR4X",Blanch,2
68941746,battle-hardened-perth-2025-beyond-odyssey,"Arakni, 5L!p3d 7hRu 7h3 cR4X",Bonds of Agony,3
68941746,battle-hardened-perth-2025-beyond-odyssey,"Arakni, 5L!p3d 7hRu 7h3 cR4X",Bonds of Attraction,0
68941746,battle-hardened-perth-2025-beyond-odyssey,"Arakni, 5L!p3d 7hRu 7h3 cR4X",Bonds of Memory,0
68941746,battle-hardened-perth-2025-beyond-odyssey,"Arakni, 5L!p3d 7hRu 7h3 cR4X",Codex of Frailty,3
68941746,battle-hardened-perth-2025-beyond-odyssey,"Arakni, 5L!p3d 7hRu 7h3 cR4X",Command and Conquer,3
68941746,battle-hardened-perth-2025-beyond-odyssey,"Arakni, 5L!p3d 7hRu 7h3 cR4X",Crown of Providence,1
68941746,battle-hardened-perth-2025-beyond-odyssey,"Arakni, 5L!p3d 7hRu 7h3 cR4X",Double Trouble,3
68941746,battle-hardened-perth-2025-beyond-odyssey,"Arakni, 5L!p3d 7hRu 7h3 cR4X",Double Trouble,2
68941746,battle-hardened-perth-2025-beyond-odyssey,"Arakni, 5L!p3d 7hRu 7h3 cR4X",Fate Foreseen,0
68941746,battle-hardened-perth-2025-beyond-odyssey,"Arakni, 5L!p3d 7hRu 7h3 cR4X",Flick Knives,1
68941746,battle-hardened-perth-2025-beyond-odyssey,"Arakni, 5L!p3d 7hRu 7h3 cR4X",Fyendal's Spring Tunic,1
68941746,battle-hardened-perth-2025-beyond-odyssey,"Arakni, 5L!p3d 7hRu 7h3 cR4X",Hunter's Klaive,2
68941746,battle-hardened-perth-2025-beyond-odyssey,"Arakni, 5L!p3d 7hRu 7h3 cR4X",Infect,3
68941746,battle-hardened-perth-2025-beyond-odyssey,"Arakni, 5L!p3d 7hRu 7h3 cR4X",Infiltrate,0
68941746,battle-hardened-perth-2025-beyond-odyssey,"Arakni, 5L!p3d 7hRu 7h3 cR4X",Just a Nick,3
68941746,battle-hardened-perth-2025-beyond-odyssey,"Arakni, 5L!p3d 7hRu 7h3 cR4X",Kiss of Death,3
68941746,battle-hardened-perth-2025-beyond-odyssey,"Arakni, 5L!p3d 7hRu 7h3 cR4X",Leave No Witnesses,3
68941746,battle-hardened-perth-2025-beyond-odyssey,"Arakni, 5L!p3d 7hRu 7h3 cR4X",Mark of the Black Widow,3
68941746,battle-hardened-perth-2025-beyond-odyssey,"Arakni, 5L!p3d 7hRu 7h3 cR4X",Mask of Perdition,0
68941746,battle-hardened-perth-2025-beyond-odyssey,"Arakni, 5L!p3d 7hRu 7h3 cR4X",Orb-Weaver Spinneret,3
68941746,battle-hardened-perth-2025-beyond-odyssey,"Arakni, 5L!p3d 7hRu 7h3 cR4X",Pain in the Backside,3
68941746,battle-hardened-perth-2025-beyond-odyssey,"Arakni, 5L!p3d 7hRu 7h3 cR4X",Persuasive Prognosis,3
68941746,battle-hardened-perth-2025-beyond-odyssey,"Arakni, 5L!p3d 7hRu 7h3 cR4X",Pick Up the Point,3
68941746,battle-hardened-perth-2025-beyond-odyssey,"Arakni, 5L!p3d 7hRu 7h3 cR4X",Pick to Pieces,1
68941746,battle-hardened-perth-2025-beyond-odyssey,"Arakni, 5L!p3d 7hRu 7h3 cR4X",Plunder the Poor,0
68941746,battle-hardened-perth-2025-beyond-odyssey,"Arakni, 5L!p3d 7hRu 7h3 cR4X",Razor's Edge,3
68941746,battle-hardened-perth-2025-beyond-odyssey,"Arakni, 5L!p3d 7hRu 7h3 cR4X",Redback Shroud,1
68941746,battle-hardened-perth-2025-beyond-odyssey,"Arakni, 5L!p3d 7hRu 7h3 cR4X",Savor Bloodshed,0
68941746,battle-hardened-perth-2025-beyond-odyssey,"Arakni, 5L!p3d 7hRu 7h3 cR4X",Shelter from the Storm,3
68941746,battle-hardened-perth-2025-beyond-odyssey,"Arakni, 5L!p3d 7hRu 7h3 cR4X",Shred,2
68941746,battle-hardened-perth-2025-beyond-odyssey,"Arakni, 5L!p3d 7hRu 7h3 cR4X",Sigil of Solace,0
68941746,battle-hardened-perth-2025-beyond-odyssey,"Arakni, 5L!p3d 7hRu 7h3 cR4X",Sink Below,3
68941746,battle-hardened-perth-2025-beyond-odyssey,"Arakni, 5L!p3d 7hRu 7h3 cR4X",Snag,0
68941746,battle-hardened-perth-2025-beyond-odyssey,"Arakni, 5L!p3d 7hRu 7h3 cR4X",Spike with Bloodrot,3
68941746,battle-hardened-perth-2025-beyond-odyssey,"Arakni, 5L!p3d 7hRu 7h3 cR4X",Stains of the Redback,0
68941746,battle-hardened-perth-2025-beyond-odyssey,"Arakni, 5L!p3d 7hRu 7h3 cR4X",Take Up the Mantle,3
68941746,battle-hardened-perth-2025-beyond-odyssey,"Arakni, 5L!p3d 7hRu 7h3 cR4X",Tarantula Toxin,3
68941746,battle-hardened-perth-2025-beyond-odyssey,"Arakni, 5L!p3d 7hRu 7h3 cR4X",Undercover Acquisition,0
68941746,battle-hardened-perth-2025-beyond-odyssey,"Arakni, 5L!p3d 7hRu 7h3 cR4X",Widow Back Abdomen,1
68941746,battle-hardened-perth-2025-beyond-odyssey,"Arakni, 5L!p3d 7hRu 7h3 cR4X",Widow Veil Respirator,1
68941746,battle-hardened-perth-2025-beyond-odyssey,"Arakni, 5L!p3d 7hRu 7h3 cR4X",Widow Web Crawler,1
13299616,battle-hardened-perth-2025-beyond-odyssey,"Fang, Dracai of Blades",Affirm Loyalty,3
13299616,battle-hardened-perth-2025-beyond-odyssey,"Fang, Dracai of Blades",Arcane Compliance,0
13299616,battle-hardened-perth-2025-beyond-odyssey,"Fang, Dracai of Blades",Balance of Justice,1
13299616,battle-hardened-perth-2025-beyond-odyssey,"Fang, Dracai of Blades",Battlefront Bastion,2
13299616,battle-hardened-perth-2025-beyond-odyssey,"Fang, Dracai of Blades",Blade Flurry,0
13299616,battle-hardened-perth-2025-beyond-odyssey,"Fang, Dracai of Blades",Blaze Headlong,2
13299616,battle-hardened-perth-2025-beyond-odyssey,"Fang, Dracai of Blades",Blistering Blade,3
13299616,battle-hardened-perth-2025-beyond-odyssey,"Fang, Dracai of Blades",Braveforge Bracers,1
13299616,battle-hardened-perth-2025-beyond-odyssey,"Fang, Dracai of Blades",Crown of Providence,1
13299616,battle-hardened-perth-2025-beyond-odyssey,"Fang, Dracai of Blades",Cut from the Same Cloth,2
13299616,battle-hardened-perth-2025-beyond-odyssey,"Fang, Dracai of Blades",Drop of Dragon Blood,0
13299616,battle-hardened-perth-2025-beyond-odyssey,"Fang, Dracai of Blades",Endear Devotion,0
13299616,battle-hardened-perth-2025-beyond-odyssey,"Fang, Dracai of Blades",Exposed,0
13299616,battle-hardened-perth-2025-beyond-odyssey,"Fang, Dracai of Blades",Fire and Brimstone,1
13299616,battle-hardened-perth-2025-beyond-odyssey,"Fang, Dracai of Blades",For the Dracai,3
13299616,battle-hardened-perth-2025-beyond-odyssey,"Fang, Dracai of Blades",Fyendal's Spring Tunic,0
13299616,battle-hardened-perth-2025-beyond-odyssey,"Fang, Dracai of Blades",Glint the Quicksilver,3
13299616,battle-hardened-perth-2025-beyond-odyssey,"Fang, Dracai of Blades",Grains of Bloodspill,1
13299616,battle-hardened-perth-2025-beyond-odyssey,"Fang, Dracai of Blades",Hunt to the Ends of Rathe,3
13299616,battle-hardened-perth-2025-beyond-odyssey,"Fang, Dracai of Blades",Hunt's End,3
13299616,battle-hardened-perth-2025-beyond-odyssey,"Fang, Dracai of Blades",Imperial Intent,3
13299616,battle-hardened-perth-2025-beyond-odyssey,"Fang, Dracai of Blades",Imperial Seal of Command,0
13299616,battle-hardened-perth-2025-beyond-odyssey,"Fang, Dracai of Blades",Kabuto of Imperial Authority,1
13299616,battle-hardened-perth-2025-beyond-odyssey,"Fang, Dracai of Blades",Long Whisker Loyalty,3
13299616,battle-hardened-perth-2025-beyond-odyssey,"Fang, Dracai of Blades",Nip at the Heels,0
13299616,battle-hardened-perth-2025-beyond-odyssey,"Fang, Dracai of Blades",Nullrune Hood,1
13299616,battle-hardened-perth-2025-beyond-odyssey,"Fang, Dracai of Blades",Oath of Loyalty,3
13299616,battle-hardened-perth-2025-beyond-odyssey,"Fang, Dracai of Blades",Obsidian Fire Vein,2
13299616,battle-hardened-perth-2025-beyond-odyssey,"Fang, Dracai of Blades",Perforate,0
13299616,battle-hardened-perth-2025-beyond-odyssey,"Fang, Dracai of Blades",Pledge Fealty,3
13299616,battle-hardened-perth-2025-beyond-odyssey,"Fang, Dracai of Blades",Proclaim Vengeance,1
13299616,battle-hardened-perth-2025-beyond-odyssey,"Fang, Dracai of Blades",Rake Over the Coals,0
13299616,battle-hardened-perth-2025-beyond-odyssey,"Fang, Dracai of Blades",Relentless Pursuit,3
13299616,battle-hardened-perth-2025-beyond-odyssey,"Fang, Dracai of Blades",Savor Bloodshed,3
13299616,battle-hardened-perth-2025-beyond-odyssey,"Fang, Dracai of Blades",Scar Tissue,3
13299616,battle-hardened-perth-2025-beyond-odyssey,"Fang, Dracai of Blades",Scar Tissue,3
13299616,battle-hardened-perth-2025-beyond-odyssey,"Fang, Dracai of Blades",Searing Gaze,3
13299616,battle-hardened-perth-2025-beyond-odyssey,"Fang, Dracai of Blades",Shelter from the Storm,3
13299616,battle-hardened-perth-2025-beyond-odyssey,"Fang, Dracai of Blades",Sigil of Solace,2
13299616,battle-hardened-perth-2025-beyond-odyssey,"Fang, Dracai of Blades",Sink Below,3
13299616,battle-hardened-perth-2025-beyond-odyssey,"Fang, Dracai of Blades",Sink Below,2
13299616,battle-hardened-perth-2025-beyond-odyssey,"Fang, Dracai of Blades",Slap-Happy,0
13299616,battle-hardened-perth-2025-beyond-odyssey,"Fang, Dracai of Blades",Smoke Out,2
13299616,battle-hardened-perth-2025-beyond-odyssey,"Fang, Dracai of Blades",Snag,0
13299616,battle-hardened-perth-2025-beyond-odyssey,"Fang, Dracai of Blades",Sworn Vengeance,0
13299616,battle-hardened-perth-2025-beyond-odyssey,"Fang, Dracai of Blades",Tooth of the Dragon,3
13299616,battle-hardened-perth-2025-beyond-odyssey,"Fang, Dracai of Blades",Twist and Turn,3
13299616,battle-hardened-perth-2025-beyond-odyssey,"Fang, Dracai of Blades",Valiant Dynamo,1
13299616,battle-hardened-perth-2025-beyond-odyssey,"Fang, Dracai of Blades",Warmonger's Diplomacy,0
4444,battle-hardened-perth-2025-beyond-odyssey,"Florian, Rotwood Harbinger",Arcane Compliance,0
4444,battle-hardened-perth-2025-beyond-odyssey,"Florian, Rotwood Harbinger",Arcane Seeds||Life,3
4444,battle-hardened-perth-2025-beyond-odyssey,"Florian, Rotwood Harbinger",Autumn's Touch,3
4444,battle-hardened-perth-2025-beyond-odyssey,"Florian, Rotwood Harbinger",Barkskin of the Millennium Tree,1
4444,battle-hardened-perth-2025-beyond-odyssey,"Florian, Rotwood Harbinger",Base of the Mountain,1
4444,battle-hardened-perth-2025-beyond-odyssey,"Florian, Rotwood Harbinger",Blanch,0
4444,battle-hardened-perth-2025-beyond-odyssey,"Florian, Rotwood Harbinger",Bramble Spark,3
4444,battle-hardened-perth-2025-beyond-odyssey,"Florian, Rotwood Harbinger",Cadaverous Tilling,3
4444,battle-hardened-perth-2025-beyond-odyssey,"Florian, Rotwood Harbinger",Call for Backup,0
4444,battle-hardened-perth-2025-beyond-odyssey,"Florian, Rotwood Harbinger",Canopy Shelter,3
4444,battle-hardened-perth-2025-beyond-odyssey,"Florian, Rotwood Harbinger",Channel Mount Heroic,0
4444,battle-hardened-perth-2025-beyond-odyssey,"Florian, Rotwood Harbinger",Channel the Millennium Tree,3
4444,battle-hardened-perth-2025-beyond-odyssey,"Florian, Rotwood Harbinger",Command and Conquer,3
4444,battle-hardened-perth-2025-beyond-odyssey,"Florian, Rotwood Harbinger",Crown of Dichotomy,1
4444,battle-hardened-perth-2025-beyond-odyssey,"Florian, Rotwood Harbinger",Deny Redemption,2
4444,battle-hardened-perth-2025-beyond-odyssey,"Florian, Rotwood Harbinger",Dread Scythe,1
4444,battle-hardened-perth-2025-beyond-odyssey,"Florian, Rotwood Harbinger",Dread Triptych,0
4444,battle-hardened-perth-2025-beyond-odyssey,"Florian, Rotwood Harbinger",Dyadic Carapace,1
4444,battle-hardened-perth-2025-beyond-odyssey,"Florian, Rotwood Harbinger",Enlightened Strike,2
4444,battle-hardened-perth-2025-beyond-odyssey,"Florian, Rotwood Harbinger",Erase Face,1
4444,battle-hardened-perth-2025-beyond-odyssey,"Florian, Rotwood Harbinger",Everbloom||Life,3
4444,battle-hardened-perth-2025-beyond-odyssey,"Florian, Rotwood Harbinger",Face Purgatory,1
4444,battle-hardened-perth-2025-beyond-odyssey,"Florian, Rotwood Harbinger",Felling of the Crown,3
4444,battle-hardened-perth-2025-beyond-odyssey,"Florian, Rotwood Harbinger",Flourish,0
4444,battle-hardened-perth-2025-beyond-odyssey,"Florian, Rotwood Harbinger",Fruits of the Forest,3
4444,battle-hardened-perth-2025-beyond-odyssey,"Florian, Rotwood Harbinger",Give and Take,0
4444,battle-hardened-perth-2025-beyond-odyssey,"Florian, Rotwood Harbinger",Grasp of the Arknight,1
4444,battle-hardened-perth-2025-beyond-odyssey,"Florian, Rotwood Harbinger",Haunting Rendition,3
4444,battle-hardened-perth-2025-beyond-odyssey,"Florian, Rotwood Harbinger",Malefic Incantation,0
4444,battle-hardened-perth-2025-beyond-odyssey,"Florian, Rotwood Harbinger",Nullrune Boots,0
4444,battle-hardened-perth-2025-beyond-odyssey,"Florian, Rotwood Harbinger",Oasis Respite,3
4444,battle-hardened-perth-2025-beyond-odyssey,"Florian, Rotwood Harbinger",Oath of the Arknight,0
4444,battle-hardened-perth-2025-beyond-odyssey,"Florian, Rotwood Harbinger",Overload,2
4444,battle-hardened-perth-2025-beyond-odyssey,"Florian, Rotwood Harbinger",Plow Under,3
4444,battle-hardened-perth-2025-beyond-odyssey,"Florian, Rotwood Harbinger",Plume of Evergrowth,0
4444,battle-hardened-perth-2025-beyond-odyssey,"Florian, Rotwood Harbinger",Reaping Blade,1
4444,battle-hardened-perth-2025-beyond-odyssey,"Florian, Rotwood Harbinger",Rootbound Carapace,3
4444,battle-hardened-perth-2025-beyond-odyssey,"Florian, Rotwood Harbinger",Rootbound Carapace,2
4444,battle-hardened-perth-2025-beyond-odyssey,"Florian, Rotwood Harbinger",Rowdy Locals,2
4444,battle-hardened-perth-2025-beyond-odyssey,"Florian, Rotwood Harbinger",Runerager Swarm,0
4444,battle-hardened-perth-2025-beyond-odyssey,"Florian, Rotwood Harbinger",Runic Reclamation,0
4444,battle-hardened-perth-2025-beyond-odyssey,"Florian, Rotwood Harbinger",Scar for a Scar,0
4444,battle-hardened-perth-2025-beyond-odyssey,"Florian, Rotwood Harbinger",Shelter from the Storm,0
4444,battle-hardened-perth-2025-beyond-odyssey,"Florian, Rotwood Harbinger",Sink Below,3
4444,battle-hardened-perth-2025-beyond-odyssey,"Florian, Rotwood Harbinger",Summer's Fall,2
4444,battle-hardened-perth-2025-beyond-odyssey,"Florian, Rotwood Harbinger",Swarming Gloomveil,3
4444,battle-hardened-perth-2025-beyond-odyssey,"Florian, Rotwood Harbinger",The Weakest Link,0
4444,battle-hardened-perth-2025-beyond-odyssey,"Florian, Rotwood Harbinger",This Round's on Me,1
4444,battle-hardened-perth-2025-beyond-odyssey,"Florian, Rotwood Harbinger",Thistle Bloom||Life,3
4444,battle-hardened-perth-2025-beyond-odyssey,"Florian, Rotwood Harbinger",Trot Along,3
4444,battle-hardened-perth-2025-beyond-odyssey,"Florian, Rotwood Harbinger",Truce,3
4444,battle-hardened-perth-2025-beyond-odyssey,"Florian, Rotwood Harbinger",Warmonger's Diplomacy,0
4444,battle-hardened-perth-2025-beyond-odyssey,"Florian, Rotwood Harbinger",Well Grounded,1
2898,battle-hardened-perth-2025-beyond-odyssey,"Cindra, Dracai of Retribution",Ancestral Empowerment,3
2898,battle-hardened-perth-2025-beyond-odyssey,"Cindra, Dracai of Retribution",Art of the Dragon: Blood,3
2898,battle-hardened-perth-2025-beyond-odyssey,"Cindra, Dracai of Retribution",Art of the Dragon: Fire,3
2898,battle-hardened-perth-2025-beyond-odyssey,"Cindra, Dracai of Retribution",Battlefront Bastion,3
2898,battle-hardened-perth-2025-beyond-odyssey,"Cindra, Dracai of Retribution",Blaze Headlong,3
2898,battle-hardened-perth-2025-beyond-odyssey,"Cindra, Dracai of Retribution",Blood Runs Deep,2
2898,battle-hardened-perth-2025-beyond-odyssey,"Cindra, Dracai of Retribution",Blood Splattered Vest,1
2898,battle-hardened-perth-2025-beyond-odyssey,"Cindra, Dracai of Retribution",Brand with Cinderclaw,3
2898,battle-hardened-perth-2025-beyond-odyssey,"Cindra, Dracai of Retribution",Breaking Point,2
2898,battle-hardened-perth-2025-beyond-odyssey,"Cindra, Dracai of Retribution",Claw of Vynserakai,1
2898,battle-hardened-perth-2025-beyond-odyssey,"Cindra, Dracai of Retribution",Cut Through,2
2898,battle-hardened-perth-2025-beyond-odyssey,"Cindra, Dracai of Retribution",Demonstrate Devotion,2
2898,battle-hardened-perth-2025-beyond-odyssey,"Cindra, Dracai of Retribution",Display Loyalty,3
2898,battle-hardened-perth-2025-beyond-odyssey,"Cindra, Dracai of Retribution",Dragonscaler Flight Path,1
2898,battle-hardened-perth-2025-beyond-odyssey,"Cindra, Dracai of Retribution",Fire Tenet: Strike First,3
2898,battle-hardened-perth-2025-beyond-odyssey,"Cindra, Dracai of Retribution",Flick Knives,1
2898,battle-hardened-perth-2025-beyond-odyssey,"Cindra, Dracai of Retribution",Hot on Their Heels,3
2898,battle-hardened-perth-2025-beyond-odyssey,"Cindra, Dracai of Retribution",Hunt the Hunter,2
2898,battle-hardened-perth-2025-beyond-odyssey,"Cindra, Dracai of Retribution",Ignite,3
2898,battle-hardened-perth-2025-beyond-odyssey,"Cindra, Dracai of Retribution",Kunai of Retribution,2
2898,battle-hardened-perth-2025-beyond-odyssey,"Cindra, Dracai of Retribution",Lava Burst,2
2898,battle-hardened-perth-2025-beyond-odyssey,"Cindra, Dracai of Retribution",Mask of Momentum,1
2898,battle-hardened-perth-2025-beyond-odyssey,"Cindra, Dracai of Retribution",Mask of the Pouncing Lynx,1
2898,battle-hardened-perth-2025-beyond-odyssey,"Cindra, Dracai of Retribution",Oath of Loyalty,2
2898,battle-hardened-perth-2025-beyond-odyssey,"Cindra, Dracai of Retribution",Ravenous Rabble,3
2898,battle-hardened-perth-2025-beyond-odyssey,"Cindra, Dracai of Retribution",Rising Resentment,3
2898,battle-hardened-perth-2025-beyond-odyssey,"Cindra, Dracai of Retribution",Ronin Renegade,3
2898,battle-hardened-perth-2025-beyond-odyssey,"Cindra, Dracai of Retribution",Salt the Wound,1
2898,battle-hardened-perth-2025-beyond-odyssey,"Cindra, Dracai of Retribution",Shelter from the Storm,3
2898,battle-hardened-perth-2025-beyond-odyssey,"Cindra, Dracai of Retribution",Sink Below,3
2898,battle-hardened-perth-2025-beyond-odyssey,"Cindra, Dracai of Retribution",Snatch,2
2898,battle-hardened-perth-2025-beyond-odyssey,"Cindra, Dracai of Retribution",Spreading Flames,2
2898,battle-hardened-perth-2025-beyond-odyssey,"Cindra, Dracai of Retribution",Tenacity,1
2898,battle-hardened-perth-2025-beyond-odyssey,"Cindra, Dracai of Retribution",Throw Dagger,3
2898,battle-hardened-perth-2025-beyond-odyssey,"Cindra, Dracai of Retribution",Warmonger's Diplomacy,3
2898,battle-hardened-perth-2025-beyond-odyssey,"Cindra, Dracai of Retribution",Wrath of Retribution,1
98477389,battle-hardened-perth-2025-beyond-odyssey,"Ira, Scarlet Revenger",Ancestral Empowerment,0
98477389,battle-hardened-perth-2025-beyond-odyssey,"Ira, Scarlet Revenger",Arcane Compliance,0
98477389,battle-hardened-perth-2025-beyond-odyssey,"Ira, Scarlet Revenger",Aspect of Tiger: Body,0
98477389,battle-hardened-perth-2025-beyond-odyssey,"Ira, Scarlet Revenger",Aspect of Tiger: Mind,3
98477389,battle-hardened-perth-2025-beyond-odyssey,"Ira, Scarlet Revenger",Battlefront Bastion,0
98477389,battle-hardened-perth-2025-beyond-odyssey,"Ira, Scarlet Revenger",Biting Breeze,0
98477389,battle-hardened-perth-2025-beyond-odyssey,"Ira, Scarlet Revenger",Bittering Thorns,3
98477389,battle-hardened-perth-2025-beyond-odyssey,"Ira, Scarlet Revenger",Blanch,0
98477389,battle-hardened-perth-2025-beyond-odyssey,"Ira, Scarlet Revenger",Blazen Yoroi,0
98477389,battle-hardened-perth-2025-beyond-odyssey,"Ira, Scarlet Revenger",Breeze Rider Boots,0
98477389,battle-hardened-perth-2025-beyond-odyssey,"Ira, Scarlet Revenger",Calming Breeze,0
98477389,battle-hardened-perth-2025-beyond-odyssey,"Ira, Scarlet Revenger",Censor,3
98477389,battle-hardened-perth-2025-beyond-odyssey,"Ira, Scarlet Revenger",Chase the Tail,0
98477389,battle-hardened-perth-2025-beyond-odyssey,"Ira, Scarlet Revenger",Command and Conquer,3
98477389,battle-hardened-perth-2025-beyond-odyssey,"Ira, Scarlet Revenger",Crane Dance,1
98477389,battle-hardened-perth-2025-beyond-odyssey,"Ira, Scarlet Revenger",Cut Through,3
98477389,battle-hardened-perth-2025-beyond-odyssey,"Ira, Scarlet Revenger",Double Strike,0
98477389,battle-hardened-perth-2025-beyond-odyssey,"Ira, Scarlet Revenger",Dual Threat,3
98477389,battle-hardened-perth-2025-beyond-odyssey,"Ira, Scarlet Revenger",Edge of Autumn,0
98477389,battle-hardened-perth-2025-beyond-odyssey,"Ira, Scarlet Revenger",Enact Vengeance,0
98477389,battle-hardened-perth-2025-beyond-odyssey,"Ira, Scarlet Revenger",Enlightened Strike,3
98477389,battle-hardened-perth-2025-beyond-odyssey,"Ira, Scarlet Revenger",Erase Face,3
98477389,battle-hardened-perth-2025-beyond-odyssey,"Ira, Scarlet Revenger",Even Bigger Than That!,3
98477389,battle-hardened-perth-2025-beyond-odyssey,"Ira, Scarlet Revenger",Fate Foreseen,3
98477389,battle-hardened-perth-2025-beyond-odyssey,"Ira, Scarlet Revenger",Flic Flak,3
98477389,battle-hardened-perth-2025-beyond-odyssey,"Ira, Scarlet Revenger",Fyendal's Spring Tunic,1
98477389,battle-hardened-perth-2025-beyond-odyssey,"Ira, Scarlet Revenger",Give and Take,0
98477389,battle-hardened-perth-2025-beyond-odyssey,"Ira, Scarlet Revenger",Growl,0
98477389,battle-hardened-perth-2025-beyond-odyssey,"Ira, Scarlet Revenger",Harmonized Kodachi,2
98477389,battle-hardened-perth-2025-beyond-odyssey,"Ira, Scarlet Revenger",Humble,0
98477389,battle-hardened-perth-2025-beyond-odyssey,"Ira, Scarlet Revenger",Iris of the Blossom,0
98477389,battle-hardened-perth-2025-beyond-odyssey,"Ira, Scarlet Revenger",Legacy of Ikaru,0
98477389,battle-hardened-perth-2025-beyond-odyssey,"Ira, Scarlet Revenger",Looking for a Scrap,2
98477389,battle-hardened-perth-2025-beyond-odyssey,"Ira, Scarlet Revenger",Mask of Momentum,1
98477389,battle-hardened-perth-2025-beyond-odyssey,"Ira, Scarlet Revenger",Mauling Qi,1
98477389,battle-hardened-perth-2025-beyond-odyssey,"Ira, Scarlet Revenger",Nip at the Heels,0
98477389,battle-hardened-perth-2025-beyond-odyssey,"Ira, Scarlet Revenger",Nullrune Gloves,1
98477389,battle-hardened-perth-2025-beyond-odyssey,"Ira, Scarlet Revenger",Nullrune Hood,0
98477389,battle-hardened-perth-2025-beyond-odyssey,"Ira, Scarlet Revenger",Okana Scar Wraps,0
98477389,battle-hardened-perth-2025-beyond-odyssey,"Ira, Scarlet Revenger",One-Two Punch,3
98477389,battle-hardened-perth-2025-beyond-odyssey,"Ira, Scarlet Revenger",Pain in the Backside,3
98477389,battle-hardened-perth-2025-beyond-odyssey,"Ira, Scarlet Revenger",Poisoned Blade,0
98477389,battle-hardened-perth-2025-beyond-odyssey,"Ira, Scarlet Revenger",Pouncing Paws,1
98477389,battle-hardened-perth-2025-beyond-odyssey,"Ira, Scarlet Revenger",Pouncing Qi,3
98477389,battle-hardened-perth-2025-beyond-odyssey,"Ira, Scarlet Revenger",Pursuit of Knowledge,0
98477389,battle-hardened-perth-2025-beyond-odyssey,"Ira, Scarlet Revenger",Qi Unleashed,0
98477389,battle-hardened-perth-2025-beyond-odyssey,"Ira, Scarlet Revenger",Razor Reflex,0
98477389,battle-hardened-perth-2025-beyond-odyssey,"Ira, Scarlet Revenger",Recoil,1
98477389,battle-hardened-perth-2025-beyond-odyssey,"Ira, Scarlet Revenger",Ripple Away,0
98477389,battle-hardened-perth-2025-beyond-odyssey,"Ira, Scarlet Revenger",Rising Knee Thrust,1
98477389,battle-hardened-perth-2025-beyond-odyssey,"Ira, Scarlet Revenger",Robe of Autumn's Fall,0
98477389,battle-hardened-perth-2025-beyond-odyssey,"Ira, Scarlet Revenger",Rowdy Locals,3
98477389,battle-hardened-perth-2025-beyond-odyssey,"Ira, Scarlet Revenger",Rushing River,3
98477389,battle-hardened-perth-2025-beyond-odyssey,"Ira, Scarlet Revenger",Scar for a Scar,1
98477389,battle-hardened-perth-2025-beyond-odyssey,"Ira, Scarlet Revenger",Seek Vengeance,0
98477389,battle-hardened-perth-2025-beyond-odyssey,"Ira, Scarlet Revenger",Shelter from the Storm,0
98477389,battle-hardened-perth-2025-beyond-odyssey,"Ira, Scarlet Revenger",Sigil of Solace,0
98477389,battle-hardened-perth-2025-beyond-odyssey,"Ira, Scarlet Revenger",Sink Below,3
98477389,battle-hardened-perth-2025-beyond-odyssey,"Ira, Scarlet Revenger",Sirens of Safe Harbor,0
98477389,battle-hardened-perth-2025-beyond-odyssey,"Ira, Scarlet Revenger",Snag,0
98477389,battle-hardened-perth-2025-beyond-odyssey,"Ira, Scarlet Revenger",Snapdragon Scalers,0
98477389,battle-hardened-perth-2025-beyond-odyssey,"Ira, Scarlet Revenger",Snatch,0
98477389,battle-hardened-perth-2025-beyond-odyssey,"Ira, Scarlet Revenger",Soulbead Strike,0
98477389,battle-hardened-perth-2025-beyond-odyssey,"Ira, Scarlet Revenger",Sound the Alarm,3
98477389,battle-hardened-perth-2025-beyond-odyssey,"Ira, Scarlet Revenger",Stab Wound,0
98477389,battle-hardened-perth-2025-beyond-odyssey,"Ira, Scarlet Revenger",Take the Tempo,0
98477389,battle-hardened-perth-2025-beyond-odyssey,"Ira, Scarlet Revenger",The Weakest Link,2
98477389,battle-hardened-perth-2025-beyond-odyssey,"Ira, Scarlet Revenger",Tide Flippers,1
98477389,battle-hardened-perth-2025-beyond-odyssey,"Ira, Scarlet Revenger",Tiger Eye Reflex,0
98477389,battle-hardened-perth-2025-beyond-odyssey,"Ira, Scarlet Revenger",Tiger Stripe Shuko,1
98477389,battle-hardened-perth-2025-beyond-odyssey,"Ira, Scarlet Revenger",Torrent of Tempo,3
98477389,battle-hardened-perth-2025-beyond-odyssey,"Ira, Scarlet Revenger",Up Sticks and Run,0
98477389,battle-hardened-perth-2025-beyond-odyssey,"Ira, Scarlet Revenger",Vengeance Never Rests,0
98477389,battle-hardened-perth-2025-beyond-odyssey,"Ira, Scarlet Revenger",Whelming Gustwave,3
98477389,battle-hardened-perth-2025-beyond-odyssey,"Ira, Scarlet Revenger",Whirling Mist Blossom,3
69637783,battle-hardened-perth-2025-beyond-odyssey,Dorinthea Ironsong,Agile Windup,0
69637783,battle-hardened-perth-2025-beyond-odyssey,Dorinthea Ironsong,Arcane Compliance,1
69637783,battle-hardened-perth-2025-beyond-odyssey,Dorinthea Ironsong,Balance of Justice,1
69637783,battle-hardened-perth-2025-beyond-odyssey,Dorinthea Ironsong,Blade Flurry,3
69637783,battle-hardened-perth-2025-beyond-odyssey,Dorinthea Ironsong,Braveforge Bracers,0
69637783,battle-hardened-perth-2025-beyond-odyssey,Dorinthea Ironsong,Crown of Providence,0
69637783,battle-hardened-perth-2025-beyond-odyssey,Dorinthea Ironsong,Dauntless,0
69637783,battle-hardened-perth-2025-beyond-odyssey,Dorinthea Ironsong,Dawnblade,1
69637783,battle-hardened-perth-2025-beyond-odyssey,Dorinthea Ironsong,Decimator Great Axe,1
69637783,battle-hardened-perth-2025-beyond-odyssey,Dorinthea Ironsong,Fiddler's Green,3
69637783,battle-hardened-perth-2025-beyond-odyssey,Dorinthea Ironsong,Flying High,0
69637783,battle-hardened-perth-2025-beyond-odyssey,Dorinthea Ironsong,Glint the Quicksilver,3
69637783,battle-hardened-perth-2025-beyond-odyssey,Dorinthea Ironsong,Glistening Steelblade,0
69637783,battle-hardened-perth-2025-beyond-odyssey,Dorinthea Ironsong,Grains of Bloodspill,1
69637783,battle-hardened-perth-2025-beyond-odyssey,Dorinthea Ironsong,Heart of Fyendal,1
69637783,battle-hardened-perth-2025-beyond-odyssey,Dorinthea Ironsong,Hit and Run,3
69637783,battle-hardened-perth-2025-beyond-odyssey,Dorinthea Ironsong,Ironsong Determination,0
69637783,battle-hardened-perth-2025-beyond-odyssey,Dorinthea Ironsong,Ironsong Response,3
69637783,battle-hardened-perth-2025-beyond-odyssey,Dorinthea Ironsong,Ironsong Versus,1
69637783,battle-hardened-perth-2025-beyond-odyssey,Dorinthea Ironsong,Jagged Edge,3
69637783,battle-hardened-perth-2025-beyond-odyssey,Dorinthea Ironsong,Kabuto of Imperial Authority,1
69637783,battle-hardened-perth-2025-beyond-odyssey,Dorinthea Ironsong,Nip at the Heels,0
69637783,battle-hardened-perth-2025-beyond-odyssey,Dorinthea Ironsong,Nullrune Boots,1
69637783,battle-hardened-perth-2025-beyond-odyssey,Dorinthea Ironsong,Nullrune Gloves,1
69637783,battle-hardened-perth-2025-beyond-odyssey,Dorinthea Ironsong,Nullrune Hood,1
69637783,battle-hardened-perth-2025-beyond-odyssey,Dorinthea Ironsong,Overpower,3
69637783,battle-hardened-perth-2025-beyond-odyssey,Dorinthea Ironsong,Precision Press,3
69637783,battle-hardened-perth-2025-beyond-odyssey,Dorinthea Ironsong,Provoke,3
69637783,battle-hardened-perth-2025-beyond-odyssey,Dorinthea Ironsong,Puncture,0
69637783,battle-hardened-perth-2025-beyond-odyssey,Dorinthea Ironsong,Refraction Bolters,1
69637783,battle-hardened-perth-2025-beyond-odyssey,Dorinthea Ironsong,Run Through,0
69637783,battle-hardened-perth-2025-beyond-odyssey,Dorinthea Ironsong,Sharpen Steel,3
69637783,battle-hardened-perth-2025-beyond-odyssey,Dorinthea Ironsong,Shelter from the Storm,3
69637783,battle-hardened-perth-2025-beyond-odyssey,Dorinthea Ironsong,Sigil of Solace,3
69637783,battle-hardened-perth-2025-beyond-odyssey,Dorinthea Ironsong,Singing Steelblade,3
69637783,battle-hardened-perth-2025-beyond-odyssey,Dorinthea Ironsong,Sink Below,3
69637783,battle-hardened-perth-2025-beyond-odyssey,Dorinthea Ironsong,Sirens of Safe Harbor,3
69637783,battle-hardened-perth-2025-beyond-odyssey,Dorinthea Ironsong,Sirens of Safe Harbor,3
69637783,battle-hardened-perth-2025-beyond-odyssey,Dorinthea Ironsong,Snag,0
69637783,battle-hardened-perth-2025-beyond-odyssey,Dorinthea Ironsong,Spoils of War,3
69637783,battle-hardened-perth-2025-beyond-odyssey,Dorinthea Ironsong,Steelblade Supremacy,3
69637783,battle-hardened-perth-2025-beyond-odyssey,Dorinthea Ironsong,Trot Along,3
69637783,battle-hardened-perth-2025-beyond-odyssey,Dorinthea Ironsong,Twinning Blade,0
69637783,battle-hardened-perth-2025-beyond-odyssey,Dorinthea Ironsong,Unsheathed,3
69637783,battle-hardened-perth-2025-beyond-odyssey,Dorinthea Ironsong,Warrior's Valor,3
69637783,battle-hardened-perth-2025-beyond-odyssey,Dorinthea Ironsong,Warrior's Valor,2
69637783,battle-hardened-perth-2025-beyond-odyssey,Dorinthea Ironsong,Warrior's Valor,3
75569658,battle-hardened-perth-2025-beyond-odyssey,"Valda, Seismic Impact",Aftershock,0
75569658,battle-hardened-perth-2025-beyond-odyssey,"Valda, Seismic Impact",Anothos,1
75569658,battle-hardened-perth-2025-beyond-odyssey,"Valda, Seismic Impact",Batter to a Pulp,3
75569658,battle-hardened-perth-2025-beyond-odyssey,"Valda, Seismic Impact",Blinding of the Old Ones,2
75569658,battle-hardened-perth-2025-beyond-odyssey,"Valda, Seismic Impact",Chokeslam,3
75569658,battle-hardened-perth-2025-beyond-odyssey,"Valda, Seismic Impact",Chokeslam,3
75569658,battle-hardened-perth-2025-beyond-odyssey,"Valda, Seismic Impact",Civic Steps,1
75569658,battle-hardened-perth-2025-beyond-odyssey,"Valda, Seismic Impact",Cranial Crush,3
75569658,battle-hardened-perth-2025-beyond-odyssey,"Valda, Seismic Impact",Crash and Bash,3
75569658,battle-hardened-perth-2025-beyond-odyssey,"Valda, Seismic Impact",Crown of Providence,1
75569658,battle-hardened-perth-2025-beyond-odyssey,"Valda, Seismic Impact",Crush the Weak,3
75569658,battle-hardened-perth-2025-beyond-odyssey,"Valda, Seismic Impact",Debilitate,0
75569658,battle-hardened-perth-2025-beyond-odyssey,"Valda, Seismic Impact",Disable,3
75569658,battle-hardened-perth-2025-beyond-odyssey,"Valda, Seismic Impact",Enlightened Strike,3
75569658,battle-hardened-perth-2025-beyond-odyssey,"Valda, Seismic Impact",Fault Line,0
75569658,battle-hardened-perth-2025-beyond-odyssey,"Valda, Seismic Impact",Gauntlets of Iron Will,1
75569658,battle-hardened-perth-2025-beyond-odyssey,"Valda, Seismic Impact",Headbutt,3
75569658,battle-hardened-perth-2025-beyond-odyssey,"Valda, Seismic Impact",Imposing Visage,3
75569658,battle-hardened-perth-2025-beyond-odyssey,"Valda, Seismic Impact",Ley Line of the Old Ones,1
75569658,battle-hardened-perth-2025-beyond-odyssey,"Valda, Seismic Impact",Macho Grande,3
75569658,battle-hardened-perth-2025-beyond-odyssey,"Valda, Seismic Impact",Nullrune Boots,1
75569658,battle-hardened-perth-2025-beyond-odyssey,"Valda, Seismic Impact",Nullrune Gloves,1
75569658,battle-hardened-perth-2025-beyond-odyssey,"Valda, Seismic Impact",Nullrune Hood,0
75569658,battle-hardened-perth-2025-beyond-odyssey,"Valda, Seismic Impact",Outed,2
75569658,battle-hardened-perth-2025-beyond-odyssey,"Valda, Seismic Impact",Promising Terrain,3
75569658,battle-hardened-perth-2025-beyond-odyssey,"Valda, Seismic Impact",Pummel,3
75569658,battle-hardened-perth-2025-beyond-odyssey,"Valda, Seismic Impact",Put 'Em In Their Place,3
75569658,battle-hardened-perth-2025-beyond-odyssey,"Valda, Seismic Impact",Quickdodge Flexors,0
75569658,battle-hardened-perth-2025-beyond-odyssey,"Valda, Seismic Impact",Roiling Fissure,0
75569658,battle-hardened-perth-2025-beyond-odyssey,"Valda, Seismic Impact",Rubble Raiser,2
75569658,battle-hardened-perth-2025-beyond-odyssey,"Valda, Seismic Impact",Seismic Eruption,3
75569658,battle-hardened-perth-2025-beyond-odyssey,"Valda, Seismic Impact",Shelter from the Storm,2
75569658,battle-hardened-perth-2025-beyond-odyssey,"Valda, Seismic Impact",Sink Below,3
75569658,battle-hardened-perth-2025-beyond-odyssey,"Valda, Seismic Impact",Snag,1
75569658,battle-hardened-perth-2025-beyond-odyssey,"Valda, Seismic Impact",Solid Ground,0
75569658,battle-hardened-perth-2025-beyond-odyssey,"Valda, Seismic Impact",Spinal Crush,3
75569658,battle-hardened-perth-2025-beyond-odyssey,"Valda, Seismic Impact",Staunch Response,0
75569658,battle-hardened-perth-2025-beyond-odyssey,"Valda, Seismic Impact",Surface Shaking,3
75569658,battle-hardened-perth-2025-beyond-odyssey,"Valda, Seismic Impact",Tear Asunder,3
75569658,battle-hardened-perth-2025-beyond-odyssey,"Valda, Seismic Impact",Tectonic Instability,0
75569658,battle-hardened-perth-2025-beyond-odyssey,"Valda, Seismic Impact",Tectonic Plating,1
75569658,battle-hardened-perth-2025-beyond-odyssey,"Valda, Seismic Impact",Testament of Valahai,0
75569658,battle-hardened-perth-2025-beyond-odyssey,"Valda, Seismic Impact",Thunder Quake,3
75569658,battle-hardened-perth-2025-beyond-odyssey,"Valda, Seismic Impact",Time Skippers,1
75569658,battle-hardened-perth-2025-beyond-odyssey,"Valda, Seismic Impact",Titan's Fist,0
75569658,battle-hardened-perth-2025-beyond-odyssey,"Valda, Seismic Impact",Zealous Belting,2
36618379,battle-hardened-perth-2025-beyond-odyssey,"Prism, Awakener of Sol",Angelic Wrath,3
36618379,battle-hardened-perth-2025-beyond-odyssey,"Prism, Awakener of Sol",Angelic Wrath,1
36618379,battle-hardened-perth-2025-beyond-odyssey,"Prism, Awakener of Sol",Arc Light Sentinel,3
36618379,battle-hardened-perth-2025-beyond-odyssey,"Prism, Awakener of Sol",Calming Gesture,1
36618379,battle-hardened-perth-2025-beyond-odyssey,"Prism, Awakener of Sol",Celestial Cataclysm,1
36618379,battle-hardened-perth-2025-beyond-odyssey,"Prism, Awakener of Sol",Celestial Reprimand,2
36618379,battle-hardened-perth-2025-beyond-odyssey,"Prism, Awakener of Sol",Dream Weavers,1
36618379,battle-hardened-perth-2025-beyond-odyssey,"Prism, Awakener of Sol",Empyrean Rapture,1
36618379,battle-hardened-perth-2025-beyond-odyssey,"Prism, Awakener of Sol",Figment of Erudition,1
36618379,battle-hardened-perth-2025-beyond-odyssey,"Prism, Awakener of Sol",Figment of Judgment,1
36618379,battle-hardened-perth-2025-beyond-odyssey,"Prism, Awakener of Sol",Figment of Protection,1
36618379,battle-hardened-perth-2025-beyond-odyssey,"Prism, Awakener of Sol",Figment of Ravages,1
36618379,battle-hardened-perth-2025-beyond-odyssey,"Prism, Awakener of Sol",Figment of Rebirth,1
36618379,battle-hardened-perth-2025-beyond-odyssey,"Prism, Awakener of Sol",Figment of Tenacity,0
36618379,battle-hardened-perth-2025-beyond-odyssey,"Prism, Awakener of Sol",Figment of Triumph,1
36618379,battle-hardened-perth-2025-beyond-odyssey,"Prism, Awakener of Sol",Figment of War,1
36618379,battle-hardened-perth-2025-beyond-odyssey,"Prism, Awakener of Sol",Genesis,3
36618379,battle-hardened-perth-2025-beyond-odyssey,"Prism, Awakener of Sol",Great Library of Solana,1
36618379,battle-hardened-perth-2025-beyond-odyssey,"Prism, Awakener of Sol",Halo of Illumination,1
36618379,battle-hardened-perth-2025-beyond-odyssey,"Prism, Awakener of Sol",Herald of Erudition,3
36618379,battle-hardened-perth-2025-beyond-odyssey,"Prism, Awakener of Sol",Herald of Judgment,3
36618379,battle-hardened-perth-2025-beyond-odyssey,"Prism, Awakener of Sol",Herald of Protection,3
36618379,battle-hardened-perth-2025-beyond-odyssey,"Prism, Awakener of Sol",Herald of Protection,3
36618379,battle-hardened-perth-2025-beyond-odyssey,"Prism, Awakener of Sol",Herald of Protection,3
36618379,battle-hardened-perth-2025-beyond-odyssey,"Prism, Awakener of Sol",Herald of Ravages,3
36618379,battle-hardened-perth-2025-beyond-odyssey,"Prism, Awakener of Sol",Herald of Rebirth,2
36618379,battle-hardened-perth-2025-beyond-odyssey,"Prism, Awakener of Sol",Herald of Sekem,0
36618379,battle-hardened-perth-2025-beyond-odyssey,"Prism, Awakener of Sol",Herald of Tenacity,1
36618379,battle-hardened-perth-2025-beyond-odyssey,"Prism, Awakener of Sol",Herald of Triumph,3
36618379,battle-hardened-perth-2025-beyond-odyssey,"Prism, Awakener of Sol",Herald of Triumph,3
36618379,battle-hardened-perth-2025-beyond-odyssey,"Prism, Awakener of Sol",Herald of Triumph,3
36618379,battle-hardened-perth-2025-beyond-odyssey,"Prism, Awakener of Sol",Light of Sol,1
36618379,battle-hardened-perth-2025-beyond-odyssey,"Prism, Awakener of Sol","Luminaris, Angel's Glow",1
36618379,battle-hardened-perth-2025-beyond-odyssey,"Prism, Awakener of Sol",Merciful Retribution,3
36618379,battle-hardened-perth-2025-beyond-odyssey,"Prism, Awakener of Sol",Passing Mirage,3
36618379,battle-hardened-perth-2025-beyond-odyssey,"Prism, Awakener of Sol",Phantasmal Footsteps,1
36618379,battle-hardened-perth-2025-beyond-odyssey,"Prism, Awakener of Sol",Pierce Reality,3
36618379,battle-hardened-perth-2025-beyond-odyssey,"Prism, Awakener of Sol",Soul Shield,3
36618379,battle-hardened-perth-2025-beyond-odyssey,"Prism, Awakener of Sol",That All You Got?,0
36618379,battle-hardened-perth-2025-beyond-odyssey,"Prism, Awakener of Sol",Vestige of Sol,1
36618379,battle-hardened-perth-2025-beyond-odyssey,"Prism, Awakener of Sol",Wartune Herald,3
36618379,battle-hardened-perth-2025-beyond-odyssey,"Prism, Awakener of Sol",Wartune Herald,3
36618379,battle-hardened-perth-2025-beyond-odyssey,"Prism, Awakener of Sol",Wartune Herald,3
64651483,battle-hardened-perth-2025-beyond-odyssey,"Ira, Scarlet Revenger",Ancestral Empowerment,0
64651483,battle-hardened-perth-2025-beyond-odyssey,"Ira, Scarlet Revenger",Arcane Compliance,1
64651483,battle-hardened-perth-2025-beyond-odyssey,"Ira, Scarlet Revenger",Aspect of Tiger: Body,3
64651483,battle-hardened-perth-2025-beyond-odyssey,"Ira, Scarlet Revenger",Aspect of Tiger: Mind,0
64651483,battle-hardened-perth-2025-beyond-odyssey,"Ira, Scarlet Revenger",Battlefront Bastion,2
64651483,battle-hardened-perth-2025-beyond-odyssey,"Ira, Scarlet Revenger",Biting Breeze,3
64651483,battle-hardened-perth-2025-beyond-odyssey,"Ira, Scarlet Revenger",Bittering Thorns,0
64651483,battle-hardened-perth-2025-beyond-odyssey,"Ira, Scarlet Revenger",Blanch,0
64651483,battle-hardened-perth-2025-beyond-odyssey,"Ira, Scarlet Revenger",Blazen Yoroi,1
64651483,battle-hardened-perth-2025-beyond-odyssey,"Ira, Scarlet Revenger",Breeze Rider Boots,0
64651483,battle-hardened-perth-2025-beyond-odyssey,"Ira, Scarlet Revenger",Calming Breeze,1
64651483,battle-hardened-perth-2025-beyond-odyssey,"Ira, Scarlet Revenger",Censor,0
64651483,battle-hardened-perth-2025-beyond-odyssey,"Ira, Scarlet Revenger",Chase the Tail,3
64651483,battle-hardened-perth-2025-beyond-odyssey,"Ira, Scarlet Revenger",Command and Conquer,3
64651483,battle-hardened-perth-2025-beyond-odyssey,"Ira, Scarlet Revenger",Crane Dance,0
64651483,battle-hardened-perth-2025-beyond-odyssey,"Ira, Scarlet Revenger",Cut Through,0
64651483,battle-hardened-perth-2025-beyond-odyssey,"Ira, Scarlet Revenger",Double Strike,0
64651483,battle-hardened-perth-2025-beyond-odyssey,"Ira, Scarlet Revenger",Dual Threat,0
64651483,battle-hardened-perth-2025-beyond-odyssey,"Ira, Scarlet Revenger",Edge of Autumn,1
64651483,battle-hardened-perth-2025-beyond-odyssey,"Ira, Scarlet Revenger",Enact Vengeance,3
64651483,battle-hardened-perth-2025-beyond-odyssey,"Ira, Scarlet Revenger",Enlightened Strike,0
64651483,battle-hardened-perth-2025-beyond-odyssey,"Ira, Scarlet Revenger",Erase Face,3
64651483,battle-hardened-perth-2025-beyond-odyssey,"Ira, Scarlet Revenger",Even Bigger Than That!,0
64651483,battle-hardened-perth-2025-beyond-odyssey,"Ira, Scarlet Revenger",Fate Foreseen,0
64651483,battle-hardened-perth-2025-beyond-odyssey,"Ira, Scarlet Revenger",Flic Flak,3
64651483,battle-hardened-perth-2025-beyond-odyssey,"Ira, Scarlet Revenger",Fyendal's Spring Tunic,1
64651483,battle-hardened-perth-2025-beyond-odyssey,"Ira, Scarlet Revenger",Give and Take,0
64651483,battle-hardened-perth-2025-beyond-odyssey,"Ira, Scarlet Revenger",Growl,3
64651483,battle-hardened-perth-2025-beyond-odyssey,"Ira, Scarlet Revenger",Harmonized Kodachi,0
64651483,battle-hardened-perth-2025-beyond-odyssey,"Ira, Scarlet Revenger",Humble,2
64651483,battle-hardened-perth-2025-beyond-odyssey,"Ira, Scarlet Revenger",Iris of the Blossom,0
64651483,battle-hardened-perth-2025-beyond-odyssey,"Ira, Scarlet Revenger",Legacy of Ikaru,2
64651483,battle-hardened-perth-2025-beyond-odyssey,"Ira, Scarlet Revenger",Looking for a Scrap,0
64651483,battle-hardened-perth-2025-beyond-odyssey,"Ira, Scarlet Revenger",Mask of Momentum,1
64651483,battle-hardened-perth-2025-beyond-odyssey,"Ira, Scarlet Revenger",Mauling Qi,0
64651483,battle-hardened-perth-2025-beyond-odyssey,"Ira, Scarlet Revenger",Nip at the Heels,0
64651483,battle-hardened-perth-2025-beyond-odyssey,"Ira, Scarlet Revenger",Nullrune Gloves,0
64651483,battle-hardened-perth-2025-beyond-odyssey,"Ira, Scarlet Revenger",Nullrune Hood,0
64651483,battle-hardened-perth-2025-beyond-odyssey,"Ira, Scarlet Revenger",Okana Scar Wraps,1
64651483,battle-hardened-perth-2025-beyond-odyssey,"Ira, Scarlet Revenger",One-Two Punch,0
64651483,battle-hardened-perth-2025-beyond-odyssey,"Ira, Scarlet Revenger",Pain in the Backside,0
64651483,battle-hardened-perth-2025-beyond-odyssey,"Ira, Scarlet Revenger",Poisoned Blade,0
64651483,battle-hardened-perth-2025-beyond-odyssey,"Ira, Scarlet Revenger",Pouncing Paws,1
64651483,battle-hardened-perth-2025-beyond-odyssey,"Ira, Scarlet Revenger",Pouncing Qi,0
64651483,battle-hardened-perth-2025-beyond-odyssey,"Ira, Scarlet Revenger",Pursuit of Knowledge,2
64651483,battle-hardened-perth-2025-beyond-odyssey,"Ira, Scarlet Revenger",Qi Unleashed,3
64651483,battle-hardened-perth-2025-beyond-odyssey,"Ira, Scarlet Revenger",Razor Reflex,0
64651483,battle-hardened-perth-2025-beyond-odyssey,"Ira, Scarlet Revenger",Recoil,0
64651483,battle-hardened-perth-2025-beyond-odyssey,"Ira, Scarlet Revenger",Ripple Away,3
64651483,battle-hardened-perth-2025-beyond-odyssey,"Ira, Scarlet Revenger",Rising Knee Thrust,0
64651483,battle-hardened-perth-2025-beyond-odyssey,"Ira, Scarlet Revenger",Robe of Autumn's Fall,1
64651483,battle-hardened-perth-2025-beyond-odyssey,"Ira, Scarlet Revenger",Rowdy Locals,0
64651483,battle-hardened-perth-2025-beyond-odyssey,"Ira, Scarlet Revenger",Rushing River,0
64651483,battle-hardened-perth-2025-beyond-odyssey,"Ira, Scarlet Revenger",Scar for a Scar,0
64651483,battle-hardened-perth-2025-beyond-odyssey,"Ira, Scarlet Revenger",Seek Vengeance,3
64651483,battle-hardened-perth-2025-beyond-odyssey,"Ira, Scarlet Revenger",Seek Vengeance,3
64651483,battle-hardened-perth-2025-beyond-odyssey,"Ira, Scarlet Revenger",Shelter from the Storm,3
64651483,battle-hardened-perth-2025-beyond-odyssey,"Ira, Scarlet Revenger",Sigil of Solace,3
64651483,battle-hardened-perth-2025-beyond-odyssey,"Ira, Scarlet Revenger",Sink Below,2
64651483,battle-hardened-perth-2025-beyond-odyssey,"Ira, Scarlet Revenger",Sirens of Safe Harbor,3
64651483,battle-hardened-perth-2025-beyond-odyssey,"Ira, Scarlet Revenger",Sirens of Safe Harbor,1
64651483,battle-hardened-perth-2025-beyond-odyssey,"Ira, Scarlet Revenger",Sirens of Safe Harbor,3
64651483,battle-hardened-perth-2025-beyond-odyssey,"Ira, Scarlet Revenger",Snag,1
64651483,battle-hardened-perth-2025-beyond-odyssey,"Ira, Scarlet Revenger",Snapdragon Scalers,0
64651483,battle-hardened-perth-2025-beyond-odyssey,"Ira, Scarlet Revenger",Snatch,0
64651483,battle-hardened-perth-2025-beyond-odyssey,"Ira, Scarlet Revenger",Soulbead Strike,1
64651483,battle-hardened-perth-2025-beyond-odyssey,"Ira, Scarlet Revenger",Sound the Alarm,0
64651483,battle-hardened-perth-2025-beyond-odyssey,"Ira, Scarlet Revenger",Stab Wound,0
64651483,battle-hardened-perth-2025-beyond-odyssey,"Ira, Scarlet Revenger",Take the Tempo,0
64651483,battle-hardened-perth-2025-beyond-odyssey,"Ira, Scarlet Revenger",The Weakest Link,2
64651483,battle-hardened-perth-2025-beyond-odyssey,"Ira, Scarlet Revenger",Tide Flippers,1
64651483,battle-hardened-perth-2025-beyond-odyssey,"Ira, Scarlet Revenger",Tiger Eye Reflex,3
64651483,battle-hardened-perth-2025-beyond-odyssey,"Ira, Scarlet Revenger",Tiger Stripe Shuko,0
64651483,battle-hardened-perth-2025-beyond-odyssey,"Ira, Scarlet Revenger",Torrent of Tempo,0
64651483,battle-hardened-perth-2025-beyond-odyssey,"Ira, Scarlet Revenger",Up Sticks and Run,0
64651483,battle-hardened-perth-2025-beyond-odyssey,"Ira, Scarlet Revenger",Vengeance Never Rests,3
64651483,battle-hardened-perth-2025-beyond-odyssey,"Ira, Scarlet Revenger",Whelming Gustwave,0
64651483,battle-hardened-perth-2025-beyond-odyssey,"Ira, Scarlet Revenger",Whirling Mist Blossom,1
27731527,battle-hardened-perth-2025-beyond-odyssey,"Victor Goldmane, High and Mighty",Aurum Aegis,1
27731527,battle-hardened-perth-2025-beyond-odyssey,"Victor Goldmane, High and Mighty",Batter to a Pulp,3
27731527,battle-hardened-perth-2025-beyond-odyssey,"Victor Goldmane, High and Mighty",Buckling Blow,0
27731527,battle-hardened-perth-2025-beyond-odyssey,"Victor Goldmane, High and Mighty",Chokeslam,3
27731527,battle-hardened-perth-2025-beyond-odyssey,"Victor Goldmane, High and Mighty",Chokeslam,3
27731527,battle-hardened-perth-2025-beyond-odyssey,"Victor Goldmane, High and Mighty",Civic Steps,1
27731527,battle-hardened-perth-2025-beyond-odyssey,"Victor Goldmane, High and Mighty",Clash of Bravado,2
27731527,battle-hardened-perth-2025-beyond-odyssey,"Victor Goldmane, High and Mighty",Command and Conquer,3
27731527,battle-hardened-perth-2025-beyond-odyssey,"Victor Goldmane, High and Mighty",Cranial Crush,3
27731527,battle-hardened-perth-2025-beyond-odyssey,"Victor Goldmane, High and Mighty",Craterhoof,0
27731527,battle-hardened-perth-2025-beyond-odyssey,"Victor Goldmane, High and Mighty",Crown of Dominion,1
27731527,battle-hardened-perth-2025-beyond-odyssey,"Victor Goldmane, High and Mighty",Crush the Weak,3
27731527,battle-hardened-perth-2025-beyond-odyssey,"Victor Goldmane, High and Mighty",Debilitate,3
27731527,battle-hardened-perth-2025-beyond-odyssey,"Victor Goldmane, High and Mighty",Disable,3
27731527,battle-hardened-perth-2025-beyond-odyssey,"Victor Goldmane, High and Mighty",Enlightened Strike,3
27731527,battle-hardened-perth-2025-beyond-odyssey,"Victor Goldmane, High and Mighty",Fault Line,3
27731527,battle-hardened-perth-2025-beyond-odyssey,"Victor Goldmane, High and Mighty",Fyendal's Spring Tunic,1
27731527,battle-hardened-perth-2025-beyond-odyssey,"Victor Goldmane, High and Mighty",Gauntlets of Iron Will,1
27731527,battle-hardened-perth-2025-beyond-odyssey,"Victor Goldmane, High and Mighty",Headbutt,3
27731527,battle-hardened-perth-2025-beyond-odyssey,"Victor Goldmane, High and Mighty",Macho Grande,3
27731527,battle-hardened-perth-2025-beyond-odyssey,"Victor Goldmane, High and Mighty",Nullrune Boots,1
27731527,battle-hardened-perth-2025-beyond-odyssey,"Victor Goldmane, High and Mighty",Nullrune Gloves,1
27731527,battle-hardened-perth-2025-beyond-odyssey,"Victor Goldmane, High and Mighty",Pec Perfect,3
27731527,battle-hardened-perth-2025-beyond-odyssey,"Victor Goldmane, High and Mighty",Quickdodge Flexors,1
27731527,battle-hardened-perth-2025-beyond-odyssey,"Victor Goldmane, High and Mighty",Riches of Trōpal-Dhani,0
27731527,battle-hardened-perth-2025-beyond-odyssey,"Victor Goldmane, High and Mighty",Rouse the Ancients,3
27731527,battle-hardened-perth-2025-beyond-odyssey,"Victor Goldmane, High and Mighty",Spinal Crush,3
27731527,battle-hardened-perth-2025-beyond-odyssey,"Victor Goldmane, High and Mighty",Test of Iron Grip,3
27731527,battle-hardened-perth-2025-beyond-odyssey,"Victor Goldmane, High and Mighty",Test of Strength,3
27731527,battle-hardened-perth-2025-beyond-odyssey,"Victor Goldmane, High and Mighty",The Golden Son,3
27731527,battle-hardened-perth-2025-beyond-odyssey,"Victor Goldmane, High and Mighty",Thunder Quake,3
27731527,battle-hardened-perth-2025-beyond-odyssey,"Victor Goldmane, High and Mighty",Thunk,3
27731527,battle-hardened-perth-2025-beyond-odyssey,"Victor Goldmane, High and Mighty",Titan's Fist,1
27731527,battle-hardened-perth-2025-beyond-odyssey,"Victor Goldmane, High and Mighty",Trounce,3
27731527,battle-hardened-perth-2025-beyond-odyssey,"Victor Goldmane, High and Mighty",Visit Goldmane Estate,3
27731527,battle-hardened-perth-2025-beyond-odyssey,"Victor Goldmane, High and Mighty",Zealous Belting,3
95833681,battle-hardened-perth-2025-beyond-odyssey,"Verdance, Thorn of the Rose",Aether Arc,0
95833681,battle-hardened-perth-2025-beyond-odyssey,"Verdance, Thorn of the Rose",Alluvion Constellas,0
95833681,battle-hardened-perth-2025-beyond-odyssey,"Verdance, Thorn of the Rose",Arcane Twining,3
95833681,battle-hardened-perth-2025-beyond-odyssey,"Verdance, Thorn of the Rose",Autumn's Touch,3
95833681,battle-hardened-perth-2025-beyond-odyssey,"Verdance, Thorn of the Rose",Barkskin of the Millennium Tree,1
95833681,battle-hardened-perth-2025-beyond-odyssey,"Verdance, Thorn of the Rose",Blanch,0
95833681,battle-hardened-perth-2025-beyond-odyssey,"Verdance, Thorn of the Rose",Burn Bare,3
95833681,battle-hardened-perth-2025-beyond-odyssey,"Verdance, Thorn of the Rose",Cadaverous Tilling,3
95833681,battle-hardened-perth-2025-beyond-odyssey,"Verdance, Thorn of the Rose",Channel the Millennium Tree,0
95833681,battle-hardened-perth-2025-beyond-odyssey,"Verdance, Thorn of the Rose",Command and Conquer,3
95833681,battle-hardened-perth-2025-beyond-odyssey,"Verdance, Thorn of the Rose",Crown of Providence,0
95833681,battle-hardened-perth-2025-beyond-odyssey,"Verdance, Thorn of the Rose",Destructive Aethertide,2
95833681,battle-hardened-perth-2025-beyond-odyssey,"Verdance, Thorn of the Rose",Earth Form,0
95833681,battle-hardened-perth-2025-beyond-odyssey,"Verdance, Thorn of the Rose",Emeritus Scolding,3
95833681,battle-hardened-perth-2025-beyond-odyssey,"Verdance, Thorn of the Rose",Enlightened Strike,3
95833681,battle-hardened-perth-2025-beyond-odyssey,"Verdance, Thorn of the Rose",Everbloom||Life,3
95833681,battle-hardened-perth-2025-beyond-odyssey,"Verdance, Thorn of the Rose",Felling of the Crown,3
95833681,battle-hardened-perth-2025-beyond-odyssey,"Verdance, Thorn of the Rose",Fruits of the Forest,3
95833681,battle-hardened-perth-2025-beyond-odyssey,"Verdance, Thorn of the Rose",Fruits of the Forest,3
95833681,battle-hardened-perth-2025-beyond-odyssey,"Verdance, Thorn of the Rose",Goliath Gauntlet,1
95833681,battle-hardened-perth-2025-beyond-odyssey,"Verdance, Thorn of the Rose",Healing Potion,3
95833681,battle-hardened-perth-2025-beyond-odyssey,"Verdance, Thorn of the Rose",Heartbeat of Candlehold,3
95833681,battle-hardened-perth-2025-beyond-odyssey,"Verdance, Thorn of the Rose",Mental Block,3
95833681,battle-hardened-perth-2025-beyond-odyssey,"Verdance, Thorn of the Rose",Metacarpus Node,1
95833681,battle-hardened-perth-2025-beyond-odyssey,"Verdance, Thorn of the Rose",Mind Warp,0
95833681,battle-hardened-perth-2025-beyond-odyssey,"Verdance, Thorn of the Rose",Nourishing Emptiness,0
95833681,battle-hardened-perth-2025-beyond-odyssey,"Verdance, Thorn of the Rose",Outed,3
95833681,battle-hardened-perth-2025-beyond-odyssey,"Verdance, Thorn of the Rose",Overflow the Aetherwell,0
95833681,battle-hardened-perth-2025-beyond-odyssey,"Verdance, Thorn of the Rose",Plow Under,3
95833681,battle-hardened-perth-2025-beyond-odyssey,"Verdance, Thorn of the Rose",Plume of Evergrowth,1
95833681,battle-hardened-perth-2025-beyond-odyssey,"Verdance, Thorn of the Rose",Pounamu Amulet,1
95833681,battle-hardened-perth-2025-beyond-odyssey,"Verdance, Thorn of the Rose",Pulsing Aether||Life,3
95833681,battle-hardened-perth-2025-beyond-odyssey,"Verdance, Thorn of the Rose",Rampant Growth||Life,3
95833681,battle-hardened-perth-2025-beyond-odyssey,"Verdance, Thorn of the Rose",Ring of Roses,1
95833681,battle-hardened-perth-2025-beyond-odyssey,"Verdance, Thorn of the Rose",Rootbound Carapace,3
95833681,battle-hardened-perth-2025-beyond-odyssey,"Verdance, Thorn of the Rose",Rootbound Carapace,1
95833681,battle-hardened-perth-2025-beyond-odyssey,"Verdance, Thorn of the Rose",Rowdy Locals,2
95833681,battle-hardened-perth-2025-beyond-odyssey,"Verdance, Thorn of the Rose",Scour,0
95833681,battle-hardened-perth-2025-beyond-odyssey,"Verdance, Thorn of the Rose",Seeds of Tomorrow,0
95833681,battle-hardened-perth-2025-beyond-odyssey,"Verdance, Thorn of the Rose",Shelter from the Storm,3
95833681,battle-hardened-perth-2025-beyond-odyssey,"Verdance, Thorn of the Rose",Sink Below,3
95833681,battle-hardened-perth-2025-beyond-odyssey,"Verdance, Thorn of the Rose",Snag,0
95833681,battle-hardened-perth-2025-beyond-odyssey,"Verdance, Thorn of the Rose",Snapback,0
95833681,battle-hardened-perth-2025-beyond-odyssey,"Verdance, Thorn of the Rose",Sow Tomorrow,0
95833681,battle-hardened-perth-2025-beyond-odyssey,"Verdance, Thorn of the Rose",Stonewall Gauntlet,1
95833681,battle-hardened-perth-2025-beyond-odyssey,"Verdance, Thorn of the Rose",Storm Striders,1
95833681,battle-hardened-perth-2025-beyond-odyssey,"Verdance, Thorn of the Rose",Summer's Fall,2
95833681,battle-hardened-perth-2025-beyond-odyssey,"Verdance, Thorn of the Rose",Surgent Aethertide,1
95833681,battle-hardened-perth-2025-beyond-odyssey,"Verdance, Thorn of the Rose",Waning Moon,1
95833681,battle-hardened-perth-2025-beyond-odyssey,"Verdance, Thorn of the Rose",Warmonger's Diplomacy,0
53195898,battle-hardened-perth-2025-beyond-odyssey,"Prism, Awakener of Sol",Angelic Wrath,3
53195898,battle-hardened-perth-2025-beyond-odyssey,"Prism, Awakener of Sol",Arc Light Sentinel,3
53195898,battle-hardened-perth-2025-beyond-odyssey,"Prism, Awakener of Sol",Calming Gesture,1
53195898,battle-hardened-perth-2025-beyond-odyssey,"Prism, Awakener of Sol",Celestial Cataclysm,0
53195898,battle-hardened-perth-2025-beyond-odyssey,"Prism, Awakener of Sol",Celestial Reprimand,0
53195898,battle-hardened-perth-2025-beyond-odyssey,"Prism, Awakener of Sol",Dream Weavers,1
53195898,battle-hardened-perth-2025-beyond-odyssey,"Prism, Awakener of Sol",Empyrean Rapture,1
53195898,battle-hardened-perth-2025-beyond-odyssey,"Prism, Awakener of Sol",Figment of Erudition,1
53195898,battle-hardened-perth-2025-beyond-odyssey,"Prism, Awakener of Sol",Figment of Judgment,1
53195898,battle-hardened-perth-2025-beyond-odyssey,"Prism, Awakener of Sol",Figment of Protection,1
53195898,battle-hardened-perth-2025-beyond-odyssey,"Prism, Awakener of Sol",Figment of Ravages,1
53195898,battle-hardened-perth-2025-beyond-odyssey,"Prism, Awakener of Sol",Figment of Rebirth,1
53195898,battle-hardened-perth-2025-beyond-odyssey,"Prism, Awakener of Sol",Figment of Tenacity,1
53195898,battle-hardened-perth-2025-beyond-odyssey,"Prism, Awakener of Sol",Figment of Triumph,1
53195898,battle-hardened-perth-2025-beyond-odyssey,"Prism, Awakener of Sol",Figment of War,1
53195898,battle-hardened-perth-2025-beyond-odyssey,"Prism, Awakener of Sol",Genesis,3
53195898,battle-hardened-perth-2025-beyond-odyssey,"Prism, Awakener of Sol",Great Library of Solana,1
53195898,battle-hardened-perth-2025-beyond-odyssey,"Prism, Awakener of Sol",Halo of Illumination,1
53195898,battle-hardened-perth-2025-beyond-odyssey,"Prism, Awakener of Sol",Herald of Erudition,3
53195898,battle-hardened-perth-2025-beyond-odyssey,"Prism, Awakener of Sol",Herald of Judgment,3
53195898,battle-hardened-perth-2025-beyond-odyssey,"Prism, Awakener of Sol",Herald of Protection,3
53195898,battle-hardened-perth-2025-beyond-odyssey,"Prism, Awakener of Sol",Herald of Protection,3
53195898,battle-hardened-perth-2025-beyond-odyssey,"Prism, Awakener of Sol",Herald of Protection,3
53195898,battle-hardened-perth-2025-beyond-odyssey,"Prism, Awakener of Sol",Herald of Ravages,1
53195898,battle-hardened-perth-2025-beyond-odyssey,"Prism, Awakener of Sol",Herald of Ravages,3
53195898,battle-hardened-perth-2025-beyond-odyssey,"Prism, Awakener of Sol",Herald of Rebirth,3
53195898,battle-hardened-perth-2025-beyond-odyssey,"Prism, Awakener of Sol",Herald of Sekem,0
53195898,battle-hardened-perth-2025-beyond-odyssey,"Prism, Awakener of Sol",Herald of Tenacity,0
53195898,battle-hardened-perth-2025-beyond-odyssey,"Prism, Awakener of Sol",Herald of Triumph,3
53195898,battle-hardened-perth-2025-beyond-odyssey,"Prism, Awakener of Sol",Herald of Triumph,3
53195898,battle-hardened-perth-2025-beyond-odyssey,"Prism, Awakener of Sol",Herald of Triumph,3
53195898,battle-hardened-perth-2025-beyond-odyssey,"Prism, Awakener of Sol",Light of Sol,1
53195898,battle-hardened-perth-2025-beyond-odyssey,"Prism, Awakener of Sol","Luminaris, Angel's Glow",1
53195898,battle-hardened-perth-2025-beyond-odyssey,"Prism, Awakener of Sol",Merciful Retribution,3
53195898,battle-hardened-perth-2025-beyond-odyssey,"Prism, Awakener of Sol",Passing Mirage,3
53195898,battle-hardened-perth-2025-beyond-odyssey,"Prism, Awakener of Sol",Phantasmal Footsteps,1
53195898,battle-hardened-perth-2025-beyond-odyssey,"Prism, Awakener of Sol",Pierce Reality,3
53195898,battle-hardened-perth-2025-beyond-odyssey,"Prism, Awakener of Sol",Soul Shield,3
53195898,battle-hardened-perth-2025-beyond-odyssey,"Prism, Awakener of Sol",That All You Got?,2
53195898,battle-hardened-perth-2025-beyond-odyssey,"Prism, Awakener of Sol",Vestige of Sol,1
53195898,battle-hardened-perth-2025-beyond-odyssey,"Prism, Awakener of Sol",Wartune Herald,3
53195898,battle-hardened-perth-2025-beyond-odyssey,"Prism, Awakener of Sol",Wartune Herald,3
53195898,battle-hardened-perth-2025-beyond-odyssey,"Prism, Awakener of Sol",Wartune Herald,3
13464811,battle-hardened-perth-2025-beyond-odyssey,"Gravy Bones, Shipwrecked Looter",Amnesia,0
13464811,battle-hardened-perth-2025-beyond-odyssey,"Gravy Bones, Shipwrecked Looter","Anka, Drag Under",1
13464811,battle-hardened-perth-2025-beyond-odyssey,"Gravy Bones, Shipwrecked Looter",Avast Ye!,3
13464811,battle-hardened-perth-2025-beyond-odyssey,"Gravy Bones, Shipwrecked Looter",Back Alley Breakline,2
13464811,battle-hardened-perth-2025-beyond-odyssey,"Gravy Bones, Shipwrecked Looter",Balance of Justice,1
13464811,battle-hardened-perth-2025-beyond-odyssey,"Gravy Bones, Shipwrecked Looter",Blood in the Water,2
13464811,battle-hardened-perth-2025-beyond-odyssey,"Gravy Bones, Shipwrecked Looter",Call for Backup,2
13464811,battle-hardened-perth-2025-beyond-odyssey,"Gravy Bones, Shipwrecked Looter",Call to the Grave,3
13464811,battle-hardened-perth-2025-beyond-odyssey,"Gravy Bones, Shipwrecked Looter",Chart the High Seas,3
13464811,battle-hardened-perth-2025-beyond-odyssey,"Gravy Bones, Shipwrecked Looter","Chum, Friendly First Mate",3
13464811,battle-hardened-perth-2025-beyond-odyssey,"Gravy Bones, Shipwrecked Looter",Command and Conquer,0
13464811,battle-hardened-perth-2025-beyond-odyssey,"Gravy Bones, Shipwrecked Looter",Compass of Sunken Depths,1
13464811,battle-hardened-perth-2025-beyond-odyssey,"Gravy Bones, Shipwrecked Looter",Conqueror of the High Seas,3
13464811,battle-hardened-perth-2025-beyond-odyssey,"Gravy Bones, Shipwrecked Looter",Crown of Dominion,1
13464811,battle-hardened-perth-2025-beyond-odyssey,"Gravy Bones, Shipwrecked Looter",Crown of Providence,0
13464811,battle-hardened-perth-2025-beyond-odyssey,"Gravy Bones, Shipwrecked Looter","Cutty Shark, Quick Clip",2
13464811,battle-hardened-perth-2025-beyond-odyssey,"Gravy Bones, Shipwrecked Looter",Dead Threads,1
13464811,battle-hardened-perth-2025-beyond-odyssey,"Gravy Bones, Shipwrecked Looter",Diamond Amulet,0
13464811,battle-hardened-perth-2025-beyond-odyssey,"Gravy Bones, Shipwrecked Looter",Eye of Ophidia,1
13464811,battle-hardened-perth-2025-beyond-odyssey,"Gravy Bones, Shipwrecked Looter",Fearless Confrontation,3
13464811,battle-hardened-perth-2025-beyond-odyssey,"Gravy Bones, Shipwrecked Looter",Flying High,2
13464811,battle-hardened-perth-2025-beyond-odyssey,"Gravy Bones, Shipwrecked Looter",Give No Quarter,1
13464811,battle-hardened-perth-2025-beyond-odyssey,"Gravy Bones, Shipwrecked Looter",Gold-Baited Hook,1
13464811,battle-hardened-perth-2025-beyond-odyssey,"Gravy Bones, Shipwrecked Looter",Golden Tipple,3
13464811,battle-hardened-perth-2025-beyond-odyssey,"Gravy Bones, Shipwrecked Looter",Golden Tipple,2
13464811,battle-hardened-perth-2025-beyond-odyssey,"Gravy Bones, Shipwrecked Looter",Golden Tipple,3
13464811,battle-hardened-perth-2025-beyond-odyssey,"Gravy Bones, Shipwrecked Looter",Lead the Charge,0
13464811,battle-hardened-perth-2025-beyond-odyssey,"Gravy Bones, Shipwrecked Looter","Limpit, Hop-a-long",1
13464811,battle-hardened-perth-2025-beyond-odyssey,"Gravy Bones, Shipwrecked Looter",Loot the Hold,3
13464811,battle-hardened-perth-2025-beyond-odyssey,"Gravy Bones, Shipwrecked Looter",Mage Master Boots,1
13464811,battle-hardened-perth-2025-beyond-odyssey,"Gravy Bones, Shipwrecked Looter",Murderous Rabble,3
13464811,battle-hardened-perth-2025-beyond-odyssey,"Gravy Bones, Shipwrecked Looter",Nullrune Boots,1
13464811,battle-hardened-perth-2025-beyond-odyssey,"Gravy Bones, Shipwrecked Looter",Nullrune Gloves,0
13464811,battle-hardened-perth-2025-beyond-odyssey,"Gravy Bones, Shipwrecked Looter",Nullrune Hood,1
13464811,battle-hardened-perth-2025-beyond-odyssey,"Gravy Bones, Shipwrecked Looter",Oasis Respite,0
13464811,battle-hardened-perth-2025-beyond-odyssey,"Gravy Bones, Shipwrecked Looter","Oysten, Heart of Gold",0
13464811,battle-hardened-perth-2025-beyond-odyssey,"Gravy Bones, Shipwrecked Looter",Pearl Amulet,0
13464811,battle-hardened-perth-2025-beyond-odyssey,"Gravy Bones, Shipwrecked Looter",Portside Exchange,3
13464811,battle-hardened-perth-2025-beyond-odyssey,"Gravy Bones, Shipwrecked Looter",Prismatic Leyline,0
13464811,battle-hardened-perth-2025-beyond-odyssey,"Gravy Bones, Shipwrecked Looter",Quickdodge Flexors,1
13464811,battle-hardened-perth-2025-beyond-odyssey,"Gravy Bones, Shipwrecked Looter",Riggermortis,3
13464811,battle-hardened-perth-2025-beyond-odyssey,"Gravy Bones, Shipwrecked Looter",Saltwater Swell,3
13464811,battle-hardened-perth-2025-beyond-odyssey,"Gravy Bones, Shipwrecked Looter",Saltwater Swell,3
13464811,battle-hardened-perth-2025-beyond-odyssey,"Gravy Bones, Shipwrecked Looter","Sawbones, Dockhand",3
13464811,battle-hardened-perth-2025-beyond-odyssey,"Gravy Bones, Shipwrecked Looter","Scooba, Salty Sea Dog",0
13464811,battle-hardened-perth-2025-beyond-odyssey,"Gravy Bones, Shipwrecked Looter",Sea Legs,2
13464811,battle-hardened-perth-2025-beyond-odyssey,"Gravy Bones, Shipwrecked Looter",Snag,0
13464811,battle-hardened-perth-2025-beyond-odyssey,"Gravy Bones, Shipwrecked Looter",Sunken Treasure,1
13464811,battle-hardened-perth-2025-beyond-odyssey,"Gravy Bones, Shipwrecked Looter",Swabbie,3
13464811,battle-hardened-perth-2025-beyond-odyssey,"Gravy Bones, Shipwrecked Looter",Swiftwater Sloop,0
13464811,battle-hardened-perth-2025-beyond-odyssey,"Gravy Bones, Shipwrecked Looter",Throw Caution to the Wind,0
13464811,battle-hardened-perth-2025-beyond-odyssey,"Gravy Bones, Shipwrecked Looter",Tip the Barkeep,3
13464811,battle-hardened-perth-2025-beyond-odyssey,"Gravy Bones, Shipwrecked Looter",Wailer Humperdinck,1
35884794,battle-hardened-perth-2025-beyond-odyssey,Dorinthea Ironsong,Agile Windup,0
35884794,battle-hardened-perth-2025-beyond-odyssey,Dorinthea Ironsong,Arcane Compliance,0
35884794,battle-hardened-perth-2025-beyond-odyssey,Dorinthea Ironsong,Balance of Justice,0
35884794,battle-hardened-perth-2025-beyond-odyssey,Dorinthea Ironsong,Blade Flurry,3
35884794,battle-hardened-perth-2025-beyond-odyssey,Dorinthea Ironsong,Braveforge Bracers,1
35884794,battle-hardened-perth-2025-beyond-odyssey,Dorinthea Ironsong,Crown of Providence,1
35884794,battle-hardened-perth-2025-beyond-odyssey,Dorinthea Ironsong,Dauntless,0
35884794,battle-hardened-perth-2025-beyond-odyssey,Dorinthea Ironsong,Dawnblade,1
35884794,battle-hardened-perth-2025-beyond-odyssey,Dorinthea Ironsong,Decimator Great Axe,0
35884794,battle-hardened-perth-2025-beyond-odyssey,Dorinthea Ironsong,Fiddler's Green,2
35884794,battle-hardened-perth-2025-beyond-odyssey,Dorinthea Ironsong,Flying High,3
35884794,battle-hardened-perth-2025-beyond-odyssey,Dorinthea Ironsong,Glint the Quicksilver,3
35884794,battle-hardened-perth-2025-beyond-odyssey,Dorinthea Ironsong,Glistening Steelblade,3
35884794,battle-hardened-perth-2025-beyond-odyssey,Dorinthea Ironsong,Grains of Bloodspill,1
35884794,battle-hardened-perth-2025-beyond-odyssey,Dorinthea Ironsong,Heart of Fyendal,0
35884794,battle-hardened-perth-2025-beyond-odyssey,Dorinthea Ironsong,Hit and Run,3
35884794,battle-hardened-perth-2025-beyond-odyssey,Dorinthea Ironsong,Ironsong Determination,3
35884794,battle-hardened-perth-2025-beyond-odyssey,Dorinthea Ironsong,Ironsong Response,3
35884794,battle-hardened-perth-2025-beyond-odyssey,Dorinthea Ironsong,Ironsong Versus,0
35884794,battle-hardened-perth-2025-beyond-odyssey,Dorinthea Ironsong,Jagged Edge,3
35884794,battle-hardened-perth-2025-beyond-odyssey,Dorinthea Ironsong,Kabuto of Imperial Authority,0
35884794,battle-hardened-perth-2025-beyond-odyssey,Dorinthea Ironsong,Nip at the Heels,3
35884794,battle-hardened-perth-2025-beyond-odyssey,Dorinthea Ironsong,Nullrune Boots,0
35884794,battle-hardened-perth-2025-beyond-odyssey,Dorinthea Ironsong,Nullrune Gloves,1
35884794,battle-hardened-perth-2025-beyond-odyssey,Dorinthea Ironsong,Nullrune Hood,1
35884794,battle-hardened-perth-2025-beyond-odyssey,Dorinthea Ironsong,Overpower,3
35884794,battle-hardened-perth-2025-beyond-odyssey,Dorinthea Ironsong,Precision Press,0
35884794,battle-hardened-perth-2025-beyond-odyssey,Dorinthea Ironsong,Provoke,3
35884794,battle-hardened-perth-2025-beyond-odyssey,Dorinthea Ironsong,Puncture,2
35884794,battle-hardened-perth-2025-beyond-odyssey,Dorinthea Ironsong,Refraction Bolters,1
35884794,battle-hardened-perth-2025-beyond-odyssey,Dorinthea Ironsong,Run Through,2
35884794,battle-hardened-perth-2025-beyond-odyssey,Dorinthea Ironsong,Sharpen Steel,3
35884794,battle-hardened-perth-2025-beyond-odyssey,Dorinthea Ironsong,Shelter from the Storm,0
35884794,battle-hardened-perth-2025-beyond-odyssey,Dorinthea Ironsong,Sigil of Solace,0
35884794,battle-hardened-perth-2025-beyond-odyssey,Dorinthea Ironsong,Singing Steelblade,3
35884794,battle-hardened-perth-2025-beyond-odyssey,Dorinthea Ironsong,Sink Below,3
35884794,battle-hardened-perth-2025-beyond-odyssey,Dorinthea Ironsong,Sirens of Safe Harbor,3
35884794,battle-hardened-perth-2025-beyond-odyssey,Dorinthea Ironsong,Snag,2
35884794,battle-hardened-perth-2025-beyond-odyssey,Dorinthea Ironsong,Spoils of War,3
35884794,battle-hardened-perth-2025-beyond-odyssey,Dorinthea Ironsong,Steelblade Supremacy,3
35884794,battle-hardened-perth-2025-beyond-odyssey,Dorinthea Ironsong,Trot Along,3
35884794,battle-hardened-perth-2025-beyond-odyssey,Dorinthea Ironsong,Twinning Blade,2
35884794,battle-hardened-perth-2025-beyond-odyssey,Dorinthea Ironsong,Unsheathed,3
35884794,battle-hardened-perth-2025-beyond-odyssey,Dorinthea Ironsong,Warrior's Valor,3
35884794,battle-hardened-perth-2025-beyond-odyssey,Dorinthea Ironsong,Warrior's Valor,3
74693164,battle-hardened-perth-2025-beyond-odyssey,"Rhinar, Reckless Rampage",Agile Windup,3
74693164,battle-hardened-perth-2025-beyond-odyssey,"Rhinar, Reckless Rampage",Alpha Rampage,1
74693164,battle-hardened-perth-2025-beyond-odyssey,"Rhinar, Reckless Rampage",Apex Bonebreaker,1
74693164,battle-hardened-perth-2025-beyond-odyssey,"Rhinar, Reckless Rampage",Bam Bam,3
74693164,battle-hardened-perth-2025-beyond-odyssey,"Rhinar, Reckless Rampage",Bare Fangs,1
74693164,battle-hardened-perth-2025-beyond-odyssey,"Rhinar, Reckless Rampage",Barraging Beatdown,3
74693164,battle-hardened-perth-2025-beyond-odyssey,"Rhinar, Reckless Rampage",Beast Within,3
74693164,battle-hardened-perth-2025-beyond-odyssey,"Rhinar, Reckless Rampage",Bloodrush Bellow,3
74693164,battle-hardened-perth-2025-beyond-odyssey,"Rhinar, Reckless Rampage",Command and Conquer,2
74693164,battle-hardened-perth-2025-beyond-odyssey,"Rhinar, Reckless Rampage",Freewheeling Renegades,2
74693164,battle-hardened-perth-2025-beyond-odyssey,"Rhinar, Reckless Rampage",Gambler's Gloves,1
74693164,battle-hardened-perth-2025-beyond-odyssey,"Rhinar, Reckless Rampage",Mandible Claw,2
74693164,battle-hardened-perth-2025-beyond-odyssey,"Rhinar, Reckless Rampage",Nullrune Gloves,1
74693164,battle-hardened-perth-2025-beyond-odyssey,"Rhinar, Reckless Rampage",Pulping,3
74693164,battle-hardened-perth-2025-beyond-odyssey,"Rhinar, Reckless Rampage",Pummel,3
74693164,battle-hardened-perth-2025-beyond-odyssey,"Rhinar, Reckless Rampage",Pummel,2
74693164,battle-hardened-perth-2025-beyond-odyssey,"Rhinar, Reckless Rampage",Reckless Swing,2
74693164,battle-hardened-perth-2025-beyond-odyssey,"Rhinar, Reckless Rampage",Run Roughshod,3
74693164,battle-hardened-perth-2025-beyond-odyssey,"Rhinar, Reckless Rampage",Sand Sketched Plan,3
74693164,battle-hardened-perth-2025-beyond-odyssey,"Rhinar, Reckless Rampage",Savage Feast,3
74693164,battle-hardened-perth-2025-beyond-odyssey,"Rhinar, Reckless Rampage",Savage Sash,1
74693164,battle-hardened-perth-2025-beyond-odyssey,"Rhinar, Reckless Rampage",Scabskin Leathers,1
74693164,battle-hardened-perth-2025-beyond-odyssey,"Rhinar, Reckless Rampage",Scowling Flesh Bag,1
74693164,battle-hardened-perth-2025-beyond-odyssey,"Rhinar, Reckless Rampage",Sea Legs,3
74693164,battle-hardened-perth-2025-beyond-odyssey,"Rhinar, Reckless Rampage",Send Packing,3
74693164,battle-hardened-perth-2025-beyond-odyssey,"Rhinar, Reckless Rampage",Sink Below,3
74693164,battle-hardened-perth-2025-beyond-odyssey,"Rhinar, Reckless Rampage",Skull Crack,2
74693164,battle-hardened-perth-2025-beyond-odyssey,"Rhinar, Reckless Rampage",Skullhorn,1
74693164,battle-hardened-perth-2025-beyond-odyssey,"Rhinar, Reckless Rampage",Smashback Alehorn,3
74693164,battle-hardened-perth-2025-beyond-odyssey,"Rhinar, Reckless Rampage",Splatter Skull,3
74693164,battle-hardened-perth-2025-beyond-odyssey,"Rhinar, Reckless Rampage",Swing Big,3
74693164,battle-hardened-perth-2025-beyond-odyssey,"Rhinar, Reckless Rampage",Tear Limb from Limb,1
74693164,battle-hardened-perth-2025-beyond-odyssey,"Rhinar, Reckless Rampage",Thick Hide Hunter,1
74693164,battle-hardened-perth-2025-beyond-odyssey,"Rhinar, Reckless Rampage",Trot Along,3
74693164,battle-hardened-perth-2025-beyond-odyssey,"Rhinar, Reckless Rampage",Wild Ride,3
74693164,battle-hardened-perth-2025-beyond-odyssey,"Rhinar, Reckless Rampage",Wrecker Romp,3
93399167,battle-hardened-perth-2025-beyond-odyssey,"Oscilio, Constella Intelligence",Aether Bindings of the Third Age,1
93399167,battle-hardened-perth-2025-beyond-odyssey,"Oscilio, Constella Intelligence",Aether Spindle,0
93399167,battle-hardened-perth-2025-beyond-odyssey,"Oscilio, Constella Intelligence",Battlefront Bastion,2
93399167,battle-hardened-perth-2025-beyond-odyssey,"Oscilio, Constella Intelligence",Blanch,0
93399167,battle-hardened-perth-2025-beyond-odyssey,"Oscilio, Constella Intelligence",Blast to Oblivion,3
93399167,battle-hardened-perth-2025-beyond-odyssey,"Oscilio, Constella Intelligence",Blast to Oblivion,3
93399167,battle-hardened-perth-2025-beyond-odyssey,"Oscilio, Constella Intelligence",Blink,3
93399167,battle-hardened-perth-2025-beyond-odyssey,"Oscilio, Constella Intelligence",Blossom of Spring,0
93399167,battle-hardened-perth-2025-beyond-odyssey,"Oscilio, Constella Intelligence",Burn Bare,3
93399167,battle-hardened-perth-2025-beyond-odyssey,"Oscilio, Constella Intelligence",Calming Breeze,0
93399167,battle-hardened-perth-2025-beyond-odyssey,"Oscilio, Constella Intelligence",Cap of Quick Thinking,1
93399167,battle-hardened-perth-2025-beyond-odyssey,"Oscilio, Constella Intelligence",Channel Lightning Valley,3
93399167,battle-hardened-perth-2025-beyond-odyssey,"Oscilio, Constella Intelligence",Comet Storm||Shock,3
93399167,battle-hardened-perth-2025-beyond-odyssey,"Oscilio, Constella Intelligence",Consign to Cosmos||Shock,3
93399167,battle-hardened-perth-2025-beyond-odyssey,"Oscilio, Constella Intelligence",Current Funnel,3
93399167,battle-hardened-perth-2025-beyond-odyssey,"Oscilio, Constella Intelligence",Destructive Aethertide,3
93399167,battle-hardened-perth-2025-beyond-odyssey,"Oscilio, Constella Intelligence",Eclectic Magnetism,0
93399167,battle-hardened-perth-2025-beyond-odyssey,"Oscilio, Constella Intelligence",Electromagnetic Somersault,3
93399167,battle-hardened-perth-2025-beyond-odyssey,"Oscilio, Constella Intelligence",Electrostatic Discharge,3
93399167,battle-hardened-perth-2025-beyond-odyssey,"Oscilio, Constella Intelligence",Etchings of Arcana,3
93399167,battle-hardened-perth-2025-beyond-odyssey,"Oscilio, Constella Intelligence",Flash of Brilliance,1
93399167,battle-hardened-perth-2025-beyond-odyssey,"Oscilio, Constella Intelligence",Flittering Charge,3
93399167,battle-hardened-perth-2025-beyond-odyssey,"Oscilio, Constella Intelligence",Fry,0
93399167,battle-hardened-perth-2025-beyond-odyssey,"Oscilio, Constella Intelligence",Fyendal's Spring Tunic,1
93399167,battle-hardened-perth-2025-beyond-odyssey,"Oscilio, Constella Intelligence",Glyph Overlay,0
93399167,battle-hardened-perth-2025-beyond-odyssey,"Oscilio, Constella Intelligence",Gone in a Flash,3
93399167,battle-hardened-perth-2025-beyond-odyssey,"Oscilio, Constella Intelligence",High Voltage,3
93399167,battle-hardened-perth-2025-beyond-odyssey,"Oscilio, Constella Intelligence",Lightning Greaves,1
93399167,battle-hardened-perth-2025-beyond-odyssey,"Oscilio, Constella Intelligence",Lightning Press,3
93399167,battle-hardened-perth-2025-beyond-odyssey,"Oscilio, Constella Intelligence",Mind Warp,3
93399167,battle-hardened-perth-2025-beyond-odyssey,"Oscilio, Constella Intelligence",Nullrune Hood,1
93399167,battle-hardened-perth-2025-beyond-odyssey,"Oscilio, Constella Intelligence",Null||Shock,0
93399167,battle-hardened-perth-2025-beyond-odyssey,"Oscilio, Constella Intelligence",Old Knocker,1
93399167,battle-hardened-perth-2025-beyond-odyssey,"Oscilio, Constella Intelligence",Scour,0
93399167,battle-hardened-perth-2025-beyond-odyssey,"Oscilio, Constella Intelligence",Shelter from the Storm,0
93399167,battle-hardened-perth-2025-beyond-odyssey,"Oscilio, Constella Intelligence",Shock Charmers,1
93399167,battle-hardened-perth-2025-beyond-odyssey,"Oscilio, Constella Intelligence",Sigil of Aether,3
93399167,battle-hardened-perth-2025-beyond-odyssey,"Oscilio, Constella Intelligence",Sigil of Brilliance,3
93399167,battle-hardened-perth-2025-beyond-odyssey,"Oscilio, Constella Intelligence",Sigil of Conductivity,3
93399167,battle-hardened-perth-2025-beyond-odyssey,"Oscilio, Constella Intelligence",Sigil of Lightning,3
93399167,battle-hardened-perth-2025-beyond-odyssey,"Oscilio, Constella Intelligence",Sigil of Solace,3
93399167,battle-hardened-perth-2025-beyond-odyssey,"Oscilio, Constella Intelligence",Sink Below,0
93399167,battle-hardened-perth-2025-beyond-odyssey,"Oscilio, Constella Intelligence",Snag,3
93399167,battle-hardened-perth-2025-beyond-odyssey,"Oscilio, Constella Intelligence","Volzar, the Lightning Rod",1
33667697,battle-hardened-perth-2025-beyond-odyssey,"Victor Goldmane, High and Mighty",Aurum Aegis,1
33667697,battle-hardened-perth-2025-beyond-odyssey,"Victor Goldmane, High and Mighty",Batter to a Pulp,3
33667697,battle-hardened-perth-2025-beyond-odyssey,"Victor Goldmane, High and Mighty",Buckling Blow,3
33667697,battle-hardened-perth-2025-beyond-odyssey,"Victor Goldmane, High and Mighty",Chokeslam,3
33667697,battle-hardened-perth-2025-beyond-odyssey,"Victor Goldmane, High and Mighty",Civic Steps,0
33667697,battle-hardened-perth-2025-beyond-odyssey,"Victor Goldmane, High and Mighty",Clash of Bravado,2
33667697,battle-hardened-perth-2025-beyond-odyssey,"Victor Goldmane, High and Mighty",Command and Conquer,3
33667697,battle-hardened-perth-2025-beyond-odyssey,"Victor Goldmane, High and Mighty",Cranial Crush,3
33667697,battle-hardened-perth-2025-beyond-odyssey,"Victor Goldmane, High and Mighty",Craterhoof,1
33667697,battle-hardened-perth-2025-beyond-odyssey,"Victor Goldmane, High and Mighty",Crown of Dominion,1
33667697,battle-hardened-perth-2025-beyond-odyssey,"Victor Goldmane, High and Mighty",Crush the Weak,3
33667697,battle-hardened-perth-2025-beyond-odyssey,"Victor Goldmane, High and Mighty",Debilitate,3
33667697,battle-hardened-perth-2025-beyond-odyssey,"Victor Goldmane, High and Mighty",Disable,3
33667697,battle-hardened-perth-2025-beyond-odyssey,"Victor Goldmane, High and Mighty",Enlightened Strike,3
33667697,battle-hardened-perth-2025-beyond-odyssey,"Victor Goldmane, High and Mighty",Fault Line,3
33667697,battle-hardened-perth-2025-beyond-odyssey,"Victor Goldmane, High and Mighty",Fyendal's Spring Tunic,1
33667697,battle-hardened-perth-2025-beyond-odyssey,"Victor Goldmane, High and Mighty",Gauntlets of Iron Will,1
33667697,battle-hardened-perth-2025-beyond-odyssey,"Victor Goldmane, High and Mighty",Headbutt,2
33667697,battle-hardened-perth-2025-beyond-odyssey,"Victor Goldmane, High and Mighty",Macho Grande,3
33667697,battle-hardened-perth-2025-beyond-odyssey,"Victor Goldmane, High and Mighty",Nullrune Boots,1
33667697,battle-hardened-perth-2025-beyond-odyssey,"Victor Goldmane, High and Mighty",Nullrune Gloves,1
33667697,battle-hardened-perth-2025-beyond-odyssey,"Victor Goldmane, High and Mighty",Pec Perfect,3
33667697,battle-hardened-perth-2025-beyond-odyssey,"Victor Goldmane, High and Mighty",Quickdodge Flexors,1
33667697,battle-hardened-perth-2025-beyond-odyssey,"Victor Goldmane, High and Mighty",Riches of Trōpal-Dhani,1
33667697,battle-hardened-perth-2025-beyond-odyssey,"Victor Goldmane, High and Mighty",Rouse the Ancients,3
33667697,battle-hardened-perth-2025-beyond-odyssey,"Victor Goldmane, High and Mighty",Spinal Crush,3
33667697,battle-hardened-perth-2025-beyond-odyssey,"Victor Goldmane, High and Mighty",Test of Iron Grip,3
33667697,battle-hardened-perth-2025-beyond-odyssey,"Victor Goldmane, High and Mighty",Test of Strength,3
33667697,battle-hardened-perth-2025-beyond-odyssey,"Victor Goldmane, High and Mighty",The Golden Son,3
33667697,battle-hardened-perth-2025-beyond-odyssey,"Victor Goldmane, High and Mighty",Thunder Quake,3
33667697,battle-hardened-perth-2025-beyond-odyssey,"Victor Goldmane, High and Mighty",Thunk,3
33667697,battle-hardened-perth-2025-beyond-odyssey,"Victor Goldmane, High and Mighty",Titan's Fist,1
33667697,battle-hardened-perth-2025-beyond-odyssey,"Victor Goldmane, High and Mighty",Trounce,3
33667697,battle-hardened-perth-2025-beyond-odyssey,"Victor Goldmane, High and Mighty",Visit Goldmane Estate,3
33667697,battle-hardened-perth-2025-beyond-odyssey,"Victor Goldmane, High and Mighty",Zealous Belting,3
34935542,battle-hardened-perth-2025-beyond-odyssey,"Arakni, 5L!p3d 7hRu 7h3 cR4X",Art of Desire: Body,3
34935542,battle-hardened-perth-2025-beyond-odyssey,"Arakni, 5L!p3d 7hRu 7h3 cR4X",Art of Desire: Mind,0
34935542,battle-hardened-perth-2025-beyond-odyssey,"Arakni, 5L!p3d 7hRu 7h3 cR4X",Balance of Justice,0
34935542,battle-hardened-perth-2025-beyond-odyssey,"Arakni, 5L!p3d 7hRu 7h3 cR4X",Blacktek Whisperers,1
34935542,battle-hardened-perth-2025-beyond-odyssey,"Arakni, 5L!p3d 7hRu 7h3 cR4X",Blanch,0
34935542,battle-hardened-perth-2025-beyond-odyssey,"Arakni, 5L!p3d 7hRu 7h3 cR4X",Bonds of Agony,3
34935542,battle-hardened-perth-2025-beyond-odyssey,"Arakni, 5L!p3d 7hRu 7h3 cR4X",Bonds of Attraction,3
34935542,battle-hardened-perth-2025-beyond-odyssey,"Arakni, 5L!p3d 7hRu 7h3 cR4X",Bonds of Attraction,3
34935542,battle-hardened-perth-2025-beyond-odyssey,"Arakni, 5L!p3d 7hRu 7h3 cR4X",Bonds of Memory,0
34935542,battle-hardened-perth-2025-beyond-odyssey,"Arakni, 5L!p3d 7hRu 7h3 cR4X",Codex of Frailty,3
34935542,battle-hardened-perth-2025-beyond-odyssey,"Arakni, 5L!p3d 7hRu 7h3 cR4X",Command and Conquer,3
34935542,battle-hardened-perth-2025-beyond-odyssey,"Arakni, 5L!p3d 7hRu 7h3 cR4X",Crown of Providence,0
34935542,battle-hardened-perth-2025-beyond-odyssey,"Arakni, 5L!p3d 7hRu 7h3 cR4X",Double Trouble,3
34935542,battle-hardened-perth-2025-beyond-odyssey,"Arakni, 5L!p3d 7hRu 7h3 cR4X",Double Trouble,3
34935542,battle-hardened-perth-2025-beyond-odyssey,"Arakni, 5L!p3d 7hRu 7h3 cR4X",Fate Foreseen,1
34935542,battle-hardened-perth-2025-beyond-odyssey,"Arakni, 5L!p3d 7hRu 7h3 cR4X",Flick Knives,1
34935542,battle-hardened-perth-2025-beyond-odyssey,"Arakni, 5L!p3d 7hRu 7h3 cR4X",Fyendal's Spring Tunic,1
34935542,battle-hardened-perth-2025-beyond-odyssey,"Arakni, 5L!p3d 7hRu 7h3 cR4X",Hunter's Klaive,2
34935542,battle-hardened-perth-2025-beyond-odyssey,"Arakni, 5L!p3d 7hRu 7h3 cR4X",Infect,3
34935542,battle-hardened-perth-2025-beyond-odyssey,"Arakni, 5L!p3d 7hRu 7h3 cR4X",Infiltrate,3
34935542,battle-hardened-perth-2025-beyond-odyssey,"Arakni, 5L!p3d 7hRu 7h3 cR4X",Just a Nick,3
34935542,battle-hardened-perth-2025-beyond-odyssey,"Arakni, 5L!p3d 7hRu 7h3 cR4X",Kiss of Death,3
34935542,battle-hardened-perth-2025-beyond-odyssey,"Arakni, 5L!p3d 7hRu 7h3 cR4X",Leave No Witnesses,3
34935542,battle-hardened-perth-2025-beyond-odyssey,"Arakni, 5L!p3d 7hRu 7h3 cR4X",Mark of the Black Widow,3
34935542,battle-hardened-perth-2025-beyond-odyssey,"Arakni, 5L!p3d 7hRu 7h3 cR4X",Mask of Perdition,1
34935542,battle-hardened-perth-2025-beyond-odyssey,"Arakni, 5L!p3d 7hRu 7h3 cR4X",Orb-Weaver Spinneret,3
34935542,battle-hardened-perth-2025-beyond-odyssey,"Arakni, 5L!p3d 7hRu 7h3 cR4X",Pain in the Backside,0
34935542,battle-hardened-perth-2025-beyond-odyssey,"Arakni, 5L!p3d 7hRu 7h3 cR4X",Persuasive Prognosis,3
34935542,battle-hardened-perth-2025-beyond-odyssey,"Arakni, 5L!p3d 7hRu 7h3 cR4X",Pick Up the Point,0
34935542,battle-hardened-perth-2025-beyond-odyssey,"Arakni, 5L!p3d 7hRu 7h3 cR4X",Pick to Pieces,0
34935542,battle-hardened-perth-2025-beyond-odyssey,"Arakni, 5L!p3d 7hRu 7h3 cR4X",Plunder the Poor,3
34935542,battle-hardened-perth-2025-beyond-odyssey,"Arakni, 5L!p3d 7hRu 7h3 cR4X",Razor's Edge,3
34935542,battle-hardened-perth-2025-beyond-odyssey,"Arakni, 5L!p3d 7hRu 7h3 cR4X",Redback Shroud,0
34935542,battle-hardened-perth-2025-beyond-odyssey,"Arakni, 5L!p3d 7hRu 7h3 cR4X",Savor Bloodshed,0
34935542,battle-hardened-perth-2025-beyond-odyssey,"Arakni, 5L!p3d 7hRu 7h3 cR4X",Shelter from the Storm,3
34935542,battle-hardened-perth-2025-beyond-odyssey,"Arakni, 5L!p3d 7hRu 7h3 cR4X",Shred,0
34935542,battle-hardened-perth-2025-beyond-odyssey,"Arakni, 5L!p3d 7hRu 7h3 cR4X",Sigil of Solace,3
34935542,battle-hardened-perth-2025-beyond-odyssey,"Arakni, 5L!p3d 7hRu 7h3 cR4X",Sink Below,3
34935542,battle-hardened-perth-2025-beyond-odyssey,"Arakni, 5L!p3d 7hRu 7h3 cR4X",Snag,1
34935542,battle-hardened-perth-2025-beyond-odyssey,"Arakni, 5L!p3d 7hRu 7h3 cR4X",Spike with Bloodrot,0
34935542,battle-hardened-perth-2025-beyond-odyssey,"Arakni, 5L!p3d 7hRu 7h3 cR4X",Stains of the Redback,0
34935542,battle-hardened-perth-2025-beyond-odyssey,"Arakni, 5L!p3d 7hRu 7h3 cR4X",Take Up the Mantle,3
34935542,battle-hardened-perth-2025-beyond-odyssey,"Arakni, 5L!p3d 7hRu 7h3 cR4X",Tarantula Toxin,3
34935542,battle-hardened-perth-2025-beyond-odyssey,"Arakni, 5L!p3d 7hRu 7h3 cR4X",Undercover Acquisition,0
34935542,battle-hardened-perth-2025-beyond-odyssey,"Arakni, 5L!p3d 7hRu 7h3 cR4X",Widow Back Abdomen,1
34935542,battle-hardened-perth-2025-beyond-odyssey,"Arakni, 5L!p3d 7hRu 7h3 cR4X",Widow Veil Respirator,1
34935542,battle-hardened-perth-2025-beyond-odyssey,"Arakni, 5L!p3d 7hRu 7h3 cR4X",Widow Web Crawler,1
25184487,battle-hardened-perth-2025-beyond-odyssey,"Prism, Awakener of Sol",Angelic Wrath,3
25184487,battle-hardened-perth-2025-beyond-odyssey,"Prism, Awakener of Sol",Angelic Wrath,1
25184487,battle-hardened-perth-2025-beyond-odyssey,"Prism, Awakener of Sol",Arc Light Sentinel,3
25184487,battle-hardened-perth-2025-beyond-odyssey,"Prism, Awakener of Sol",Calming Gesture,1
25184487,battle-hardened-perth-2025-beyond-odyssey,"Prism, Awakener of Sol",Celestial Cataclysm,2
25184487,battle-hardened-perth-2025-beyond-odyssey,"Prism, Awakener of Sol",Celestial Reprimand,0
25184487,battle-hardened-perth-2025-beyond-odyssey,"Prism, Awakener of Sol",Dream Weavers,1
25184487,battle-hardened-perth-2025-beyond-odyssey,"Prism, Awakener of Sol",Empyrean Rapture,1
25184487,battle-hardened-perth-2025-beyond-odyssey,"Prism, Awakener of Sol",Figment of Erudition,1
25184487,battle-hardened-perth-2025-beyond-odyssey,"Prism, Awakener of Sol",Figment of Judgment,1
25184487,battle-hardened-perth-2025-beyond-odyssey,"Prism, Awakener of Sol",Figment of Protection,1
25184487,battle-hardened-perth-2025-beyond-odyssey,"Prism, Awakener of Sol",Figment of Ravages,1
25184487,battle-hardened-perth-2025-beyond-odyssey,"Prism, Awakener of Sol",Figment of Rebirth,1
25184487,battle-hardened-perth-2025-beyond-odyssey,"Prism, Awakener of Sol",Figment of Tenacity,0
25184487,battle-hardened-perth-2025-beyond-odyssey,"Prism, Awakener of Sol",Figment of Triumph,1
25184487,battle-hardened-perth-2025-beyond-odyssey,"Prism, Awakener of Sol",Figment of War,1
25184487,battle-hardened-perth-2025-beyond-odyssey,"Prism, Awakener of Sol",Genesis,3
25184487,battle-hardened-perth-2025-beyond-odyssey,"Prism, Awakener of Sol",Great Library of Solana,1
25184487,battle-hardened-perth-2025-beyond-odyssey,"Prism, Awakener of Sol",Halo of Illumination,1
25184487,battle-hardened-perth-2025-beyond-odyssey,"Prism, Awakener of Sol",Herald of Erudition,3
25184487,battle-hardened-perth-2025-beyond-odyssey,"Prism, Awakener of Sol",Herald of Judgment,3
25184487,battle-hardened-perth-2025-beyond-odyssey,"Prism, Awakener of Sol",Herald of Protection,3
25184487,battle-hardened-perth-2025-beyond-odyssey,"Prism, Awakener of Sol",Herald of Protection,3
25184487,battle-hardened-perth-2025-beyond-odyssey,"Prism, Awakener of Sol",Herald of Protection,2
25184487,battle-hardened-perth-2025-beyond-odyssey,"Prism, Awakener of Sol",Herald of Ravages,2
25184487,battle-hardened-perth-2025-beyond-odyssey,"Prism, Awakener of Sol",Herald of Ravages,3
25184487,battle-hardened-perth-2025-beyond-odyssey,"Prism, Awakener of Sol",Herald of Rebirth,3
25184487,battle-hardened-perth-2025-beyond-odyssey,"Prism, Awakener of Sol",Herald of Sekem,0
25184487,battle-hardened-perth-2025-beyond-odyssey,"Prism, Awakener of Sol",Herald of Tenacity,0
25184487,battle-hardened-perth-2025-beyond-odyssey,"Prism, Awakener of Sol",Herald of Triumph,3
25184487,battle-hardened-perth-2025-beyond-odyssey,"Prism, Awakener of Sol",Herald of Triumph,3
25184487,battle-hardened-perth-2025-beyond-odyssey,"Prism, Awakener of Sol",Herald of Triumph,3
25184487,battle-hardened-perth-2025-beyond-odyssey,"Prism, Awakener of Sol",Light of Sol,1
25184487,battle-hardened-perth-2025-beyond-odyssey,"Prism, Awakener of Sol","Luminaris, Angel's Glow",1
25184487,battle-hardened-perth-2025-beyond-odyssey,"Prism, Awakener of Sol",Merciful Retribution,3
25184487,battle-hardened-perth-2025-beyond-odyssey,"Prism, Awakener of Sol",Passing Mirage,3
25184487,battle-hardened-perth-2025-beyond-odyssey,"Prism, Awakener of Sol",Phantasmal Footsteps,1
25184487,battle-hardened-perth-2025-beyond-odyssey,"Prism, Awakener of Sol",Pierce Reality,3
25184487,battle-hardened-perth-2025-beyond-odyssey,"Prism, Awakener of Sol",Soul Shield,3
25184487,battle-hardened-perth-2025-beyond-odyssey,"Prism, Awakener of Sol",That All You Got?,0
25184487,battle-hardened-perth-2025-beyond-odyssey,"Prism, Awakener of Sol",Vestige of Sol,1
25184487,battle-hardened-perth-2025-beyond-odyssey,"Prism, Awakener of Sol",Wartune Herald,3
25184487,battle-hardened-perth-2025-beyond-odyssey,"Prism, Awakener of Sol",Wartune Herald,3
25184487,battle-hardened-perth-2025-beyond-odyssey,"Prism, Awakener of Sol",Wartune Herald,3
23393875,battle-hardened-perth-2025-beyond-odyssey,"Arakni, Marionette",Art of Desire: Body,2
23393875,battle-hardened-perth-2025-beyond-odyssey,"Arakni, Marionette",Bonds of Agony,3
23393875,battle-hardened-perth-2025-beyond-odyssey,"Arakni, Marionette",Codex of Frailty,3
23393875,battle-hardened-perth-2025-beyond-odyssey,"Arakni, Marionette",Command and Conquer,3
23393875,battle-hardened-perth-2025-beyond-odyssey,"Arakni, Marionette",Den of the Spider,1
23393875,battle-hardened-perth-2025-beyond-odyssey,"Arakni, Marionette",Flick Knives,1
23393875,battle-hardened-perth-2025-beyond-odyssey,"Arakni, Marionette",Fyendal's Spring Tunic,1
23393875,battle-hardened-perth-2025-beyond-odyssey,"Arakni, Marionette",Hunter's Klaive,2
23393875,battle-hardened-perth-2025-beyond-odyssey,"Arakni, Marionette",Kiss of Death,3
23393875,battle-hardened-perth-2025-beyond-odyssey,"Arakni, Marionette",Lair of the Spider,2
23393875,battle-hardened-perth-2025-beyond-odyssey,"Arakni, Marionette",Leave No Witnesses,3
23393875,battle-hardened-perth-2025-beyond-odyssey,"Arakni, Marionette",Mark of the Black Widow,3
23393875,battle-hardened-perth-2025-beyond-odyssey,"Arakni, Marionette",Mask of Deceit,1
23393875,battle-hardened-perth-2025-beyond-odyssey,"Arakni, Marionette",Orb-Weaver Spinneret,3
23393875,battle-hardened-perth-2025-beyond-odyssey,"Arakni, Marionette",Orb-Weaver Spinneret,3
23393875,battle-hardened-perth-2025-beyond-odyssey,"Arakni, Marionette",Pain in the Backside,3
23393875,battle-hardened-perth-2025-beyond-odyssey,"Arakni, Marionette",Persuasive Prognosis,3
23393875,battle-hardened-perth-2025-beyond-odyssey,"Arakni, Marionette",Pick Up the Point,3
23393875,battle-hardened-perth-2025-beyond-odyssey,"Arakni, Marionette",Reaper's Call,3
23393875,battle-hardened-perth-2025-beyond-odyssey,"Arakni, Marionette",Savor Bloodshed,3
23393875,battle-hardened-perth-2025-beyond-odyssey,"Arakni, Marionette",Scar Tissue,2
23393875,battle-hardened-perth-2025-beyond-odyssey,"Arakni, Marionette",Shelter from the Storm,3
23393875,battle-hardened-perth-2025-beyond-odyssey,"Arakni, Marionette",Sink Below,3
23393875,battle-hardened-perth-2025-beyond-odyssey,"Arakni, Marionette",Snapdragon Scalers,1
23393875,battle-hardened-perth-2025-beyond-odyssey,"Arakni, Marionette",Stains of the Redback,3
23393875,battle-hardened-perth-2025-beyond-odyssey,"Arakni, Marionette",Surgical Extraction,3
23393875,battle-hardened-perth-2025-beyond-odyssey,"Arakni, Marionette",Take Up the Mantle,3
23393875,battle-hardened-perth-2025-beyond-odyssey,"Arakni, Marionette",Tarantula Toxin,3
23393875,battle-hardened-perth-2025-beyond-odyssey,"Arakni, Marionette",To the Point,2
23393875,battle-hardened-perth-2025-beyond-odyssey,"Arakni, Marionette",Under the Trap-Door,1
23393875,battle-hardened-perth-2025-beyond-odyssey,"Arakni, Marionette",Up Sticks and Run,3
23393875,battle-hardened-perth-2025-beyond-odyssey,"Arakni, Marionette",Wage Gold,2
23393875,battle-hardened-perth-2025-beyond-odyssey,"Arakni, Marionette",Widow Veil Respirator,1
23393875,battle-hardened-perth-2025-beyond-odyssey,"Arakni, Marionette",Widow Web Crawler,1
68724639,battle-hardened-perth-2025-beyond-odyssey,"Oscilio, Constella Intelligence",Aether Bindings of the Third Age,1
68724639,battle-hardened-perth-2025-beyond-odyssey,"Oscilio, Constella Intelligence",Aether Spindle,2
68724639,battle-hardened-perth-2025-beyond-odyssey,"Oscilio, Constella Intelligence",Battlefront Bastion,0
68724639,battle-hardened-perth-2025-beyond-odyssey,"Oscilio, Constella Intelligence",Blanch,0
68724639,battle-hardened-perth-2025-beyond-odyssey,"Oscilio, Constella Intelligence",Blast to Oblivion,3
68724639,battle-hardened-perth-2025-beyond-odyssey,"Oscilio, Constella Intelligence",Blink,3
68724639,battle-hardened-perth-2025-beyond-odyssey,"Oscilio, Constella Intelligence",Blossom of Spring,0
68724639,battle-hardened-perth-2025-beyond-odyssey,"Oscilio, Constella Intelligence",Burn Bare,2
68724639,battle-hardened-perth-2025-beyond-odyssey,"Oscilio, Constella Intelligence",Calming Breeze,1
68724639,battle-hardened-perth-2025-beyond-odyssey,"Oscilio, Constella Intelligence",Cap of Quick Thinking,0
68724639,battle-hardened-perth-2025-beyond-odyssey,"Oscilio, Constella Intelligence",Channel Lightning Valley,3
68724639,battle-hardened-perth-2025-beyond-odyssey,"Oscilio, Constella Intelligence",Comet Storm||Shock,3
68724639,battle-hardened-perth-2025-beyond-odyssey,"Oscilio, Constella Intelligence",Consign to Cosmos||Shock,3
68724639,battle-hardened-perth-2025-beyond-odyssey,"Oscilio, Constella Intelligence",Current Funnel,3
68724639,battle-hardened-perth-2025-beyond-odyssey,"Oscilio, Constella Intelligence",Destructive Aethertide,0
68724639,battle-hardened-perth-2025-beyond-odyssey,"Oscilio, Constella Intelligence",Eclectic Magnetism,3
68724639,battle-hardened-perth-2025-beyond-odyssey,"Oscilio, Constella Intelligence",Electromagnetic Somersault,3
68724639,battle-hardened-perth-2025-beyond-odyssey,"Oscilio, Constella Intelligence",Electrostatic Discharge,3
68724639,battle-hardened-perth-2025-beyond-odyssey,"Oscilio, Constella Intelligence",Etchings of Arcana,3
68724639,battle-hardened-perth-2025-beyond-odyssey,"Oscilio, Constella Intelligence",Flash of Brilliance,1
68724639,battle-hardened-perth-2025-beyond-odyssey,"Oscilio, Constella Intelligence",Flittering Charge,3
68724639,battle-hardened-perth-2025-beyond-odyssey,"Oscilio, Constella Intelligence",Fry,3
68724639,battle-hardened-perth-2025-beyond-odyssey,"Oscilio, Constella Intelligence",Fyendal's Spring Tunic,1
68724639,battle-hardened-perth-2025-beyond-odyssey,"Oscilio, Constella Intelligence",Glyph Overlay,0
68724639,battle-hardened-perth-2025-beyond-odyssey,"Oscilio, Constella Intelligence",Gone in a Flash,3
68724639,battle-hardened-perth-2025-beyond-odyssey,"Oscilio, Constella Intelligence",High Voltage,3
68724639,battle-hardened-perth-2025-beyond-odyssey,"Oscilio, Constella Intelligence",Lightning Greaves,1
68724639,battle-hardened-perth-2025-beyond-odyssey,"Oscilio, Constella Intelligence",Lightning Press,3
68724639,battle-hardened-perth-2025-beyond-odyssey,"Oscilio, Constella Intelligence",Mind Warp,3
68724639,battle-hardened-perth-2025-beyond-odyssey,"Oscilio, Constella Intelligence",Nullrune Hood,1
68724639,battle-hardened-perth-2025-beyond-odyssey,"Oscilio, Constella Intelligence",Null||Shock,1
68724639,battle-hardened-perth-2025-beyond-odyssey,"Oscilio, Constella Intelligence",Old Knocker,1
68724639,battle-hardened-perth-2025-beyond-odyssey,"Oscilio, Constella Intelligence",Scour,0
68724639,battle-hardened-perth-2025-beyond-odyssey,"Oscilio, Constella Intelligence",Shelter from the Storm,1
68724639,battle-hardened-perth-2025-beyond-odyssey,"Oscilio, Constella Intelligence",Shock Charmers,1
68724639,battle-hardened-perth-2025-beyond-odyssey,"Oscilio, Constella Intelligence",Sigil of Aether,0
68724639,battle-hardened-perth-2025-beyond-odyssey,"Oscilio, Constella Intelligence",Sigil of Brilliance,3
68724639,battle-hardened-perth-2025-beyond-odyssey,"Oscilio, Constella Intelligence",Sigil of Conductivity,3
68724639,battle-hardened-perth-2025-beyond-odyssey,"Oscilio, Constella Intelligence",Sigil of Lightning,3
68724639,battle-hardened-perth-2025-beyond-odyssey,"Oscilio, Constella Intelligence",Sigil of Solace,3
68724639,battle-hardened-perth-2025-beyond-odyssey,"Oscilio, Constella Intelligence",Sink Below,2
68724639,battle-hardened-perth-2025-beyond-odyssey,"Oscilio, Constella Intelligence",Snag,3
68724639,battle-hardened-perth-2025-beyond-odyssey,"Oscilio, Constella Intelligence","Volzar, the Lightning Rod",1
29584825,battle-hardened-perth-2025-beyond-odyssey,"Arakni, 5L!p3d 7hRu 7h3 cR4X",Art of Desire: Body,3
29584825,battle-hardened-perth-2025-beyond-odyssey,"Arakni, 5L!p3d 7hRu 7h3 cR4X",Art of Desire: Mind,0
29584825,battle-hardened-perth-2025-beyond-odyssey,"Arakni, 5L!p3d 7hRu 7h3 cR4X",Balance of Justice,0
29584825,battle-hardened-perth-2025-beyond-odyssey,"Arakni, 5L!p3d 7hRu 7h3 cR4X",Blacktek Whisperers,1
29584825,battle-hardened-perth-2025-beyond-odyssey,"Arakni, 5L!p3d 7hRu 7h3 cR4X",Blanch,0
29584825,battle-hardened-perth-2025-beyond-odyssey,"Arakni, 5L!p3d 7hRu 7h3 cR4X",Bonds of Agony,3
29584825,battle-hardened-perth-2025-beyond-odyssey,"Arakni, 5L!p3d 7hRu 7h3 cR4X",Bonds of Attraction,3
29584825,battle-hardened-perth-2025-beyond-odyssey,"Arakni, 5L!p3d 7hRu 7h3 cR4X",Bonds of Attraction,3
29584825,battle-hardened-perth-2025-beyond-odyssey,"Arakni, 5L!p3d 7hRu 7h3 cR4X",Bonds of Memory,1
29584825,battle-hardened-perth-2025-beyond-odyssey,"Arakni, 5L!p3d 7hRu 7h3 cR4X",Codex of Frailty,3
29584825,battle-hardened-perth-2025-beyond-odyssey,"Arakni, 5L!p3d 7hRu 7h3 cR4X",Command and Conquer,3
29584825,battle-hardened-perth-2025-beyond-odyssey,"Arakni, 5L!p3d 7hRu 7h3 cR4X",Crown of Providence,0
29584825,battle-hardened-perth-2025-beyond-odyssey,"Arakni, 5L!p3d 7hRu 7h3 cR4X",Double Trouble,3
29584825,battle-hardened-perth-2025-beyond-odyssey,"Arakni, 5L!p3d 7hRu 7h3 cR4X",Double Trouble,3
29584825,battle-hardened-perth-2025-beyond-odyssey,"Arakni, 5L!p3d 7hRu 7h3 cR4X",Fate Foreseen,1
29584825,battle-hardened-perth-2025-beyond-odyssey,"Arakni, 5L!p3d 7hRu 7h3 cR4X",Flick Knives,1
29584825,battle-hardened-perth-2025-beyond-odyssey,"Arakni, 5L!p3d 7hRu 7h3 cR4X",Fyendal's Spring Tunic,1
29584825,battle-hardened-perth-2025-beyond-odyssey,"Arakni, 5L!p3d 7hRu 7h3 cR4X",Hunter's Klaive,2
29584825,battle-hardened-perth-2025-beyond-odyssey,"Arakni, 5L!p3d 7hRu 7h3 cR4X",Infect,3
29584825,battle-hardened-perth-2025-beyond-odyssey,"Arakni, 5L!p3d 7hRu 7h3 cR4X",Infiltrate,3
29584825,battle-hardened-perth-2025-beyond-odyssey,"Arakni, 5L!p3d 7hRu 7h3 cR4X",Just a Nick,3
29584825,battle-hardened-perth-2025-beyond-odyssey,"Arakni, 5L!p3d 7hRu 7h3 cR4X",Kiss of Death,3
29584825,battle-hardened-perth-2025-beyond-odyssey,"Arakni, 5L!p3d 7hRu 7h3 cR4X",Leave No Witnesses,3
29584825,battle-hardened-perth-2025-beyond-odyssey,"Arakni, 5L!p3d 7hRu 7h3 cR4X",Mark of the Black Widow,3
29584825,battle-hardened-perth-2025-beyond-odyssey,"Arakni, 5L!p3d 7hRu 7h3 cR4X",Mask of Perdition,1
29584825,battle-hardened-perth-2025-beyond-odyssey,"Arakni, 5L!p3d 7hRu 7h3 cR4X",Orb-Weaver Spinneret,3
29584825,battle-hardened-perth-2025-beyond-odyssey,"Arakni, 5L!p3d 7hRu 7h3 cR4X",Pain in the Backside,0
29584825,battle-hardened-perth-2025-beyond-odyssey,"Arakni, 5L!p3d 7hRu 7h3 cR4X",Persuasive Prognosis,3
29584825,battle-hardened-perth-2025-beyond-odyssey,"Arakni, 5L!p3d 7hRu 7h3 cR4X",Pick Up the Point,0
29584825,battle-hardened-perth-2025-beyond-odyssey,"Arakni, 5L!p3d 7hRu 7h3 cR4X",Pick to Pieces,0
29584825,battle-hardened-perth-2025-beyond-odyssey,"Arakni, 5L!p3d 7hRu 7h3 cR4X",Plunder the Poor,3
29584825,battle-hardened-perth-2025-beyond-odyssey,"Arakni, 5L!p3d 7hRu 7h3 cR4X",Razor's Edge,3
29584825,battle-hardened-perth-2025-beyond-odyssey,"Arakni, 5L!p3d 7hRu 7h3 cR4X",Redback Shroud,0
29584825,battle-hardened-perth-2025-beyond-odyssey,"Arakni, 5L!p3d 7hRu 7h3 cR4X",Savor Bloodshed,0
29584825,battle-hardened-perth-2025-beyond-odyssey,"Arakni, 5L!p3d 7hRu 7h3 cR4X",Shelter from the Storm,3
29584825,battle-hardened-perth-2025-beyond-odyssey,"Arakni, 5L!p3d 7hRu 7h3 cR4X",Shred,0
29584825,battle-hardened-perth-2025-beyond-odyssey,"Arakni, 5L!p3d 7hRu 7h3 cR4X",Sigil of Solace,3
29584825,battle-hardened-perth-2025-beyond-odyssey,"Arakni, 5L!p3d 7hRu 7h3 cR4X",Sink Below,3
29584825,battle-hardened-perth-2025-beyond-odyssey,"Arakni, 5L!p3d 7hRu 7h3 cR4X",Snag,1
29584825,battle-hardened-perth-2025-beyond-odyssey,"Arakni, 5L!p3d 7hRu 7h3 cR4X",Spike with Bloodrot,0
29584825,battle-hardened-perth-2025-beyond-odyssey,"Arakni, 5L!p3d 7hRu 7h3 cR4X",Stains of the Redback,0
29584825,battle-hardened-perth-2025-beyond-odyssey,"Arakni, 5L!p3d 7hRu 7h3 cR4X",Take Up the Mantle,3
29584825,battle-hardened-perth-2025-beyond-odyssey,"Arakni, 5L!p3d 7hRu 7h3 cR4X",Tarantula Toxin,3
29584825,battle-hardened-perth-2025-beyond-odyssey,"Arakni, 5L!p3d 7hRu 7h3 cR4X",Undercover Acquisition,0
29584825,battle-hardened-perth-2025-beyond-odyssey,"Arakni, 5L!p3d 7hRu 7h3 cR4X",Widow Back Abdomen,0
29584825,battle-hardened-perth-2025-beyond-odyssey,"Arakni, 5L!p3d 7hRu 7h3 cR4X",Widow Veil Respirator,1
29584825,battle-hardened-perth-2025-beyond-odyssey,"Arakni, 5L!p3d 7hRu 7h3 cR4X",Widow Web Crawler,1
55392224,battle-hardened-perth-2025-beyond-odyssey,"Fang, Dracai of Blades",Affirm Loyalty,3
55392224,battle-hardened-perth-2025-beyond-odyssey,"Fang, Dracai of Blades",Arcane Compliance,3
55392224,battle-hardened-perth-2025-beyond-odyssey,"Fang, Dracai of Blades",Balance of Justice,1
55392224,battle-hardened-perth-2025-beyond-odyssey,"Fang, Dracai of Blades",Battlefront Bastion,3
55392224,battle-hardened-perth-2025-beyond-odyssey,"Fang, Dracai of Blades",Blade Flurry,3
55392224,battle-hardened-perth-2025-beyond-odyssey,"Fang, Dracai of Blades",Blaze Headlong,0
55392224,battle-hardened-perth-2025-beyond-odyssey,"Fang, Dracai of Blades",Blistering Blade,3
55392224,battle-hardened-perth-2025-beyond-odyssey,"Fang, Dracai of Blades",Braveforge Bracers,1
55392224,battle-hardened-perth-2025-beyond-odyssey,"Fang, Dracai of Blades",Crown of Providence,0
55392224,battle-hardened-perth-2025-beyond-odyssey,"Fang, Dracai of Blades",Cut from the Same Cloth,0
55392224,battle-hardened-perth-2025-beyond-odyssey,"Fang, Dracai of Blades",Drop of Dragon Blood,1
55392224,battle-hardened-perth-2025-beyond-odyssey,"Fang, Dracai of Blades",Endear Devotion,0
55392224,battle-hardened-perth-2025-beyond-odyssey,"Fang, Dracai of Blades",Exposed,2
55392224,battle-hardened-perth-2025-beyond-odyssey,"Fang, Dracai of Blades",Fire and Brimstone,1
55392224,battle-hardened-perth-2025-beyond-odyssey,"Fang, Dracai of Blades",For the Dracai,2
55392224,battle-hardened-perth-2025-beyond-odyssey,"Fang, Dracai of Blades",Fyendal's Spring Tunic,0
55392224,battle-hardened-perth-2025-beyond-odyssey,"Fang, Dracai of Blades",Glint the Quicksilver,3
55392224,battle-hardened-perth-2025-beyond-odyssey,"Fang, Dracai of Blades",Grains of Bloodspill,1
55392224,battle-hardened-perth-2025-beyond-odyssey,"Fang, Dracai of Blades",Hunt to the Ends of Rathe,0
55392224,battle-hardened-perth-2025-beyond-odyssey,"Fang, Dracai of Blades",Hunt's End,3
55392224,battle-hardened-perth-2025-beyond-odyssey,"Fang, Dracai of Blades",Imperial Intent,3
55392224,battle-hardened-perth-2025-beyond-odyssey,"Fang, Dracai of Blades",Imperial Seal of Command,0
55392224,battle-hardened-perth-2025-beyond-odyssey,"Fang, Dracai of Blades",Kabuto of Imperial Authority,1
55392224,battle-hardened-perth-2025-beyond-odyssey,"Fang, Dracai of Blades",Long Whisker Loyalty,3
55392224,battle-hardened-perth-2025-beyond-odyssey,"Fang, Dracai of Blades",Nip at the Heels,0
55392224,battle-hardened-perth-2025-beyond-odyssey,"Fang, Dracai of Blades",Nullrune Hood,1
55392224,battle-hardened-perth-2025-beyond-odyssey,"Fang, Dracai of Blades",Oath of Loyalty,2
55392224,battle-hardened-perth-2025-beyond-odyssey,"Fang, Dracai of Blades",Obsidian Fire Vein,2
55392224,battle-hardened-perth-2025-beyond-odyssey,"Fang, Dracai of Blades",Perforate,3
55392224,battle-hardened-perth-2025-beyond-odyssey,"Fang, Dracai of Blades",Pledge Fealty,3
55392224,battle-hardened-perth-2025-beyond-odyssey,"Fang, Dracai of Blades",Proclaim Vengeance,0
55392224,battle-hardened-perth-2025-beyond-odyssey,"Fang, Dracai of Blades",Rake Over the Coals,2
55392224,battle-hardened-perth-2025-beyond-odyssey,"Fang, Dracai of Blades",Relentless Pursuit,0
55392224,battle-hardened-perth-2025-beyond-odyssey,"Fang, Dracai of Blades",Savor Bloodshed,3
55392224,battle-hardened-perth-2025-beyond-odyssey,"Fang, Dracai of Blades",Scar Tissue,3
55392224,battle-hardened-perth-2025-beyond-odyssey,"Fang, Dracai of Blades",Scar Tissue,3
55392224,battle-hardened-perth-2025-beyond-odyssey,"Fang, Dracai of Blades",Searing Gaze,3
55392224,battle-hardened-perth-2025-beyond-odyssey,"Fang, Dracai of Blades",Shelter from the Storm,2
55392224,battle-hardened-perth-2025-beyond-odyssey,"Fang, Dracai of Blades",Sigil of Solace,0
55392224,battle-hardened-perth-2025-beyond-odyssey,"Fang, Dracai of Blades",Sink Below,3
55392224,battle-hardened-perth-2025-beyond-odyssey,"Fang, Dracai of Blades",Slap-Happy,1
55392224,battle-hardened-perth-2025-beyond-odyssey,"Fang, Dracai of Blades",Smoke Out,0
55392224,battle-hardened-perth-2025-beyond-odyssey,"Fang, Dracai of Blades",Snag,1
55392224,battle-hardened-perth-2025-beyond-odyssey,"Fang, Dracai of Blades",Sworn Vengeance,3
55392224,battle-hardened-perth-2025-beyond-odyssey,"Fang, Dracai of Blades",Tooth of the Dragon,3
55392224,battle-hardened-perth-2025-beyond-odyssey,"Fang, Dracai of Blades",Twist and Turn,3
55392224,battle-hardened-perth-2025-beyond-odyssey,"Fang, Dracai of Blades",Valiant Dynamo,1
55392224,battle-hardened-perth-2025-beyond-odyssey,"Fang, Dracai of Blades",Warmonger's Diplomacy,1
33493644,battle-hardened-lucerne-2025,"Kayo, Armed and Dangerous",Agile Windup,3
33493644,battle-hardened-lucerne-2025,"Kayo, Armed and Dangerous",Apex Bonebreaker,1
33493644,battle-hardened-lucerne-2025,"Kayo, Armed and Dangerous",Assault and Battery,3
33493644,battle-hardened-lucerne-2025,"Kayo, Armed and Dangerous",Bare Fangs,3
33493644,battle-hardened-lucerne-2025,"Kayo, Armed and Dangerous",Bare Fangs,2
33493644,battle-hardened-lucerne-2025,"Kayo, Armed and Dangerous",Beast Within,3
33493644,battle-hardened-lucerne-2025,"Kayo, Armed and Dangerous",Beaten Trackers,1
33493644,battle-hardened-lucerne-2025,"Kayo, Armed and Dangerous",Bloodrush Bellow,3
33493644,battle-hardened-lucerne-2025,"Kayo, Armed and Dangerous",Cast Bones,2
33493644,battle-hardened-lucerne-2025,"Kayo, Armed and Dangerous",Clash of Might,3
33493644,battle-hardened-lucerne-2025,"Kayo, Armed and Dangerous",Command and Conquer,3
33493644,battle-hardened-lucerne-2025,"Kayo, Armed and Dangerous",Enlightened Strike,0
33493644,battle-hardened-lucerne-2025,"Kayo, Armed and Dangerous",Erase Face,0
33493644,battle-hardened-lucerne-2025,"Kayo, Armed and Dangerous",Gravekeeping,0
33493644,battle-hardened-lucerne-2025,"Kayo, Armed and Dangerous",Humble,0
33493644,battle-hardened-lucerne-2025,"Kayo, Armed and Dangerous",Mandible Claw,1
33493644,battle-hardened-lucerne-2025,"Kayo, Armed and Dangerous",Mighty Windup,3
33493644,battle-hardened-lucerne-2025,"Kayo, Armed and Dangerous",No Fear,2
33493644,battle-hardened-lucerne-2025,"Kayo, Armed and Dangerous",Nullrune Boots,1
33493644,battle-hardened-lucerne-2025,"Kayo, Armed and Dangerous",Nullrune Gloves,0
33493644,battle-hardened-lucerne-2025,"Kayo, Armed and Dangerous",Pack Hunt,3
33493644,battle-hardened-lucerne-2025,"Kayo, Armed and Dangerous",Pulping,3
33493644,battle-hardened-lucerne-2025,"Kayo, Armed and Dangerous",Rally the Coast Guard,3
33493644,battle-hardened-lucerne-2025,"Kayo, Armed and Dangerous",Ravenous Rabble,3
33493644,battle-hardened-lucerne-2025,"Kayo, Armed and Dangerous",Reckless Swing,1
33493644,battle-hardened-lucerne-2025,"Kayo, Armed and Dangerous",Riled Up,3
33493644,battle-hardened-lucerne-2025,"Kayo, Armed and Dangerous",Run Roughshod,3
33493644,battle-hardened-lucerne-2025,"Kayo, Armed and Dangerous",Savage Beatdown,2
33493644,battle-hardened-lucerne-2025,"Kayo, Armed and Dangerous",Savage Feast,2
33493644,battle-hardened-lucerne-2025,"Kayo, Armed and Dangerous",Savage Sash,1
33493644,battle-hardened-lucerne-2025,"Kayo, Armed and Dangerous",Scabskin Leathers,1
33493644,battle-hardened-lucerne-2025,"Kayo, Armed and Dangerous",Scowling Flesh Bag,1
33493644,battle-hardened-lucerne-2025,"Kayo, Armed and Dangerous",Sea Legs,3
33493644,battle-hardened-lucerne-2025,"Kayo, Armed and Dangerous",Send Packing,3
33493644,battle-hardened-lucerne-2025,"Kayo, Armed and Dangerous",Skullhorn,1
33493644,battle-hardened-lucerne-2025,"Kayo, Armed and Dangerous",Smash Instinct,3
33493644,battle-hardened-lucerne-2025,"Kayo, Armed and Dangerous",Spell Fray Gloves,1
33493644,battle-hardened-lucerne-2025,"Kayo, Armed and Dangerous",Swing Big,3
33493644,battle-hardened-lucerne-2025,"Kayo, Armed and Dangerous",Wild Ride,3
33493644,battle-hardened-lucerne-2025,"Kayo, Armed and Dangerous",Wild Ride,3
33493644,battle-hardened-lucerne-2025,"Kayo, Armed and Dangerous",Wrecker Romp,0
26165765,battle-hardened-lucerne-2025,"Cindra, Dracai of Retribution",Ancestral Empowerment,3
26165765,battle-hardened-lucerne-2025,"Cindra, Dracai of Retribution",Art of the Dragon: Blood,2
26165765,battle-hardened-lucerne-2025,"Cindra, Dracai of Retribution",Art of the Dragon: Fire,2
26165765,battle-hardened-lucerne-2025,"Cindra, Dracai of Retribution",Art of the Dragon: Scale,2
26165765,battle-hardened-lucerne-2025,"Cindra, Dracai of Retribution",Battlefront Bastion,0
26165765,battle-hardened-lucerne-2025,"Cindra, Dracai of Retribution",Blaze Headlong,3
26165765,battle-hardened-lucerne-2025,"Cindra, Dracai of Retribution",Blood Runs Deep,2
26165765,battle-hardened-lucerne-2025,"Cindra, Dracai of Retribution",Blood Splattered Vest,1
26165765,battle-hardened-lucerne-2025,"Cindra, Dracai of Retribution",Brand with Cinderclaw,3
26165765,battle-hardened-lucerne-2025,"Cindra, Dracai of Retribution",Breaking Point,0
26165765,battle-hardened-lucerne-2025,"Cindra, Dracai of Retribution",Burning Blade Dance,3
26165765,battle-hardened-lucerne-2025,"Cindra, Dracai of Retribution",Claw of Vynserakai,1
26165765,battle-hardened-lucerne-2025,"Cindra, Dracai of Retribution",Command and Conquer,2
26165765,battle-hardened-lucerne-2025,"Cindra, Dracai of Retribution",Concealed Blade,1
26165765,battle-hardened-lucerne-2025,"Cindra, Dracai of Retribution",Cut Through,0
26165765,battle-hardened-lucerne-2025,"Cindra, Dracai of Retribution",Demonstrate Devotion,3
26165765,battle-hardened-lucerne-2025,"Cindra, Dracai of Retribution",Devotion Never Dies,2
26165765,battle-hardened-lucerne-2025,"Cindra, Dracai of Retribution",Display Loyalty,3
26165765,battle-hardened-lucerne-2025,"Cindra, Dracai of Retribution",Double Strike,0
26165765,battle-hardened-lucerne-2025,"Cindra, Dracai of Retribution",Dragon Power,3
26165765,battle-hardened-lucerne-2025,"Cindra, Dracai of Retribution",Dragonscaler Flight Path,1
26165765,battle-hardened-lucerne-2025,"Cindra, Dracai of Retribution",Drop of Dragon Blood,0
26165765,battle-hardened-lucerne-2025,"Cindra, Dracai of Retribution",Enlightened Strike,2
26165765,battle-hardened-lucerne-2025,"Cindra, Dracai of Retribution",Erase Face,0
26165765,battle-hardened-lucerne-2025,"Cindra, Dracai of Retribution",Fate Foreseen,0
26165765,battle-hardened-lucerne-2025,"Cindra, Dracai of Retribution",Fire Tenet: Strike First,0
26165765,battle-hardened-lucerne-2025,"Cindra, Dracai of Retribution",Flamescale Furnace,0
26165765,battle-hardened-lucerne-2025,"Cindra, Dracai of Retribution",Flick Knives,1
26165765,battle-hardened-lucerne-2025,"Cindra, Dracai of Retribution",Hot on Their Heels,3
26165765,battle-hardened-lucerne-2025,"Cindra, Dracai of Retribution",Hunt the Hunter,2
26165765,battle-hardened-lucerne-2025,"Cindra, Dracai of Retribution",Hunt to the Ends of Rathe,0
26165765,battle-hardened-lucerne-2025,"Cindra, Dracai of Retribution",Ignite,3
26165765,battle-hardened-lucerne-2025,"Cindra, Dracai of Retribution",Kunai of Retribution,2
26165765,battle-hardened-lucerne-2025,"Cindra, Dracai of Retribution",Lava Burst,2
26165765,battle-hardened-lucerne-2025,"Cindra, Dracai of Retribution",Lava Vein Loyalty,0
26165765,battle-hardened-lucerne-2025,"Cindra, Dracai of Retribution",Loyalty Beyond the Grave,3
26165765,battle-hardened-lucerne-2025,"Cindra, Dracai of Retribution",Mask of Momentum,1
26165765,battle-hardened-lucerne-2025,"Cindra, Dracai of Retribution",Mask of the Pouncing Lynx,1
26165765,battle-hardened-lucerne-2025,"Cindra, Dracai of Retribution",Oath of Loyalty,2
26165765,battle-hardened-lucerne-2025,"Cindra, Dracai of Retribution",Pain in the Backside,0
26165765,battle-hardened-lucerne-2025,"Cindra, Dracai of Retribution",Prowess of Agility,0
26165765,battle-hardened-lucerne-2025,"Cindra, Dracai of Retribution",Rally the Coast Guard,0
26165765,battle-hardened-lucerne-2025,"Cindra, Dracai of Retribution",Ravenous Rabble,0
26165765,battle-hardened-lucerne-2025,"Cindra, Dracai of Retribution",Rising Resentment,3
26165765,battle-hardened-lucerne-2025,"Cindra, Dracai of Retribution",Ronin Renegade,3
26165765,battle-hardened-lucerne-2025,"Cindra, Dracai of Retribution",Salt the Wound,0
26165765,battle-hardened-lucerne-2025,"Cindra, Dracai of Retribution",Sea Legs,0
26165765,battle-hardened-lucerne-2025,"Cindra, Dracai of Retribution",Shelter from the Storm,0
26165765,battle-hardened-lucerne-2025,"Cindra, Dracai of Retribution",Sink Below,3
26165765,battle-hardened-lucerne-2025,"Cindra, Dracai of Retribution",Snatch,0
26165765,battle-hardened-lucerne-2025,"Cindra, Dracai of Retribution",Spell Fray Cloak,0
26165765,battle-hardened-lucerne-2025,"Cindra, Dracai of Retribution",Spell Fray Leggings,0
26165765,battle-hardened-lucerne-2025,"Cindra, Dracai of Retribution",Spreading Flames,3
26165765,battle-hardened-lucerne-2025,"Cindra, Dracai of Retribution",Tag the Target,0
26165765,battle-hardened-lucerne-2025,"Cindra, Dracai of Retribution",Tenacity,1
26165765,battle-hardened-lucerne-2025,"Cindra, Dracai of Retribution",Thaw,0
26165765,battle-hardened-lucerne-2025,"Cindra, Dracai of Retribution",Throw Dagger,3
26165765,battle-hardened-lucerne-2025,"Cindra, Dracai of Retribution",Tide Flippers,1
26165765,battle-hardened-lucerne-2025,"Cindra, Dracai of Retribution",Tome of Imperial Flame,0
26165765,battle-hardened-lucerne-2025,"Cindra, Dracai of Retribution",Warmonger's Diplomacy,3
26165765,battle-hardened-lucerne-2025,"Cindra, Dracai of Retribution",Wax On,0
26165765,battle-hardened-lucerne-2025,"Cindra, Dracai of Retribution",Wrath of Retribution,1
97319431,battle-hardened-lucerne-2025,"Florian, Rotwood Harbinger",Arcane Seeds||Life,3
97319431,battle-hardened-lucerne-2025,"Florian, Rotwood Harbinger",Autumn's Touch,3
97319431,battle-hardened-lucerne-2025,"Florian, Rotwood Harbinger",Barkskin of the Millennium Tree,0
97319431,battle-hardened-lucerne-2025,"Florian, Rotwood Harbinger",Blanch,0
97319431,battle-hardened-lucerne-2025,"Florian, Rotwood Harbinger",Bramble Spark,0
97319431,battle-hardened-lucerne-2025,"Florian, Rotwood Harbinger",Cadaverous Tilling,0
97319431,battle-hardened-lucerne-2025,"Florian, Rotwood Harbinger",Canopy Shelter,2
97319431,battle-hardened-lucerne-2025,"Florian, Rotwood Harbinger",Channel Mount Heroic,3
97319431,battle-hardened-lucerne-2025,"Florian, Rotwood Harbinger",Channel the Millennium Tree,3
97319431,battle-hardened-lucerne-2025,"Florian, Rotwood Harbinger",Command and Conquer,3
97319431,battle-hardened-lucerne-2025,"Florian, Rotwood Harbinger",Dread Scythe,0
97319431,battle-hardened-lucerne-2025,"Florian, Rotwood Harbinger",Dread Triptych,0
97319431,battle-hardened-lucerne-2025,"Florian, Rotwood Harbinger",Dyadic Carapace,1
97319431,battle-hardened-lucerne-2025,"Florian, Rotwood Harbinger",Enlightened Strike,3
97319431,battle-hardened-lucerne-2025,"Florian, Rotwood Harbinger",Erase Face,0
97319431,battle-hardened-lucerne-2025,"Florian, Rotwood Harbinger",Everbloom||Life,3
97319431,battle-hardened-lucerne-2025,"Florian, Rotwood Harbinger",Face Purgatory,1
97319431,battle-hardened-lucerne-2025,"Florian, Rotwood Harbinger",Felling of the Crown,3
97319431,battle-hardened-lucerne-2025,"Florian, Rotwood Harbinger",Flourish,2
97319431,battle-hardened-lucerne-2025,"Florian, Rotwood Harbinger",Fruits of the Forest,3
97319431,battle-hardened-lucerne-2025,"Florian, Rotwood Harbinger",Fyendal's Spring Tunic,1
97319431,battle-hardened-lucerne-2025,"Florian, Rotwood Harbinger",Grasp of the Arknight,1
97319431,battle-hardened-lucerne-2025,"Florian, Rotwood Harbinger",Gravekeeping,3
97319431,battle-hardened-lucerne-2025,"Florian, Rotwood Harbinger",Haunting Rendition,0
97319431,battle-hardened-lucerne-2025,"Florian, Rotwood Harbinger",Malefic Incantation,0
97319431,battle-hardened-lucerne-2025,"Florian, Rotwood Harbinger",Midas Touch,3
97319431,battle-hardened-lucerne-2025,"Florian, Rotwood Harbinger",Ninth Blade of the Blood Oath,2
97319431,battle-hardened-lucerne-2025,"Florian, Rotwood Harbinger",Nullrune Boots,1
97319431,battle-hardened-lucerne-2025,"Florian, Rotwood Harbinger",Oath of the Arknight,3
97319431,battle-hardened-lucerne-2025,"Florian, Rotwood Harbinger",Plow Under,3
97319431,battle-hardened-lucerne-2025,"Florian, Rotwood Harbinger",Plume of Evergrowth,0
97319431,battle-hardened-lucerne-2025,"Florian, Rotwood Harbinger",Reaping Blade,1
97319431,battle-hardened-lucerne-2025,"Florian, Rotwood Harbinger",Remembrance,0
97319431,battle-hardened-lucerne-2025,"Florian, Rotwood Harbinger",Ripple Away,3
97319431,battle-hardened-lucerne-2025,"Florian, Rotwood Harbinger",Rootbound Carapace,3
97319431,battle-hardened-lucerne-2025,"Florian, Rotwood Harbinger",Runerager Swarm,3
97319431,battle-hardened-lucerne-2025,"Florian, Rotwood Harbinger",Runerager Swarm,3
97319431,battle-hardened-lucerne-2025,"Florian, Rotwood Harbinger",Runic Reclamation,1
97319431,battle-hardened-lucerne-2025,"Florian, Rotwood Harbinger",Seeds of Tomorrow,0
97319431,battle-hardened-lucerne-2025,"Florian, Rotwood Harbinger",Shelter from the Storm,3
97319431,battle-hardened-lucerne-2025,"Florian, Rotwood Harbinger",Sink Below,0
97319431,battle-hardened-lucerne-2025,"Florian, Rotwood Harbinger",Snag,0
97319431,battle-hardened-lucerne-2025,"Florian, Rotwood Harbinger",Snapdragon Scalers,1
97319431,battle-hardened-lucerne-2025,"Florian, Rotwood Harbinger",Snuff Out,0
97319431,battle-hardened-lucerne-2025,"Florian, Rotwood Harbinger",Sow Tomorrow,0
97319431,battle-hardened-lucerne-2025,"Florian, Rotwood Harbinger",Succumb to Temptation,0
97319431,battle-hardened-lucerne-2025,"Florian, Rotwood Harbinger",Summer's Fall,3
97319431,battle-hardened-lucerne-2025,"Florian, Rotwood Harbinger",Swarming Gloomveil,3
97319431,battle-hardened-lucerne-2025,"Florian, Rotwood Harbinger",Tome of Harvests,2
97319431,battle-hardened-lucerne-2025,"Florian, Rotwood Harbinger",Trot Along,3
97319431,battle-hardened-lucerne-2025,"Florian, Rotwood Harbinger",Truce,0
97319431,battle-hardened-lucerne-2025,"Florian, Rotwood Harbinger",Warmonger's Diplomacy,0
97319431,battle-hardened-lucerne-2025,"Florian, Rotwood Harbinger",Well Grounded,1
79887691,battle-hardened-lucerne-2025,"Ira, Scarlet Revenger",Ancestral Empowerment,0
79887691,battle-hardened-lucerne-2025,"Ira, Scarlet Revenger",Ancestral Harmony,0
79887691,battle-hardened-lucerne-2025,"Ira, Scarlet Revenger",Aspect of Tiger: Mind,2
79887691,battle-hardened-lucerne-2025,"Ira, Scarlet Revenger",Back Heel Kick,2
79887691,battle-hardened-lucerne-2025,"Ira, Scarlet Revenger",Biting Breeze,0
79887691,battle-hardened-lucerne-2025,"Ira, Scarlet Revenger",Bittering Thorns,3
79887691,battle-hardened-lucerne-2025,"Ira, Scarlet Revenger",Blazen Yoroi,0
79887691,battle-hardened-lucerne-2025,"Ira, Scarlet Revenger",Censor,3
79887691,battle-hardened-lucerne-2025,"Ira, Scarlet Revenger",Command and Conquer,3
79887691,battle-hardened-lucerne-2025,"Ira, Scarlet Revenger",Concealed Blade,0
79887691,battle-hardened-lucerne-2025,"Ira, Scarlet Revenger",Crane Dance,2
79887691,battle-hardened-lucerne-2025,"Ira, Scarlet Revenger",Cut Down to Size,0
79887691,battle-hardened-lucerne-2025,"Ira, Scarlet Revenger",Cut Through,3
79887691,battle-hardened-lucerne-2025,"Ira, Scarlet Revenger",Double Strike,0
79887691,battle-hardened-lucerne-2025,"Ira, Scarlet Revenger",Dual Threat,3
79887691,battle-hardened-lucerne-2025,"Ira, Scarlet Revenger",Edge of Autumn,0
79887691,battle-hardened-lucerne-2025,"Ira, Scarlet Revenger",Enact Vengeance,0
79887691,battle-hardened-lucerne-2025,"Ira, Scarlet Revenger",Enlightened Strike,3
79887691,battle-hardened-lucerne-2025,"Ira, Scarlet Revenger",Erase Face,3
79887691,battle-hardened-lucerne-2025,"Ira, Scarlet Revenger",Even Bigger Than That!,3
79887691,battle-hardened-lucerne-2025,"Ira, Scarlet Revenger",Fate Foreseen,0
79887691,battle-hardened-lucerne-2025,"Ira, Scarlet Revenger",Fiddler's Green,0
79887691,battle-hardened-lucerne-2025,"Ira, Scarlet Revenger",Find Center,0
79887691,battle-hardened-lucerne-2025,"Ira, Scarlet Revenger",Flex Claws,0
79887691,battle-hardened-lucerne-2025,"Ira, Scarlet Revenger",Flic Flak,2
79887691,battle-hardened-lucerne-2025,"Ira, Scarlet Revenger",Fyendal's Spring Tunic,1
79887691,battle-hardened-lucerne-2025,"Ira, Scarlet Revenger",Give and Take,0
79887691,battle-hardened-lucerne-2025,"Ira, Scarlet Revenger",Harmonized Kodachi,2
79887691,battle-hardened-lucerne-2025,"Ira, Scarlet Revenger",Humble,2
79887691,battle-hardened-lucerne-2025,"Ira, Scarlet Revenger",Iris of the Blossom,0
79887691,battle-hardened-lucerne-2025,"Ira, Scarlet Revenger",Knives Out,0
79887691,battle-hardened-lucerne-2025,"Ira, Scarlet Revenger",Legacy of Ikaru,3
79887691,battle-hardened-lucerne-2025,"Ira, Scarlet Revenger",Looking for a Scrap,3
79887691,battle-hardened-lucerne-2025,"Ira, Scarlet Revenger",Mask of Momentum,1
79887691,battle-hardened-lucerne-2025,"Ira, Scarlet Revenger",Mauling Qi,0
79887691,battle-hardened-lucerne-2025,"Ira, Scarlet Revenger",Nasty Surprise,0
79887691,battle-hardened-lucerne-2025,"Ira, Scarlet Revenger",Nip at the Heels,0
79887691,battle-hardened-lucerne-2025,"Ira, Scarlet Revenger",Nullrune Gloves,0
79887691,battle-hardened-lucerne-2025,"Ira, Scarlet Revenger",Nullrune Robe,0
79887691,battle-hardened-lucerne-2025,"Ira, Scarlet Revenger",Okana Scar Wraps,0
79887691,battle-hardened-lucerne-2025,"Ira, Scarlet Revenger",One-Two Punch,0
79887691,battle-hardened-lucerne-2025,"Ira, Scarlet Revenger",Pain in the Backside,3
79887691,battle-hardened-lucerne-2025,"Ira, Scarlet Revenger",Pouncing Paws,1
79887691,battle-hardened-lucerne-2025,"Ira, Scarlet Revenger",Pouncing Qi,2
79887691,battle-hardened-lucerne-2025,"Ira, Scarlet Revenger",Prismatic Leyline,0
79887691,battle-hardened-lucerne-2025,"Ira, Scarlet Revenger",Pummel,0
79887691,battle-hardened-lucerne-2025,"Ira, Scarlet Revenger",Pursuit of Knowledge,0
79887691,battle-hardened-lucerne-2025,"Ira, Scarlet Revenger",Razor Reflex,2
79887691,battle-hardened-lucerne-2025,"Ira, Scarlet Revenger",Recoil,0
79887691,battle-hardened-lucerne-2025,"Ira, Scarlet Revenger",Remembrance,0
79887691,battle-hardened-lucerne-2025,"Ira, Scarlet Revenger",Rising Knee Thrust,1
79887691,battle-hardened-lucerne-2025,"Ira, Scarlet Revenger",Robe of Autumn's Fall,0
79887691,battle-hardened-lucerne-2025,"Ira, Scarlet Revenger",Rotten Remains,2
79887691,battle-hardened-lucerne-2025,"Ira, Scarlet Revenger",Rowdy Locals,3
79887691,battle-hardened-lucerne-2025,"Ira, Scarlet Revenger",Rushing River,2
79887691,battle-hardened-lucerne-2025,"Ira, Scarlet Revenger",Salt the Wound,0
79887691,battle-hardened-lucerne-2025,"Ira, Scarlet Revenger",Scar for a Scar,0
79887691,battle-hardened-lucerne-2025,"Ira, Scarlet Revenger",Seek Vengeance,0
79887691,battle-hardened-lucerne-2025,"Ira, Scarlet Revenger",Shelter from the Storm,3
79887691,battle-hardened-lucerne-2025,"Ira, Scarlet Revenger",Sigil of Solace,0
79887691,battle-hardened-lucerne-2025,"Ira, Scarlet Revenger",Sink Below,3
79887691,battle-hardened-lucerne-2025,"Ira, Scarlet Revenger",Sirens of Safe Harbor,3
79887691,battle-hardened-lucerne-2025,"Ira, Scarlet Revenger",Snag,2
79887691,battle-hardened-lucerne-2025,"Ira, Scarlet Revenger",Snapdragon Scalers,0
79887691,battle-hardened-lucerne-2025,"Ira, Scarlet Revenger",Snatch,0
79887691,battle-hardened-lucerne-2025,"Ira, Scarlet Revenger",Soulbead Strike,0
79887691,battle-hardened-lucerne-2025,"Ira, Scarlet Revenger",Sound the Alarm,3
79887691,battle-hardened-lucerne-2025,"Ira, Scarlet Revenger",Stab Wound,0
79887691,battle-hardened-lucerne-2025,"Ira, Scarlet Revenger",Take the Tempo,0
79887691,battle-hardened-lucerne-2025,"Ira, Scarlet Revenger",The Weakest Link,0
79887691,battle-hardened-lucerne-2025,"Ira, Scarlet Revenger",Throw Dagger,1
79887691,battle-hardened-lucerne-2025,"Ira, Scarlet Revenger",Tide Flippers,1
79887691,battle-hardened-lucerne-2025,"Ira, Scarlet Revenger",Tiger Stripe Shuko,1
79887691,battle-hardened-lucerne-2025,"Ira, Scarlet Revenger",Torrent of Tempo,3
79887691,battle-hardened-lucerne-2025,"Ira, Scarlet Revenger",Vengeance Never Rests,0
79887691,battle-hardened-lucerne-2025,"Ira, Scarlet Revenger",Warmonger's Diplomacy,0
79887691,battle-hardened-lucerne-2025,"Ira, Scarlet Revenger",Wax On,0
79887691,battle-hardened-lucerne-2025,"Ira, Scarlet Revenger",Whelming Gustwave,0
79887691,battle-hardened-lucerne-2025,"Ira, Scarlet Revenger",Whirling Mist Blossom,0
37873831,battle-hardened-lucerne-2025,"Gravy Bones, Shipwrecked Looter",Amulet of Echoes,0
37873831,battle-hardened-lucerne-2025,"Gravy Bones, Shipwrecked Looter","Anka, Drag Under",0
37873831,battle-hardened-lucerne-2025,"Gravy Bones, Shipwrecked Looter",Arcane Compliance,0
37873831,battle-hardened-lucerne-2025,"Gravy Bones, Shipwrecked Looter",Avast Ye!,2
37873831,battle-hardened-lucerne-2025,"Gravy Bones, Shipwrecked Looter",Back Alley Breakline,2
37873831,battle-hardened-lucerne-2025,"Gravy Bones, Shipwrecked Looter",Balance of Justice,1
37873831,battle-hardened-lucerne-2025,"Gravy Bones, Shipwrecked Looter",Blanch,0
37873831,battle-hardened-lucerne-2025,"Gravy Bones, Shipwrecked Looter",Blood in the Water,2
37873831,battle-hardened-lucerne-2025,"Gravy Bones, Shipwrecked Looter",Call to the Grave,3
37873831,battle-hardened-lucerne-2025,"Gravy Bones, Shipwrecked Looter",Chart the High Seas,3
37873831,battle-hardened-lucerne-2025,"Gravy Bones, Shipwrecked Looter","Chum, Friendly First Mate",3
37873831,battle-hardened-lucerne-2025,"Gravy Bones, Shipwrecked Looter",Command and Conquer,0
37873831,battle-hardened-lucerne-2025,"Gravy Bones, Shipwrecked Looter",Compass of Sunken Depths,1
37873831,battle-hardened-lucerne-2025,"Gravy Bones, Shipwrecked Looter",Conqueror of the High Seas,3
37873831,battle-hardened-lucerne-2025,"Gravy Bones, Shipwrecked Looter",Crown of Dominion,0
37873831,battle-hardened-lucerne-2025,"Gravy Bones, Shipwrecked Looter",Crown of Providence,1
37873831,battle-hardened-lucerne-2025,"Gravy Bones, Shipwrecked Looter","Cutty Shark, Quick Clip",0
37873831,battle-hardened-lucerne-2025,"Gravy Bones, Shipwrecked Looter",Dead Threads,1
37873831,battle-hardened-lucerne-2025,"Gravy Bones, Shipwrecked Looter",Diamond Amulet,0
37873831,battle-hardened-lucerne-2025,"Gravy Bones, Shipwrecked Looter",Eye of Ophidia,1
37873831,battle-hardened-lucerne-2025,"Gravy Bones, Shipwrecked Looter",Fearless Confrontation,0
37873831,battle-hardened-lucerne-2025,"Gravy Bones, Shipwrecked Looter",Fiddler's Green,1
37873831,battle-hardened-lucerne-2025,"Gravy Bones, Shipwrecked Looter",Flying High,0
37873831,battle-hardened-lucerne-2025,"Gravy Bones, Shipwrecked Looter",Give No Quarter,0
37873831,battle-hardened-lucerne-2025,"Gravy Bones, Shipwrecked Looter",Gold-Baited Hook,1
37873831,battle-hardened-lucerne-2025,"Gravy Bones, Shipwrecked Looter",Golden Tipple,3
37873831,battle-hardened-lucerne-2025,"Gravy Bones, Shipwrecked Looter",Golden Tipple,3
37873831,battle-hardened-lucerne-2025,"Gravy Bones, Shipwrecked Looter",Golden Tipple,3
37873831,battle-hardened-lucerne-2025,"Gravy Bones, Shipwrecked Looter",HMS Barracuda,0
37873831,battle-hardened-lucerne-2025,"Gravy Bones, Shipwrecked Looter",Jittery Bones,2
37873831,battle-hardened-lucerne-2025,"Gravy Bones, Shipwrecked Looter","Limpit, Hop-a-long",0
37873831,battle-hardened-lucerne-2025,"Gravy Bones, Shipwrecked Looter",Loot the Hold,3
37873831,battle-hardened-lucerne-2025,"Gravy Bones, Shipwrecked Looter",Mage Master Boots,1
37873831,battle-hardened-lucerne-2025,"Gravy Bones, Shipwrecked Looter",Murderous Rabble,3
37873831,battle-hardened-lucerne-2025,"Gravy Bones, Shipwrecked Looter",Nullrune Boots,1
37873831,battle-hardened-lucerne-2025,"Gravy Bones, Shipwrecked Looter",Nullrune Gloves,1
37873831,battle-hardened-lucerne-2025,"Gravy Bones, Shipwrecked Looter",Nullrune Hood,1
37873831,battle-hardened-lucerne-2025,"Gravy Bones, Shipwrecked Looter",Nullrune Robe,0
37873831,battle-hardened-lucerne-2025,"Gravy Bones, Shipwrecked Looter","Oysten, Heart of Gold",1
37873831,battle-hardened-lucerne-2025,"Gravy Bones, Shipwrecked Looter",Pearl Amulet,0
37873831,battle-hardened-lucerne-2025,"Gravy Bones, Shipwrecked Looter",Portside Exchange,3
37873831,battle-hardened-lucerne-2025,"Gravy Bones, Shipwrecked Looter",Prismatic Leyline,2
37873831,battle-hardened-lucerne-2025,"Gravy Bones, Shipwrecked Looter",Quickdodge Flexors,1
37873831,battle-hardened-lucerne-2025,"Gravy Bones, Shipwrecked Looter",Restless Bones,0
37873831,battle-hardened-lucerne-2025,"Gravy Bones, Shipwrecked Looter",Riches of Trōpal-Dhani,0
37873831,battle-hardened-lucerne-2025,"Gravy Bones, Shipwrecked Looter",Riggermortis,3
37873831,battle-hardened-lucerne-2025,"Gravy Bones, Shipwrecked Looter",Saltwater Swell,3
37873831,battle-hardened-lucerne-2025,"Gravy Bones, Shipwrecked Looter",Saltwater Swell,3
37873831,battle-hardened-lucerne-2025,"Gravy Bones, Shipwrecked Looter","Sawbones, Dockhand",3
37873831,battle-hardened-lucerne-2025,"Gravy Bones, Shipwrecked Looter","Scooba, Salty Sea Dog",1
37873831,battle-hardened-lucerne-2025,"Gravy Bones, Shipwrecked Looter",Sea Legs,2
37873831,battle-hardened-lucerne-2025,"Gravy Bones, Shipwrecked Looter","Shelly, Hardened Traveler",0
37873831,battle-hardened-lucerne-2025,"Gravy Bones, Shipwrecked Looter",Sink Below,0
37873831,battle-hardened-lucerne-2025,"Gravy Bones, Shipwrecked Looter",Snag,1
37873831,battle-hardened-lucerne-2025,"Gravy Bones, Shipwrecked Looter",Sunken Treasure,3
37873831,battle-hardened-lucerne-2025,"Gravy Bones, Shipwrecked Looter",Swabbie,3
37873831,battle-hardened-lucerne-2025,"Gravy Bones, Shipwrecked Looter",Swiftwater Sloop,1
37873831,battle-hardened-lucerne-2025,"Gravy Bones, Shipwrecked Looter",Swiftwater Sloop,1
37873831,battle-hardened-lucerne-2025,"Gravy Bones, Shipwrecked Looter",Throw Caution to the Wind,0
37873831,battle-hardened-lucerne-2025,"Gravy Bones, Shipwrecked Looter",Tip the Barkeep,2
37873831,battle-hardened-lucerne-2025,"Gravy Bones, Shipwrecked Looter",Wailer Humperdinck,1
76478639,battle-hardened-lucerne-2025,"Verdance, Thorn of the Rose",Aether Arc,3
76478639,battle-hardened-lucerne-2025,"Verdance, Thorn of the Rose",Alluvion Constellas,1
76478639,battle-hardened-lucerne-2025,"Verdance, Thorn of the Rose",Arcane Compliance,0
76478639,battle-hardened-lucerne-2025,"Verdance, Thorn of the Rose",Arcane Twining,0
76478639,battle-hardened-lucerne-2025,"Verdance, Thorn of the Rose",Autumn's Touch,3
76478639,battle-hardened-lucerne-2025,"Verdance, Thorn of the Rose",Barkskin of the Millennium Tree,1
76478639,battle-hardened-lucerne-2025,"Verdance, Thorn of the Rose",Blade Beckoner Gauntlets,0
76478639,battle-hardened-lucerne-2025,"Verdance, Thorn of the Rose",Blanch,0
76478639,battle-hardened-lucerne-2025,"Verdance, Thorn of the Rose",Burn Bare,3
76478639,battle-hardened-lucerne-2025,"Verdance, Thorn of the Rose",Cadaverous Tilling,2
76478639,battle-hardened-lucerne-2025,"Verdance, Thorn of the Rose",Calming Breeze,3
76478639,battle-hardened-lucerne-2025,"Verdance, Thorn of the Rose",Command and Conquer,3
76478639,battle-hardened-lucerne-2025,"Verdance, Thorn of the Rose",Crown of Providence,0
76478639,battle-hardened-lucerne-2025,"Verdance, Thorn of the Rose",Destructive Aethertide,3
76478639,battle-hardened-lucerne-2025,"Verdance, Thorn of the Rose",Emeritus Scolding,3
76478639,battle-hardened-lucerne-2025,"Verdance, Thorn of the Rose",Enlightened Strike,3
76478639,battle-hardened-lucerne-2025,"Verdance, Thorn of the Rose",Erase Face,0
76478639,battle-hardened-lucerne-2025,"Verdance, Thorn of the Rose",Everbloom||Life,3
76478639,battle-hardened-lucerne-2025,"Verdance, Thorn of the Rose",Evergreen,0
76478639,battle-hardened-lucerne-2025,"Verdance, Thorn of the Rose",Fate Foreseen,0
76478639,battle-hardened-lucerne-2025,"Verdance, Thorn of the Rose",Felling of the Crown,3
76478639,battle-hardened-lucerne-2025,"Verdance, Thorn of the Rose",Fruits of the Forest,3
76478639,battle-hardened-lucerne-2025,"Verdance, Thorn of the Rose",Fruits of the Forest,3
76478639,battle-hardened-lucerne-2025,"Verdance, Thorn of the Rose",Fyendal's Spring Tunic,1
76478639,battle-hardened-lucerne-2025,"Verdance, Thorn of the Rose",Healing Potion,3
76478639,battle-hardened-lucerne-2025,"Verdance, Thorn of the Rose",Heartbeat of Candlehold,3
76478639,battle-hardened-lucerne-2025,"Verdance, Thorn of the Rose",Mental Block,3
76478639,battle-hardened-lucerne-2025,"Verdance, Thorn of the Rose",Metacarpus Node,1
76478639,battle-hardened-lucerne-2025,"Verdance, Thorn of the Rose",Outed,0
76478639,battle-hardened-lucerne-2025,"Verdance, Thorn of the Rose",Plow Under,3
76478639,battle-hardened-lucerne-2025,"Verdance, Thorn of the Rose",Plume of Evergrowth,1
76478639,battle-hardened-lucerne-2025,"Verdance, Thorn of the Rose",Pounamu Amulet,1
76478639,battle-hardened-lucerne-2025,"Verdance, Thorn of the Rose",Pulsing Aether||Life,3
76478639,battle-hardened-lucerne-2025,"Verdance, Thorn of the Rose",Rampant Growth||Life,3
76478639,battle-hardened-lucerne-2025,"Verdance, Thorn of the Rose",Ring of Roses,1
76478639,battle-hardened-lucerne-2025,"Verdance, Thorn of the Rose",Rootbound Carapace,3
76478639,battle-hardened-lucerne-2025,"Verdance, Thorn of the Rose",Rowdy Locals,0
76478639,battle-hardened-lucerne-2025,"Verdance, Thorn of the Rose",Scar for a Scar,0
76478639,battle-hardened-lucerne-2025,"Verdance, Thorn of the Rose",Scour,3
76478639,battle-hardened-lucerne-2025,"Verdance, Thorn of the Rose",Seeds of Tomorrow,0
76478639,battle-hardened-lucerne-2025,"Verdance, Thorn of the Rose",Shelter from the Storm,0
76478639,battle-hardened-lucerne-2025,"Verdance, Thorn of the Rose",Sigil of Solace,3
76478639,battle-hardened-lucerne-2025,"Verdance, Thorn of the Rose",Sink Below,3
76478639,battle-hardened-lucerne-2025,"Verdance, Thorn of the Rose",Sirens of Safe Harbor,0
76478639,battle-hardened-lucerne-2025,"Verdance, Thorn of the Rose",Stonewall Gauntlet,1
76478639,battle-hardened-lucerne-2025,"Verdance, Thorn of the Rose",Storm Striders,1
76478639,battle-hardened-lucerne-2025,"Verdance, Thorn of the Rose",Summer's Fall,0
76478639,battle-hardened-lucerne-2025,"Verdance, Thorn of the Rose",Surgent Aethertide,1
76478639,battle-hardened-lucerne-2025,"Verdance, Thorn of the Rose",This Round's on Me,1
76478639,battle-hardened-lucerne-2025,"Verdance, Thorn of the Rose",Waning Moon,1
76478639,battle-hardened-lucerne-2025,"Verdance, Thorn of the Rose",Warmonger's Diplomacy,0
63863144,battle-hardened-lucerne-2025,"Riptide, Lurker of the Deep",Bolt'n' Shot,3
63863144,battle-hardened-lucerne-2025,"Riptide, Lurker of the Deep",Bolt'n' Shot,3
63863144,battle-hardened-lucerne-2025,"Riptide, Lurker of the Deep",Boulder Trap,1
63863144,battle-hardened-lucerne-2025,"Riptide, Lurker of the Deep",Bull's Eye Bracers,1
63863144,battle-hardened-lucerne-2025,"Riptide, Lurker of the Deep",Buzzsaw Trap,1
63863144,battle-hardened-lucerne-2025,"Riptide, Lurker of the Deep",Codex of Frailty,3
63863144,battle-hardened-lucerne-2025,"Riptide, Lurker of the Deep",Codex of Inertia,3
63863144,battle-hardened-lucerne-2025,"Riptide, Lurker of the Deep",Collapsing Trap,1
63863144,battle-hardened-lucerne-2025,"Riptide, Lurker of the Deep",Dreadbore,1
63863144,battle-hardened-lucerne-2025,"Riptide, Lurker of the Deep",Driftwood Quiver,0
63863144,battle-hardened-lucerne-2025,"Riptide, Lurker of the Deep",Drill Shot,0
63863144,battle-hardened-lucerne-2025,"Riptide, Lurker of the Deep",Drop the Anchor,2
63863144,battle-hardened-lucerne-2025,"Riptide, Lurker of the Deep",Dry Powder Shot,3
63863144,battle-hardened-lucerne-2025,"Riptide, Lurker of the Deep",Enchanted Quiver,0
63863144,battle-hardened-lucerne-2025,"Riptide, Lurker of the Deep",Endless Arrow,3
63863144,battle-hardened-lucerne-2025,"Riptide, Lurker of the Deep",Enlightened Strike,0
63863144,battle-hardened-lucerne-2025,"Riptide, Lurker of the Deep",Falcon Wing,3
63863144,battle-hardened-lucerne-2025,"Riptide, Lurker of the Deep",Flying High,1
63863144,battle-hardened-lucerne-2025,"Riptide, Lurker of the Deep",Frailty Trap,3
63863144,battle-hardened-lucerne-2025,"Riptide, Lurker of the Deep",Heat Seeker,1
63863144,battle-hardened-lucerne-2025,"Riptide, Lurker of the Deep",Inertia Trap,2
63863144,battle-hardened-lucerne-2025,"Riptide, Lurker of the Deep",Lace with Bloodrot,3
63863144,battle-hardened-lucerne-2025,"Riptide, Lurker of the Deep",Lace with Frailty,3
63863144,battle-hardened-lucerne-2025,"Riptide, Lurker of the Deep",Lace with Inertia,3
63863144,battle-hardened-lucerne-2025,"Riptide, Lurker of the Deep",New Horizon,1
63863144,battle-hardened-lucerne-2025,"Riptide, Lurker of the Deep",Poison the Tips,1
63863144,battle-hardened-lucerne-2025,"Riptide, Lurker of the Deep",Premeditate,3
63863144,battle-hardened-lucerne-2025,"Riptide, Lurker of the Deep",Rain Razors,2
63863144,battle-hardened-lucerne-2025,"Riptide, Lurker of the Deep",Ravenous Rabble,3
63863144,battle-hardened-lucerne-2025,"Riptide, Lurker of the Deep",Redspine Manta,1
63863144,battle-hardened-lucerne-2025,"Riptide, Lurker of the Deep",Release the Tension,2
63863144,battle-hardened-lucerne-2025,"Riptide, Lurker of the Deep",Remorseless,0
63863144,battle-hardened-lucerne-2025,"Riptide, Lurker of the Deep",Return Fire,3
63863144,battle-hardened-lucerne-2025,"Riptide, Lurker of the Deep",Searing Shot,3
63863144,battle-hardened-lucerne-2025,"Riptide, Lurker of the Deep",Seek and Destroy,3
63863144,battle-hardened-lucerne-2025,"Riptide, Lurker of the Deep",Sharp Shooters,0
63863144,battle-hardened-lucerne-2025,"Riptide, Lurker of the Deep",Shelter from the Storm,0
63863144,battle-hardened-lucerne-2025,"Riptide, Lurker of the Deep",Sic 'Em Shot,3
63863144,battle-hardened-lucerne-2025,"Riptide, Lurker of the Deep",Sink Below,3
63863144,battle-hardened-lucerne-2025,"Riptide, Lurker of the Deep",Sleep Dart,0
63863144,battle-hardened-lucerne-2025,"Riptide, Lurker of the Deep",Snapdragon Scalers,1
63863144,battle-hardened-lucerne-2025,"Riptide, Lurker of the Deep",Spike Pit Trap,0
63863144,battle-hardened-lucerne-2025,"Riptide, Lurker of the Deep",Stone Rain,0
63863144,battle-hardened-lucerne-2025,"Riptide, Lurker of the Deep",Swift Shot,3
63863144,battle-hardened-lucerne-2025,"Riptide, Lurker of the Deep",Tarpit Trap,3
63863144,battle-hardened-lucerne-2025,"Riptide, Lurker of the Deep",Trench of Sunken Treasure,0
63863144,battle-hardened-lucerne-2025,"Riptide, Lurker of the Deep",Vest of the First Fist,1
67577456,battle-hardened-lucerne-2025,"Marlynn, Treasure Hunter",Barbed Barrage,0
67577456,battle-hardened-lucerne-2025,"Marlynn, Treasure Hunter",Battering Bolt,2
67577456,battle-hardened-lucerne-2025,"Marlynn, Treasure Hunter",Big Game Trophy Shot,0
67577456,battle-hardened-lucerne-2025,"Marlynn, Treasure Hunter",Blue Fin Harpoon,3
67577456,battle-hardened-lucerne-2025,"Marlynn, Treasure Hunter",Bolt'n' Shot,3
67577456,battle-hardened-lucerne-2025,"Marlynn, Treasure Hunter",Bull's Eye Bracers,0
67577456,battle-hardened-lucerne-2025,"Marlynn, Treasure Hunter",Call in the Big Guns,0
67577456,battle-hardened-lucerne-2025,"Marlynn, Treasure Hunter",Codex of Frailty,3
67577456,battle-hardened-lucerne-2025,"Marlynn, Treasure Hunter",Command and Conquer,2
67577456,battle-hardened-lucerne-2025,"Marlynn, Treasure Hunter",Conqueror of the High Seas,3
67577456,battle-hardened-lucerne-2025,"Marlynn, Treasure Hunter",Crown of Dominion,1
67577456,battle-hardened-lucerne-2025,"Marlynn, Treasure Hunter",Drill Shot,3
67577456,battle-hardened-lucerne-2025,"Marlynn, Treasure Hunter",Enchanted Quiver,1
67577456,battle-hardened-lucerne-2025,"Marlynn, Treasure Hunter",Energy Potion,0
67577456,battle-hardened-lucerne-2025,"Marlynn, Treasure Hunter",Eye of Ophidia,1
67577456,battle-hardened-lucerne-2025,"Marlynn, Treasure Hunter",Fyendal's Spring Tunic,1
67577456,battle-hardened-lucerne-2025,"Marlynn, Treasure Hunter",Gold the Tip,0
67577456,battle-hardened-lucerne-2025,"Marlynn, Treasure Hunter",Gold-Baited Hook,1
67577456,battle-hardened-lucerne-2025,"Marlynn, Treasure Hunter",Golden Tipple,3
67577456,battle-hardened-lucerne-2025,"Marlynn, Treasure Hunter",Golden Tipple,3
67577456,battle-hardened-lucerne-2025,"Marlynn, Treasure Hunter",Golden Tipple,3
67577456,battle-hardened-lucerne-2025,"Marlynn, Treasure Hunter","Hammerhead, Harpoon Cannon",1
67577456,battle-hardened-lucerne-2025,"Marlynn, Treasure Hunter",Hamstring Shot,3
67577456,battle-hardened-lucerne-2025,"Marlynn, Treasure Hunter",Infecting Shot,3
67577456,battle-hardened-lucerne-2025,"Marlynn, Treasure Hunter",King Kraken Harpoon,3
67577456,battle-hardened-lucerne-2025,"Marlynn, Treasure Hunter",King Shark Harpoon,3
67577456,battle-hardened-lucerne-2025,"Marlynn, Treasure Hunter",Loan Shark,1
67577456,battle-hardened-lucerne-2025,"Marlynn, Treasure Hunter",Murderous Rabble,3
67577456,battle-hardened-lucerne-2025,"Marlynn, Treasure Hunter",New Horizon,0
67577456,battle-hardened-lucerne-2025,"Marlynn, Treasure Hunter",Nullrune Boots,1
67577456,battle-hardened-lucerne-2025,"Marlynn, Treasure Hunter",Portside Exchange,2
67577456,battle-hardened-lucerne-2025,"Marlynn, Treasure Hunter",Prismatic Leyline,1
67577456,battle-hardened-lucerne-2025,"Marlynn, Treasure Hunter",Pummel,0
67577456,battle-hardened-lucerne-2025,"Marlynn, Treasure Hunter",Quiver of Abyssal Depths,0
67577456,battle-hardened-lucerne-2025,"Marlynn, Treasure Hunter",Quiver of Rustling Leaves,1
67577456,battle-hardened-lucerne-2025,"Marlynn, Treasure Hunter",Rally the Coast Guard,0
67577456,battle-hardened-lucerne-2025,"Marlynn, Treasure Hunter",Red Fin Harpoon,3
67577456,battle-hardened-lucerne-2025,"Marlynn, Treasure Hunter",Return Fire,0
67577456,battle-hardened-lucerne-2025,"Marlynn, Treasure Hunter",Riches of Trōpal-Dhani,1
67577456,battle-hardened-lucerne-2025,"Marlynn, Treasure Hunter",Saltwater Swell,2
67577456,battle-hardened-lucerne-2025,"Marlynn, Treasure Hunter",Sealace Sarong,1
67577456,battle-hardened-lucerne-2025,"Marlynn, Treasure Hunter",Skullbone Crosswrap,1
67577456,battle-hardened-lucerne-2025,"Marlynn, Treasure Hunter",Sleep Dart,1
67577456,battle-hardened-lucerne-2025,"Marlynn, Treasure Hunter",Sunken Treasure,3
67577456,battle-hardened-lucerne-2025,"Marlynn, Treasure Hunter",Swiftwater Sloop,0
67577456,battle-hardened-lucerne-2025,"Marlynn, Treasure Hunter",Take Cover,3
67577456,battle-hardened-lucerne-2025,"Marlynn, Treasure Hunter",Tarpit Trap,3
67577456,battle-hardened-lucerne-2025,"Marlynn, Treasure Hunter",Three of a Kind,3
67577456,battle-hardened-lucerne-2025,"Marlynn, Treasure Hunter",Trench of Sunken Treasure,1
67577456,battle-hardened-lucerne-2025,"Marlynn, Treasure Hunter",Yellow Fin Harpoon,3
10028,battle-hardened-lucerne-2025,"Arakni, 5L!p3d 7hRu 7h3 cR4X",Art of Desire: Body,3
10028,battle-hardened-lucerne-2025,"Arakni, 5L!p3d 7hRu 7h3 cR4X",Art of Desire: Mind,0
10028,battle-hardened-lucerne-2025,"Arakni, 5L!p3d 7hRu 7h3 cR4X",Balance of Justice,0
10028,battle-hardened-lucerne-2025,"Arakni, 5L!p3d 7hRu 7h3 cR4X",Blacktek Whisperers,1
10028,battle-hardened-lucerne-2025,"Arakni, 5L!p3d 7hRu 7h3 cR4X",Blanch,0
10028,battle-hardened-lucerne-2025,"Arakni, 5L!p3d 7hRu 7h3 cR4X",Bonds of Agony,3
10028,battle-hardened-lucerne-2025,"Arakni, 5L!p3d 7hRu 7h3 cR4X",Bonds of Attraction,0
10028,battle-hardened-lucerne-2025,"Arakni, 5L!p3d 7hRu 7h3 cR4X",Censor,0
10028,battle-hardened-lucerne-2025,"Arakni, 5L!p3d 7hRu 7h3 cR4X",Codex of Bloodrot,3
10028,battle-hardened-lucerne-2025,"Arakni, 5L!p3d 7hRu 7h3 cR4X",Codex of Frailty,3
10028,battle-hardened-lucerne-2025,"Arakni, 5L!p3d 7hRu 7h3 cR4X",Command and Conquer,3
10028,battle-hardened-lucerne-2025,"Arakni, 5L!p3d 7hRu 7h3 cR4X",Concealed Blade,3
10028,battle-hardened-lucerne-2025,"Arakni, 5L!p3d 7hRu 7h3 cR4X",Crown of Providence,1
10028,battle-hardened-lucerne-2025,"Arakni, 5L!p3d 7hRu 7h3 cR4X",Double Trouble,3
10028,battle-hardened-lucerne-2025,"Arakni, 5L!p3d 7hRu 7h3 cR4X",Double Trouble,3
10028,battle-hardened-lucerne-2025,"Arakni, 5L!p3d 7hRu 7h3 cR4X",Enlightened Strike,0
10028,battle-hardened-lucerne-2025,"Arakni, 5L!p3d 7hRu 7h3 cR4X",Eradicate,0
10028,battle-hardened-lucerne-2025,"Arakni, 5L!p3d 7hRu 7h3 cR4X",Erase Face,0
10028,battle-hardened-lucerne-2025,"Arakni, 5L!p3d 7hRu 7h3 cR4X",Fate Foreseen,0
10028,battle-hardened-lucerne-2025,"Arakni, 5L!p3d 7hRu 7h3 cR4X",Flick Knives,1
10028,battle-hardened-lucerne-2025,"Arakni, 5L!p3d 7hRu 7h3 cR4X",Fyendal's Spring Tunic,1
10028,battle-hardened-lucerne-2025,"Arakni, 5L!p3d 7hRu 7h3 cR4X",Hunter's Klaive,3
10028,battle-hardened-lucerne-2025,"Arakni, 5L!p3d 7hRu 7h3 cR4X",Hurl,0
10028,battle-hardened-lucerne-2025,"Arakni, 5L!p3d 7hRu 7h3 cR4X",Infect,3
10028,battle-hardened-lucerne-2025,"Arakni, 5L!p3d 7hRu 7h3 cR4X",Infiltrate,3
10028,battle-hardened-lucerne-2025,"Arakni, 5L!p3d 7hRu 7h3 cR4X",Just a Nick,3
10028,battle-hardened-lucerne-2025,"Arakni, 5L!p3d 7hRu 7h3 cR4X",Kiss of Death,3
10028,battle-hardened-lucerne-2025,"Arakni, 5L!p3d 7hRu 7h3 cR4X",Leave No Witnesses,3
10028,battle-hardened-lucerne-2025,"Arakni, 5L!p3d 7hRu 7h3 cR4X",Mark of the Black Widow,3
10028,battle-hardened-lucerne-2025,"Arakni, 5L!p3d 7hRu 7h3 cR4X",Mark of the Huntsman,1
10028,battle-hardened-lucerne-2025,"Arakni, 5L!p3d 7hRu 7h3 cR4X",Mask of Deceit,0
10028,battle-hardened-lucerne-2025,"Arakni, 5L!p3d 7hRu 7h3 cR4X",Mask of Perdition,1
10028,battle-hardened-lucerne-2025,"Arakni, 5L!p3d 7hRu 7h3 cR4X",Oasis Respite,0
10028,battle-hardened-lucerne-2025,"Arakni, 5L!p3d 7hRu 7h3 cR4X",Orb-Weaver Spinneret,3
10028,battle-hardened-lucerne-2025,"Arakni, 5L!p3d 7hRu 7h3 cR4X",Pain in the Backside,3
10028,battle-hardened-lucerne-2025,"Arakni, 5L!p3d 7hRu 7h3 cR4X",Perforate,0
10028,battle-hardened-lucerne-2025,"Arakni, 5L!p3d 7hRu 7h3 cR4X",Persuasive Prognosis,3
10028,battle-hardened-lucerne-2025,"Arakni, 5L!p3d 7hRu 7h3 cR4X",Pick Up the Point,0
10028,battle-hardened-lucerne-2025,"Arakni, 5L!p3d 7hRu 7h3 cR4X",Plague Hive,0
10028,battle-hardened-lucerne-2025,"Arakni, 5L!p3d 7hRu 7h3 cR4X",Prismatic Leyline,0
10028,battle-hardened-lucerne-2025,"Arakni, 5L!p3d 7hRu 7h3 cR4X",Razor's Edge,3
10028,battle-hardened-lucerne-2025,"Arakni, 5L!p3d 7hRu 7h3 cR4X",Redback Shroud,0
10028,battle-hardened-lucerne-2025,"Arakni, 5L!p3d 7hRu 7h3 cR4X",Savor Bloodshed,0
10028,battle-hardened-lucerne-2025,"Arakni, 5L!p3d 7hRu 7h3 cR4X",Schism of Chaos,0
10028,battle-hardened-lucerne-2025,"Arakni, 5L!p3d 7hRu 7h3 cR4X",Shelter from the Storm,3
10028,battle-hardened-lucerne-2025,"Arakni, 5L!p3d 7hRu 7h3 cR4X",Shred,0
10028,battle-hardened-lucerne-2025,"Arakni, 5L!p3d 7hRu 7h3 cR4X",Sink Below,3
10028,battle-hardened-lucerne-2025,"Arakni, 5L!p3d 7hRu 7h3 cR4X",Sirens of Safe Harbor,3
10028,battle-hardened-lucerne-2025,"Arakni, 5L!p3d 7hRu 7h3 cR4X",Snag,0
10028,battle-hardened-lucerne-2025,"Arakni, 5L!p3d 7hRu 7h3 cR4X",Snapdragon Scalers,0
10028,battle-hardened-lucerne-2025,"Arakni, 5L!p3d 7hRu 7h3 cR4X",Spike with Bloodrot,0
10028,battle-hardened-lucerne-2025,"Arakni, 5L!p3d 7hRu 7h3 cR4X",Spreading Plague,0
10028,battle-hardened-lucerne-2025,"Arakni, 5L!p3d 7hRu 7h3 cR4X",Surgical Extraction,0
10028,battle-hardened-lucerne-2025,"Arakni, 5L!p3d 7hRu 7h3 cR4X",Take Up the Mantle,3
10028,battle-hardened-lucerne-2025,"Arakni, 5L!p3d 7hRu 7h3 cR4X",Tarantula Toxin,3
10028,battle-hardened-lucerne-2025,"Arakni, 5L!p3d 7hRu 7h3 cR4X",Undercover Acquisition,0
10028,battle-hardened-lucerne-2025,"Arakni, 5L!p3d 7hRu 7h3 cR4X",Widow Back Abdomen,0
10028,battle-hardened-lucerne-2025,"Arakni, 5L!p3d 7hRu 7h3 cR4X",Widow Claw Tarsus,0
10028,battle-hardened-lucerne-2025,"Arakni, 5L!p3d 7hRu 7h3 cR4X",Widow Veil Respirator,1
10028,battle-hardened-lucerne-2025,"Arakni, 5L!p3d 7hRu 7h3 cR4X",Widow Web Crawler,1
89916114,battle-hardened-lucerne-2025,Dash I/O,Achilles Accelerator,1
89916114,battle-hardened-lucerne-2025,Dash I/O,Adaptive Plating,1
89916114,battle-hardened-lucerne-2025,Dash I/O,Backup Protocol: BLU,0
89916114,battle-hardened-lucerne-2025,Dash I/O,Backup Protocol: RED,3
89916114,battle-hardened-lucerne-2025,Dash I/O,Bios Update,0
89916114,battle-hardened-lucerne-2025,Dash I/O,Boom Grenade,3
89916114,battle-hardened-lucerne-2025,Dash I/O,Boom Grenade,3
89916114,battle-hardened-lucerne-2025,Dash I/O,Boom Grenade,2
89916114,battle-hardened-lucerne-2025,Dash I/O,Bracers of Belief,0
89916114,battle-hardened-lucerne-2025,Dash I/O,Cerebellum Processor,3
89916114,battle-hardened-lucerne-2025,Dash I/O,Cog in the Machine,0
89916114,battle-hardened-lucerne-2025,Dash I/O,Cogwerx Tinker Rings,0
89916114,battle-hardened-lucerne-2025,Dash I/O,Convection Amplifier,0
89916114,battle-hardened-lucerne-2025,Dash I/O,Crown of Providence,1
89916114,battle-hardened-lucerne-2025,Dash I/O,Data Link,1
89916114,battle-hardened-lucerne-2025,Dash I/O,Dissolution Sphere,0
89916114,battle-hardened-lucerne-2025,Dash I/O,Dissolving Shield,0
89916114,battle-hardened-lucerne-2025,Dash I/O,Expedite,3
89916114,battle-hardened-lucerne-2025,Dash I/O,Expedite,2
89916114,battle-hardened-lucerne-2025,Dash I/O,Fast and Furious,3
89916114,battle-hardened-lucerne-2025,Dash I/O,Fender Bender,0
89916114,battle-hardened-lucerne-2025,Dash I/O,Goliath Gauntlet,0
89916114,battle-hardened-lucerne-2025,Dash I/O,Hanabi Blaster,1
89916114,battle-hardened-lucerne-2025,Dash I/O,Heavy Industry Gear Shift,0
89916114,battle-hardened-lucerne-2025,Dash I/O,Heavy Industry Power Plant,0
89916114,battle-hardened-lucerne-2025,Dash I/O,Heist,1
89916114,battle-hardened-lucerne-2025,Dash I/O,Maximum Velocity,3
89916114,battle-hardened-lucerne-2025,Dash I/O,MetEx,0
89916114,battle-hardened-lucerne-2025,Dash I/O,Misfire Dampener,0
89916114,battle-hardened-lucerne-2025,Dash I/O,Null Time Zone,0
89916114,battle-hardened-lucerne-2025,Dash I/O,Out Pace,3
89916114,battle-hardened-lucerne-2025,Dash I/O,Payload,0
89916114,battle-hardened-lucerne-2025,Dash I/O,Penetration Script,0
89916114,battle-hardened-lucerne-2025,Dash I/O,Pulsewave Harpoon,3
89916114,battle-hardened-lucerne-2025,Dash I/O,Signal Jammer,0
89916114,battle-hardened-lucerne-2025,Dash I/O,Spark of Genius,3
89916114,battle-hardened-lucerne-2025,Dash I/O,Sprocket Rocket,0
89916114,battle-hardened-lucerne-2025,Dash I/O,Symbiosis Shot,1
89916114,battle-hardened-lucerne-2025,Dash I/O,T-Bone,3
89916114,battle-hardened-lucerne-2025,Dash I/O,T-Bone,2
89916114,battle-hardened-lucerne-2025,Dash I/O,T-Bone,3
89916114,battle-hardened-lucerne-2025,Dash I/O,Teklo Core,3
89916114,battle-hardened-lucerne-2025,Dash I/O,Teklo Foundry Heart,1
89916114,battle-hardened-lucerne-2025,Dash I/O,Teklo Pounder,2
89916114,battle-hardened-lucerne-2025,Dash I/O,Throttle,3
89916114,battle-hardened-lucerne-2025,Dash I/O,Tick Tock Clock,0
89916114,battle-hardened-lucerne-2025,Dash I/O,Twin Drive,3
89916114,battle-hardened-lucerne-2025,Dash I/O,Under Loop,0
89916114,battle-hardened-lucerne-2025,Dash I/O,Viziertronic Model i,1
89916114,battle-hardened-lucerne-2025,Dash I/O,Zero to Sixty,3
89916114,battle-hardened-lucerne-2025,Dash I/O,Zero to Sixty,3
89916114,battle-hardened-lucerne-2025,Dash I/O,Zero to Sixty,3
89916114,battle-hardened-lucerne-2025,Dash I/O,Zipper Hit,3
89916114,battle-hardened-lucerne-2025,Dash I/O,Zipper Hit,3
89916114,battle-hardened-lucerne-2025,Dash I/O,Zipper Hit,3
63277324,battle-hardened-lucerne-2025,"Ira, Scarlet Revenger",Ancestral Empowerment,0
63277324,battle-hardened-lucerne-2025,"Ira, Scarlet Revenger",Ancestral Harmony,0
63277324,battle-hardened-lucerne-2025,"Ira, Scarlet Revenger",Aspect of Tiger: Mind,0
63277324,battle-hardened-lucerne-2025,"Ira, Scarlet Revenger",Back Heel Kick,0
63277324,battle-hardened-lucerne-2025,"Ira, Scarlet Revenger",Biting Breeze,0
63277324,battle-hardened-lucerne-2025,"Ira, Scarlet Revenger",Bittering Thorns,3
63277324,battle-hardened-lucerne-2025,"Ira, Scarlet Revenger",Blazen Yoroi,1
63277324,battle-hardened-lucerne-2025,"Ira, Scarlet Revenger",Censor,3
63277324,battle-hardened-lucerne-2025,"Ira, Scarlet Revenger",Command and Conquer,3
63277324,battle-hardened-lucerne-2025,"Ira, Scarlet Revenger",Concealed Blade,0
63277324,battle-hardened-lucerne-2025,"Ira, Scarlet Revenger",Crane Dance,0
63277324,battle-hardened-lucerne-2025,"Ira, Scarlet Revenger",Cut Down to Size,0
63277324,battle-hardened-lucerne-2025,"Ira, Scarlet Revenger",Cut Through,3
63277324,battle-hardened-lucerne-2025,"Ira, Scarlet Revenger",Double Strike,0
63277324,battle-hardened-lucerne-2025,"Ira, Scarlet Revenger",Dual Threat,3
63277324,battle-hardened-lucerne-2025,"Ira, Scarlet Revenger",Edge of Autumn,0
63277324,battle-hardened-lucerne-2025,"Ira, Scarlet Revenger",Enact Vengeance,0
63277324,battle-hardened-lucerne-2025,"Ira, Scarlet Revenger",Enlightened Strike,3
63277324,battle-hardened-lucerne-2025,"Ira, Scarlet Revenger",Erase Face,3
63277324,battle-hardened-lucerne-2025,"Ira, Scarlet Revenger",Even Bigger Than That!,1
63277324,battle-hardened-lucerne-2025,"Ira, Scarlet Revenger",Fate Foreseen,0
63277324,battle-hardened-lucerne-2025,"Ira, Scarlet Revenger",Fiddler's Green,0
63277324,battle-hardened-lucerne-2025,"Ira, Scarlet Revenger",Find Center,0
63277324,battle-hardened-lucerne-2025,"Ira, Scarlet Revenger",Flex Claws,0
63277324,battle-hardened-lucerne-2025,"Ira, Scarlet Revenger",Flic Flak,3
63277324,battle-hardened-lucerne-2025,"Ira, Scarlet Revenger",Fyendal's Spring Tunic,1
63277324,battle-hardened-lucerne-2025,"Ira, Scarlet Revenger",Give and Take,0
63277324,battle-hardened-lucerne-2025,"Ira, Scarlet Revenger",Harmonized Kodachi,2
63277324,battle-hardened-lucerne-2025,"Ira, Scarlet Revenger",Humble,0
63277324,battle-hardened-lucerne-2025,"Ira, Scarlet Revenger",Iris of the Blossom,0
63277324,battle-hardened-lucerne-2025,"Ira, Scarlet Revenger",Knives Out,0
63277324,battle-hardened-lucerne-2025,"Ira, Scarlet Revenger",Legacy of Ikaru,3
63277324,battle-hardened-lucerne-2025,"Ira, Scarlet Revenger",Looking for a Scrap,0
63277324,battle-hardened-lucerne-2025,"Ira, Scarlet Revenger",Mask of Momentum,1
63277324,battle-hardened-lucerne-2025,"Ira, Scarlet Revenger",Mauling Qi,0
63277324,battle-hardened-lucerne-2025,"Ira, Scarlet Revenger",Nasty Surprise,2
63277324,battle-hardened-lucerne-2025,"Ira, Scarlet Revenger",Nip at the Heels,3
63277324,battle-hardened-lucerne-2025,"Ira, Scarlet Revenger",Nullrune Gloves,1
63277324,battle-hardened-lucerne-2025,"Ira, Scarlet Revenger",Nullrune Robe,0
63277324,battle-hardened-lucerne-2025,"Ira, Scarlet Revenger",Okana Scar Wraps,0
63277324,battle-hardened-lucerne-2025,"Ira, Scarlet Revenger",One-Two Punch,0
63277324,battle-hardened-lucerne-2025,"Ira, Scarlet Revenger",Pain in the Backside,3
63277324,battle-hardened-lucerne-2025,"Ira, Scarlet Revenger",Pouncing Paws,1
63277324,battle-hardened-lucerne-2025,"Ira, Scarlet Revenger",Pouncing Qi,0
63277324,battle-hardened-lucerne-2025,"Ira, Scarlet Revenger",Prismatic Leyline,0
63277324,battle-hardened-lucerne-2025,"Ira, Scarlet Revenger",Pummel,0
63277324,battle-hardened-lucerne-2025,"Ira, Scarlet Revenger",Pursuit of Knowledge,0
63277324,battle-hardened-lucerne-2025,"Ira, Scarlet Revenger",Razor Reflex,0
63277324,battle-hardened-lucerne-2025,"Ira, Scarlet Revenger",Recoil,0
63277324,battle-hardened-lucerne-2025,"Ira, Scarlet Revenger",Remembrance,0
63277324,battle-hardened-lucerne-2025,"Ira, Scarlet Revenger",Rising Knee Thrust,0
63277324,battle-hardened-lucerne-2025,"Ira, Scarlet Revenger",Robe of Autumn's Fall,0
63277324,battle-hardened-lucerne-2025,"Ira, Scarlet Revenger",Rotten Remains,0
63277324,battle-hardened-lucerne-2025,"Ira, Scarlet Revenger",Rowdy Locals,3
63277324,battle-hardened-lucerne-2025,"Ira, Scarlet Revenger",Rushing River,0
63277324,battle-hardened-lucerne-2025,"Ira, Scarlet Revenger",Salt the Wound,0
63277324,battle-hardened-lucerne-2025,"Ira, Scarlet Revenger",Scar for a Scar,0
63277324,battle-hardened-lucerne-2025,"Ira, Scarlet Revenger",Seek Vengeance,0
63277324,battle-hardened-lucerne-2025,"Ira, Scarlet Revenger",Shelter from the Storm,3
63277324,battle-hardened-lucerne-2025,"Ira, Scarlet Revenger",Sigil of Solace,0
63277324,battle-hardened-lucerne-2025,"Ira, Scarlet Revenger",Sink Below,3
63277324,battle-hardened-lucerne-2025,"Ira, Scarlet Revenger",Sirens of Safe Harbor,2
63277324,battle-hardened-lucerne-2025,"Ira, Scarlet Revenger",Snag,2
63277324,battle-hardened-lucerne-2025,"Ira, Scarlet Revenger",Snapdragon Scalers,0
63277324,battle-hardened-lucerne-2025,"Ira, Scarlet Revenger",Snatch,0
63277324,battle-hardened-lucerne-2025,"Ira, Scarlet Revenger",Soulbead Strike,3
63277324,battle-hardened-lucerne-2025,"Ira, Scarlet Revenger",Sound the Alarm,3
63277324,battle-hardened-lucerne-2025,"Ira, Scarlet Revenger",Stab Wound,3
63277324,battle-hardened-lucerne-2025,"Ira, Scarlet Revenger",Take the Tempo,0
63277324,battle-hardened-lucerne-2025,"Ira, Scarlet Revenger",The Weakest Link,2
63277324,battle-hardened-lucerne-2025,"Ira, Scarlet Revenger",Throw Dagger,0
63277324,battle-hardened-lucerne-2025,"Ira, Scarlet Revenger",Tide Flippers,1
63277324,battle-hardened-lucerne-2025,"Ira, Scarlet Revenger",Tiger Stripe Shuko,1
63277324,battle-hardened-lucerne-2025,"Ira, Scarlet Revenger",Torrent of Tempo,3
63277324,battle-hardened-lucerne-2025,"Ira, Scarlet Revenger",Vengeance Never Rests,0
63277324,battle-hardened-lucerne-2025,"Ira, Scarlet Revenger",Warmonger's Diplomacy,3
63277324,battle-hardened-lucerne-2025,"Ira, Scarlet Revenger",Wax On,2
63277324,battle-hardened-lucerne-2025,"Ira, Scarlet Revenger",Whelming Gustwave,0
63277324,battle-hardened-lucerne-2025,"Ira, Scarlet Revenger",Whirling Mist Blossom,3
45158923,battle-hardened-lucerne-2025,"Arakni, 5L!p3d 7hRu 7h3 cR4X",Art of Desire: Body,3
45158923,battle-hardened-lucerne-2025,"Arakni, 5L!p3d 7hRu 7h3 cR4X",Art of Desire: Mind,0
45158923,battle-hardened-lucerne-2025,"Arakni, 5L!p3d 7hRu 7h3 cR4X",Balance of Justice,0
45158923,battle-hardened-lucerne-2025,"Arakni, 5L!p3d 7hRu 7h3 cR4X",Blacktek Whisperers,1
45158923,battle-hardened-lucerne-2025,"Arakni, 5L!p3d 7hRu 7h3 cR4X",Blanch,0
45158923,battle-hardened-lucerne-2025,"Arakni, 5L!p3d 7hRu 7h3 cR4X",Bonds of Agony,3
45158923,battle-hardened-lucerne-2025,"Arakni, 5L!p3d 7hRu 7h3 cR4X",Bonds of Attraction,3
45158923,battle-hardened-lucerne-2025,"Arakni, 5L!p3d 7hRu 7h3 cR4X",Bonds of Attraction,3
45158923,battle-hardened-lucerne-2025,"Arakni, 5L!p3d 7hRu 7h3 cR4X",Censor,0
45158923,battle-hardened-lucerne-2025,"Arakni, 5L!p3d 7hRu 7h3 cR4X",Codex of Bloodrot,0
45158923,battle-hardened-lucerne-2025,"Arakni, 5L!p3d 7hRu 7h3 cR4X",Codex of Frailty,3
45158923,battle-hardened-lucerne-2025,"Arakni, 5L!p3d 7hRu 7h3 cR4X",Command and Conquer,3
45158923,battle-hardened-lucerne-2025,"Arakni, 5L!p3d 7hRu 7h3 cR4X",Concealed Blade,2
45158923,battle-hardened-lucerne-2025,"Arakni, 5L!p3d 7hRu 7h3 cR4X",Crown of Providence,1
45158923,battle-hardened-lucerne-2025,"Arakni, 5L!p3d 7hRu 7h3 cR4X",Double Trouble,0
45158923,battle-hardened-lucerne-2025,"Arakni, 5L!p3d 7hRu 7h3 cR4X",Enlightened Strike,0
45158923,battle-hardened-lucerne-2025,"Arakni, 5L!p3d 7hRu 7h3 cR4X",Eradicate,0
45158923,battle-hardened-lucerne-2025,"Arakni, 5L!p3d 7hRu 7h3 cR4X",Erase Face,0
45158923,battle-hardened-lucerne-2025,"Arakni, 5L!p3d 7hRu 7h3 cR4X",Fate Foreseen,0
45158923,battle-hardened-lucerne-2025,"Arakni, 5L!p3d 7hRu 7h3 cR4X",Flick Knives,1
45158923,battle-hardened-lucerne-2025,"Arakni, 5L!p3d 7hRu 7h3 cR4X",Fyendal's Spring Tunic,1
45158923,battle-hardened-lucerne-2025,"Arakni, 5L!p3d 7hRu 7h3 cR4X",Hunter's Klaive,3
45158923,battle-hardened-lucerne-2025,"Arakni, 5L!p3d 7hRu 7h3 cR4X",Hurl,0
45158923,battle-hardened-lucerne-2025,"Arakni, 5L!p3d 7hRu 7h3 cR4X",Infect,3
45158923,battle-hardened-lucerne-2025,"Arakni, 5L!p3d 7hRu 7h3 cR4X",Infiltrate,3
45158923,battle-hardened-lucerne-2025,"Arakni, 5L!p3d 7hRu 7h3 cR4X",Just a Nick,3
45158923,battle-hardened-lucerne-2025,"Arakni, 5L!p3d 7hRu 7h3 cR4X",Kiss of Death,3
45158923,battle-hardened-lucerne-2025,"Arakni, 5L!p3d 7hRu 7h3 cR4X",Leave No Witnesses,3
45158923,battle-hardened-lucerne-2025,"Arakni, 5L!p3d 7hRu 7h3 cR4X",Mark of the Black Widow,3
45158923,battle-hardened-lucerne-2025,"Arakni, 5L!p3d 7hRu 7h3 cR4X",Mark of the Huntsman,0
45158923,battle-hardened-lucerne-2025,"Arakni, 5L!p3d 7hRu 7h3 cR4X",Mask of Deceit,0
45158923,battle-hardened-lucerne-2025,"Arakni, 5L!p3d 7hRu 7h3 cR4X",Mask of Perdition,1
45158923,battle-hardened-lucerne-2025,"Arakni, 5L!p3d 7hRu 7h3 cR4X",Oasis Respite,0
45158923,battle-hardened-lucerne-2025,"Arakni, 5L!p3d 7hRu 7h3 cR4X",Orb-Weaver Spinneret,3
45158923,battle-hardened-lucerne-2025,"Arakni, 5L!p3d 7hRu 7h3 cR4X",Pain in the Backside,3
45158923,battle-hardened-lucerne-2025,"Arakni, 5L!p3d 7hRu 7h3 cR4X",Perforate,0
45158923,battle-hardened-lucerne-2025,"Arakni, 5L!p3d 7hRu 7h3 cR4X",Persuasive Prognosis,3
45158923,battle-hardened-lucerne-2025,"Arakni, 5L!p3d 7hRu 7h3 cR4X",Pick Up the Point,2
45158923,battle-hardened-lucerne-2025,"Arakni, 5L!p3d 7hRu 7h3 cR4X",Plague Hive,0
45158923,battle-hardened-lucerne-2025,"Arakni, 5L!p3d 7hRu 7h3 cR4X",Prismatic Leyline,0
45158923,battle-hardened-lucerne-2025,"Arakni, 5L!p3d 7hRu 7h3 cR4X",Razor's Edge,3
45158923,battle-hardened-lucerne-2025,"Arakni, 5L!p3d 7hRu 7h3 cR4X",Redback Shroud,0
45158923,battle-hardened-lucerne-2025,"Arakni, 5L!p3d 7hRu 7h3 cR4X",Savor Bloodshed,2
45158923,battle-hardened-lucerne-2025,"Arakni, 5L!p3d 7hRu 7h3 cR4X",Schism of Chaos,0
45158923,battle-hardened-lucerne-2025,"Arakni, 5L!p3d 7hRu 7h3 cR4X",Shelter from the Storm,3
45158923,battle-hardened-lucerne-2025,"Arakni, 5L!p3d 7hRu 7h3 cR4X",Shred,1
45158923,battle-hardened-lucerne-2025,"Arakni, 5L!p3d 7hRu 7h3 cR4X",Sink Below,3
45158923,battle-hardened-lucerne-2025,"Arakni, 5L!p3d 7hRu 7h3 cR4X",Sirens of Safe Harbor,0
45158923,battle-hardened-lucerne-2025,"Arakni, 5L!p3d 7hRu 7h3 cR4X",Snag,0
45158923,battle-hardened-lucerne-2025,"Arakni, 5L!p3d 7hRu 7h3 cR4X",Snapdragon Scalers,0
45158923,battle-hardened-lucerne-2025,"Arakni, 5L!p3d 7hRu 7h3 cR4X",Spike with Bloodrot,2
45158923,battle-hardened-lucerne-2025,"Arakni, 5L!p3d 7hRu 7h3 cR4X",Spreading Plague,0
45158923,battle-hardened-lucerne-2025,"Arakni, 5L!p3d 7hRu 7h3 cR4X",Surgical Extraction,0
45158923,battle-hardened-lucerne-2025,"Arakni, 5L!p3d 7hRu 7h3 cR4X",Take Up the Mantle,3
45158923,battle-hardened-lucerne-2025,"Arakni, 5L!p3d 7hRu 7h3 cR4X",Tarantula Toxin,3
45158923,battle-hardened-lucerne-2025,"Arakni, 5L!p3d 7hRu 7h3 cR4X",Undercover Acquisition,0
45158923,battle-hardened-lucerne-2025,"Arakni, 5L!p3d 7hRu 7h3 cR4X",Widow Back Abdomen,1
45158923,battle-hardened-lucerne-2025,"Arakni, 5L!p3d 7hRu 7h3 cR4X",Widow Claw Tarsus,0
45158923,battle-hardened-lucerne-2025,"Arakni, 5L!p3d 7hRu 7h3 cR4X",Widow Veil Respirator,1
45158923,battle-hardened-lucerne-2025,"Arakni, 5L!p3d 7hRu 7h3 cR4X",Widow Web Crawler,1
12231714,battle-hardened-lucerne-2025,"Florian, Rotwood Harbinger",Arcane Seeds||Life,3
12231714,battle-hardened-lucerne-2025,"Florian, Rotwood Harbinger",Autumn's Touch,3
12231714,battle-hardened-lucerne-2025,"Florian, Rotwood Harbinger",Autumn's Touch,3
12231714,battle-hardened-lucerne-2025,"Florian, Rotwood Harbinger",Barkskin of the Millennium Tree,1
12231714,battle-hardened-lucerne-2025,"Florian, Rotwood Harbinger",Blanch,0
12231714,battle-hardened-lucerne-2025,"Florian, Rotwood Harbinger",Bramble Spark,3
12231714,battle-hardened-lucerne-2025,"Florian, Rotwood Harbinger",Cadaverous Tilling,2
12231714,battle-hardened-lucerne-2025,"Florian, Rotwood Harbinger",Canopy Shelter,3
12231714,battle-hardened-lucerne-2025,"Florian, Rotwood Harbinger",Channel Mount Heroic,2
12231714,battle-hardened-lucerne-2025,"Florian, Rotwood Harbinger",Channel the Millennium Tree,2
12231714,battle-hardened-lucerne-2025,"Florian, Rotwood Harbinger",Command and Conquer,3
12231714,battle-hardened-lucerne-2025,"Florian, Rotwood Harbinger",Dread Scythe,1
12231714,battle-hardened-lucerne-2025,"Florian, Rotwood Harbinger",Dread Triptych,0
12231714,battle-hardened-lucerne-2025,"Florian, Rotwood Harbinger",Dyadic Carapace,1
12231714,battle-hardened-lucerne-2025,"Florian, Rotwood Harbinger",Enlightened Strike,3
12231714,battle-hardened-lucerne-2025,"Florian, Rotwood Harbinger",Erase Face,0
12231714,battle-hardened-lucerne-2025,"Florian, Rotwood Harbinger",Everbloom||Life,3
12231714,battle-hardened-lucerne-2025,"Florian, Rotwood Harbinger",Face Purgatory,1
12231714,battle-hardened-lucerne-2025,"Florian, Rotwood Harbinger",Felling of the Crown,3
12231714,battle-hardened-lucerne-2025,"Florian, Rotwood Harbinger",Flourish,0
12231714,battle-hardened-lucerne-2025,"Florian, Rotwood Harbinger",Fruits of the Forest,3
12231714,battle-hardened-lucerne-2025,"Florian, Rotwood Harbinger",Fyendal's Spring Tunic,0
12231714,battle-hardened-lucerne-2025,"Florian, Rotwood Harbinger",Grasp of the Arknight,1
12231714,battle-hardened-lucerne-2025,"Florian, Rotwood Harbinger",Gravekeeping,0
12231714,battle-hardened-lucerne-2025,"Florian, Rotwood Harbinger",Haunting Rendition,0
12231714,battle-hardened-lucerne-2025,"Florian, Rotwood Harbinger",Malefic Incantation,0
12231714,battle-hardened-lucerne-2025,"Florian, Rotwood Harbinger",Midas Touch,0
12231714,battle-hardened-lucerne-2025,"Florian, Rotwood Harbinger",Ninth Blade of the Blood Oath,0
12231714,battle-hardened-lucerne-2025,"Florian, Rotwood Harbinger",Nullrune Boots,1
12231714,battle-hardened-lucerne-2025,"Florian, Rotwood Harbinger",Oath of the Arknight,3
12231714,battle-hardened-lucerne-2025,"Florian, Rotwood Harbinger",Plow Under,3
12231714,battle-hardened-lucerne-2025,"Florian, Rotwood Harbinger",Plume of Evergrowth,1
12231714,battle-hardened-lucerne-2025,"Florian, Rotwood Harbinger",Reaping Blade,1
12231714,battle-hardened-lucerne-2025,"Florian, Rotwood Harbinger",Remembrance,0
12231714,battle-hardened-lucerne-2025,"Florian, Rotwood Harbinger",Ripple Away,0
12231714,battle-hardened-lucerne-2025,"Florian, Rotwood Harbinger",Rootbound Carapace,3
12231714,battle-hardened-lucerne-2025,"Florian, Rotwood Harbinger",Rootbound Carapace,2
12231714,battle-hardened-lucerne-2025,"Florian, Rotwood Harbinger",Runerager Swarm,3
12231714,battle-hardened-lucerne-2025,"Florian, Rotwood Harbinger",Runerager Swarm,3
12231714,battle-hardened-lucerne-2025,"Florian, Rotwood Harbinger",Runic Reclamation,2
12231714,battle-hardened-lucerne-2025,"Florian, Rotwood Harbinger",Seeds of Tomorrow,1
12231714,battle-hardened-lucerne-2025,"Florian, Rotwood Harbinger",Shelter from the Storm,3
12231714,battle-hardened-lucerne-2025,"Florian, Rotwood Harbinger",Sink Below,3
12231714,battle-hardened-lucerne-2025,"Florian, Rotwood Harbinger",Snag,0
12231714,battle-hardened-lucerne-2025,"Florian, Rotwood Harbinger",Snapdragon Scalers,0
12231714,battle-hardened-lucerne-2025,"Florian, Rotwood Harbinger",Snuff Out,0
12231714,battle-hardened-lucerne-2025,"Florian, Rotwood Harbinger",Sow Tomorrow,0
12231714,battle-hardened-lucerne-2025,"Florian, Rotwood Harbinger",Succumb to Temptation,0
12231714,battle-hardened-lucerne-2025,"Florian, Rotwood Harbinger",Summer's Fall,0
12231714,battle-hardened-lucerne-2025,"Florian, Rotwood Harbinger",Swarming Gloomveil,3
12231714,battle-hardened-lucerne-2025,"Florian, Rotwood Harbinger",Tome of Harvests,0
12231714,battle-hardened-lucerne-2025,"Florian, Rotwood Harbinger",Trot Along,3
12231714,battle-hardened-lucerne-2025,"Florian, Rotwood Harbinger",Truce,2
12231714,battle-hardened-lucerne-2025,"Florian, Rotwood Harbinger",Warmonger's Diplomacy,1
12231714,battle-hardened-lucerne-2025,"Florian, Rotwood Harbinger",Well Grounded,1
13442316,battle-hardened-lucerne-2025,"Victor Goldmane, High and Mighty",Anothos,1
13442316,battle-hardened-lucerne-2025,"Victor Goldmane, High and Mighty",Aurum Aegis,1
13442316,battle-hardened-lucerne-2025,"Victor Goldmane, High and Mighty",Batter to a Pulp,3
13442316,battle-hardened-lucerne-2025,"Victor Goldmane, High and Mighty",Buckling Blow,0
13442316,battle-hardened-lucerne-2025,"Victor Goldmane, High and Mighty",Chokeslam,3
13442316,battle-hardened-lucerne-2025,"Victor Goldmane, High and Mighty",Chokeslam,3
13442316,battle-hardened-lucerne-2025,"Victor Goldmane, High and Mighty",Civic Steps,1
13442316,battle-hardened-lucerne-2025,"Victor Goldmane, High and Mighty",Clash of Bravado,0
13442316,battle-hardened-lucerne-2025,"Victor Goldmane, High and Mighty",Clash of Might,2
13442316,battle-hardened-lucerne-2025,"Victor Goldmane, High and Mighty",Command and Conquer,3
13442316,battle-hardened-lucerne-2025,"Victor Goldmane, High and Mighty",Cranial Crush,3
13442316,battle-hardened-lucerne-2025,"Victor Goldmane, High and Mighty",Crown of Dominion,1
13442316,battle-hardened-lucerne-2025,"Victor Goldmane, High and Mighty",Crown of Providence,1
13442316,battle-hardened-lucerne-2025,"Victor Goldmane, High and Mighty",Crush the Weak,3
13442316,battle-hardened-lucerne-2025,"Victor Goldmane, High and Mighty",Debilitate,3
13442316,battle-hardened-lucerne-2025,"Victor Goldmane, High and Mighty",Disable,3
13442316,battle-hardened-lucerne-2025,"Victor Goldmane, High and Mighty",Enlightened Strike,3
13442316,battle-hardened-lucerne-2025,"Victor Goldmane, High and Mighty",Fyendal's Spring Tunic,1
13442316,battle-hardened-lucerne-2025,"Victor Goldmane, High and Mighty",Gauntlets of Iron Will,1
13442316,battle-hardened-lucerne-2025,"Victor Goldmane, High and Mighty",Headbutt,3
13442316,battle-hardened-lucerne-2025,"Victor Goldmane, High and Mighty",Lunging Press,0
13442316,battle-hardened-lucerne-2025,"Victor Goldmane, High and Mighty",Macho Grande,3
13442316,battle-hardened-lucerne-2025,"Victor Goldmane, High and Mighty",Midas Touch,0
13442316,battle-hardened-lucerne-2025,"Victor Goldmane, High and Mighty",Miller's Grindstone,0
13442316,battle-hardened-lucerne-2025,"Victor Goldmane, High and Mighty",Nullrune Boots,1
13442316,battle-hardened-lucerne-2025,"Victor Goldmane, High and Mighty",Nullrune Gloves,1
13442316,battle-hardened-lucerne-2025,"Victor Goldmane, High and Mighty",Nullrune Hood,1
13442316,battle-hardened-lucerne-2025,"Victor Goldmane, High and Mighty",Nullrune Robe,0
13442316,battle-hardened-lucerne-2025,"Victor Goldmane, High and Mighty",Oasis Respite,0
13442316,battle-hardened-lucerne-2025,"Victor Goldmane, High and Mighty",Overload,0
13442316,battle-hardened-lucerne-2025,"Victor Goldmane, High and Mighty",Performance Bonus,0
13442316,battle-hardened-lucerne-2025,"Victor Goldmane, High and Mighty",Pummel,3
13442316,battle-hardened-lucerne-2025,"Victor Goldmane, High and Mighty",Quickdodge Flexors,1
13442316,battle-hardened-lucerne-2025,"Victor Goldmane, High and Mighty",Rally the Coast Guard,0
13442316,battle-hardened-lucerne-2025,"Victor Goldmane, High and Mighty",Rampart of the Ram's Head,0
13442316,battle-hardened-lucerne-2025,"Victor Goldmane, High and Mighty",Remembrance,0
13442316,battle-hardened-lucerne-2025,"Victor Goldmane, High and Mighty",Riches of Trōpal-Dhani,1
13442316,battle-hardened-lucerne-2025,"Victor Goldmane, High and Mighty",Rouse the Ancients,3
13442316,battle-hardened-lucerne-2025,"Victor Goldmane, High and Mighty",Shelter from the Storm,0
13442316,battle-hardened-lucerne-2025,"Victor Goldmane, High and Mighty",Sink Below,0
13442316,battle-hardened-lucerne-2025,"Victor Goldmane, High and Mighty",Spinal Crush,3
13442316,battle-hardened-lucerne-2025,"Victor Goldmane, High and Mighty",Staunch Response,0
13442316,battle-hardened-lucerne-2025,"Victor Goldmane, High and Mighty",Tectonic Plating,1
13442316,battle-hardened-lucerne-2025,"Victor Goldmane, High and Mighty",Test of Iron Grip,1
13442316,battle-hardened-lucerne-2025,"Victor Goldmane, High and Mighty",Test of Strength,3
13442316,battle-hardened-lucerne-2025,"Victor Goldmane, High and Mighty",The Golden Son,3
13442316,battle-hardened-lucerne-2025,"Victor Goldmane, High and Mighty",Thunder Quake,3
13442316,battle-hardened-lucerne-2025,"Victor Goldmane, High and Mighty",Thunk,3
13442316,battle-hardened-lucerne-2025,"Victor Goldmane, High and Mighty",Titan's Fist,1
13442316,battle-hardened-lucerne-2025,"Victor Goldmane, High and Mighty",Trounce,3
13442316,battle-hardened-lucerne-2025,"Victor Goldmane, High and Mighty",Visit Goldmane Estate,3
13442316,battle-hardened-lucerne-2025,"Victor Goldmane, High and Mighty",Wallop,0
13442316,battle-hardened-lucerne-2025,"Victor Goldmane, High and Mighty",Zealous Belting,3
21558922,battle-hardened-lucerne-2025,"Ira, Scarlet Revenger",Ancestral Empowerment,0
21558922,battle-hardened-lucerne-2025,"Ira, Scarlet Revenger",Ancestral Harmony,0
21558922,battle-hardened-lucerne-2025,"Ira, Scarlet Revenger",Aspect of Tiger: Mind,3
21558922,battle-hardened-lucerne-2025,"Ira, Scarlet Revenger",Back Heel Kick,1
21558922,battle-hardened-lucerne-2025,"Ira, Scarlet Revenger",Biting Breeze,0
21558922,battle-hardened-lucerne-2025,"Ira, Scarlet Revenger",Bittering Thorns,2
21558922,battle-hardened-lucerne-2025,"Ira, Scarlet Revenger",Blazen Yoroi,1
21558922,battle-hardened-lucerne-2025,"Ira, Scarlet Revenger",Censor,3
21558922,battle-hardened-lucerne-2025,"Ira, Scarlet Revenger",Command and Conquer,3
21558922,battle-hardened-lucerne-2025,"Ira, Scarlet Revenger",Concealed Blade,0
21558922,battle-hardened-lucerne-2025,"Ira, Scarlet Revenger",Crane Dance,0
21558922,battle-hardened-lucerne-2025,"Ira, Scarlet Revenger",Cut Down to Size,0
21558922,battle-hardened-lucerne-2025,"Ira, Scarlet Revenger",Cut Through,3
21558922,battle-hardened-lucerne-2025,"Ira, Scarlet Revenger",Double Strike,0
21558922,battle-hardened-lucerne-2025,"Ira, Scarlet Revenger",Dual Threat,3
21558922,battle-hardened-lucerne-2025,"Ira, Scarlet Revenger",Edge of Autumn,0
21558922,battle-hardened-lucerne-2025,"Ira, Scarlet Revenger",Enact Vengeance,0
21558922,battle-hardened-lucerne-2025,"Ira, Scarlet Revenger",Enlightened Strike,3
21558922,battle-hardened-lucerne-2025,"Ira, Scarlet Revenger",Erase Face,3
21558922,battle-hardened-lucerne-2025,"Ira, Scarlet Revenger",Even Bigger Than That!,0
21558922,battle-hardened-lucerne-2025,"Ira, Scarlet Revenger",Fate Foreseen,0
21558922,battle-hardened-lucerne-2025,"Ira, Scarlet Revenger",Fiddler's Green,0
21558922,battle-hardened-lucerne-2025,"Ira, Scarlet Revenger",Find Center,0
21558922,battle-hardened-lucerne-2025,"Ira, Scarlet Revenger",Flex Claws,0
21558922,battle-hardened-lucerne-2025,"Ira, Scarlet Revenger",Flic Flak,3
21558922,battle-hardened-lucerne-2025,"Ira, Scarlet Revenger",Fyendal's Spring Tunic,1
21558922,battle-hardened-lucerne-2025,"Ira, Scarlet Revenger",Give and Take,0
21558922,battle-hardened-lucerne-2025,"Ira, Scarlet Revenger",Harmonized Kodachi,2
21558922,battle-hardened-lucerne-2025,"Ira, Scarlet Revenger",Humble,3
21558922,battle-hardened-lucerne-2025,"Ira, Scarlet Revenger",Iris of the Blossom,0
21558922,battle-hardened-lucerne-2025,"Ira, Scarlet Revenger",Knives Out,0
21558922,battle-hardened-lucerne-2025,"Ira, Scarlet Revenger",Legacy of Ikaru,0
21558922,battle-hardened-lucerne-2025,"Ira, Scarlet Revenger",Looking for a Scrap,2
21558922,battle-hardened-lucerne-2025,"Ira, Scarlet Revenger",Mask of Momentum,1
21558922,battle-hardened-lucerne-2025,"Ira, Scarlet Revenger",Mauling Qi,0
21558922,battle-hardened-lucerne-2025,"Ira, Scarlet Revenger",Nasty Surprise,0
21558922,battle-hardened-lucerne-2025,"Ira, Scarlet Revenger",Nip at the Heels,0
21558922,battle-hardened-lucerne-2025,"Ira, Scarlet Revenger",Nullrune Gloves,1
21558922,battle-hardened-lucerne-2025,"Ira, Scarlet Revenger",Nullrune Robe,1
21558922,battle-hardened-lucerne-2025,"Ira, Scarlet Revenger",Okana Scar Wraps,0
21558922,battle-hardened-lucerne-2025,"Ira, Scarlet Revenger",One-Two Punch,1
21558922,battle-hardened-lucerne-2025,"Ira, Scarlet Revenger",Pain in the Backside,3
21558922,battle-hardened-lucerne-2025,"Ira, Scarlet Revenger",Pouncing Paws,1
21558922,battle-hardened-lucerne-2025,"Ira, Scarlet Revenger",Pouncing Qi,3
21558922,battle-hardened-lucerne-2025,"Ira, Scarlet Revenger",Prismatic Leyline,0
21558922,battle-hardened-lucerne-2025,"Ira, Scarlet Revenger",Pummel,0
21558922,battle-hardened-lucerne-2025,"Ira, Scarlet Revenger",Pursuit of Knowledge,0
21558922,battle-hardened-lucerne-2025,"Ira, Scarlet Revenger",Razor Reflex,0
21558922,battle-hardened-lucerne-2025,"Ira, Scarlet Revenger",Recoil,1
21558922,battle-hardened-lucerne-2025,"Ira, Scarlet Revenger",Remembrance,0
21558922,battle-hardened-lucerne-2025,"Ira, Scarlet Revenger",Rising Knee Thrust,3
21558922,battle-hardened-lucerne-2025,"Ira, Scarlet Revenger",Robe of Autumn's Fall,0
21558922,battle-hardened-lucerne-2025,"Ira, Scarlet Revenger",Rotten Remains,0
21558922,battle-hardened-lucerne-2025,"Ira, Scarlet Revenger",Rowdy Locals,0
21558922,battle-hardened-lucerne-2025,"Ira, Scarlet Revenger",Rushing River,2
21558922,battle-hardened-lucerne-2025,"Ira, Scarlet Revenger",Salt the Wound,0
21558922,battle-hardened-lucerne-2025,"Ira, Scarlet Revenger",Scar for a Scar,0
21558922,battle-hardened-lucerne-2025,"Ira, Scarlet Revenger",Seek Vengeance,0
21558922,battle-hardened-lucerne-2025,"Ira, Scarlet Revenger",Shelter from the Storm,3
21558922,battle-hardened-lucerne-2025,"Ira, Scarlet Revenger",Sigil of Solace,3
21558922,battle-hardened-lucerne-2025,"Ira, Scarlet Revenger",Sink Below,3
21558922,battle-hardened-lucerne-2025,"Ira, Scarlet Revenger",Sirens of Safe Harbor,0
21558922,battle-hardened-lucerne-2025,"Ira, Scarlet Revenger",Snag,2
21558922,battle-hardened-lucerne-2025,"Ira, Scarlet Revenger",Snapdragon Scalers,0
21558922,battle-hardened-lucerne-2025,"Ira, Scarlet Revenger",Snatch,0
21558922,battle-hardened-lucerne-2025,"Ira, Scarlet Revenger",Soulbead Strike,1
21558922,battle-hardened-lucerne-2025,"Ira, Scarlet Revenger",Sound the Alarm,3
21558922,battle-hardened-lucerne-2025,"Ira, Scarlet Revenger",Stab Wound,0
21558922,battle-hardened-lucerne-2025,"Ira, Scarlet Revenger",Take the Tempo,0
21558922,battle-hardened-lucerne-2025,"Ira, Scarlet Revenger",The Weakest Link,0
21558922,battle-hardened-lucerne-2025,"Ira, Scarlet Revenger",Throw Dagger,0
21558922,battle-hardened-lucerne-2025,"Ira, Scarlet Revenger",Tide Flippers,0
21558922,battle-hardened-lucerne-2025,"Ira, Scarlet Revenger",Tiger Stripe Shuko,1
21558922,battle-hardened-lucerne-2025,"Ira, Scarlet Revenger",Torrent of Tempo,3
21558922,battle-hardened-lucerne-2025,"Ira, Scarlet Revenger",Vengeance Never Rests,0
21558922,battle-hardened-lucerne-2025,"Ira, Scarlet Revenger",Warmonger's Diplomacy,2
21558922,battle-hardened-lucerne-2025,"Ira, Scarlet Revenger",Wax On,0
21558922,battle-hardened-lucerne-2025,"Ira, Scarlet Revenger",Whelming Gustwave,3
21558922,battle-hardened-lucerne-2025,"Ira, Scarlet Revenger",Whirling Mist Blossom,3
72582567,battle-hardened-lucerne-2025,"Riptide, Lurker of the Deep",Bolt'n' Shot,3
72582567,battle-hardened-lucerne-2025,"Riptide, Lurker of the Deep",Bolt'n' Shot,3
72582567,battle-hardened-lucerne-2025,"Riptide, Lurker of the Deep",Boulder Trap,0
72582567,battle-hardened-lucerne-2025,"Riptide, Lurker of the Deep",Bull's Eye Bracers,0
72582567,battle-hardened-lucerne-2025,"Riptide, Lurker of the Deep",Buzzsaw Trap,1
72582567,battle-hardened-lucerne-2025,"Riptide, Lurker of the Deep",Codex of Frailty,3
72582567,battle-hardened-lucerne-2025,"Riptide, Lurker of the Deep",Codex of Inertia,0
72582567,battle-hardened-lucerne-2025,"Riptide, Lurker of the Deep",Collapsing Trap,1
72582567,battle-hardened-lucerne-2025,"Riptide, Lurker of the Deep",Dreadbore,1
72582567,battle-hardened-lucerne-2025,"Riptide, Lurker of the Deep",Driftwood Quiver,1
72582567,battle-hardened-lucerne-2025,"Riptide, Lurker of the Deep",Drill Shot,3
72582567,battle-hardened-lucerne-2025,"Riptide, Lurker of the Deep",Drop the Anchor,3
72582567,battle-hardened-lucerne-2025,"Riptide, Lurker of the Deep",Dry Powder Shot,3
72582567,battle-hardened-lucerne-2025,"Riptide, Lurker of the Deep",Enchanted Quiver,1
72582567,battle-hardened-lucerne-2025,"Riptide, Lurker of the Deep",Endless Arrow,3
72582567,battle-hardened-lucerne-2025,"Riptide, Lurker of the Deep",Enlightened Strike,2
72582567,battle-hardened-lucerne-2025,"Riptide, Lurker of the Deep",Falcon Wing,3
72582567,battle-hardened-lucerne-2025,"Riptide, Lurker of the Deep",Flying High,0
72582567,battle-hardened-lucerne-2025,"Riptide, Lurker of the Deep",Frailty Trap,0
72582567,battle-hardened-lucerne-2025,"Riptide, Lurker of the Deep",Heat Seeker,2
72582567,battle-hardened-lucerne-2025,"Riptide, Lurker of the Deep",Inertia Trap,0
72582567,battle-hardened-lucerne-2025,"Riptide, Lurker of the Deep",Lace with Bloodrot,3
72582567,battle-hardened-lucerne-2025,"Riptide, Lurker of the Deep",Lace with Frailty,2
72582567,battle-hardened-lucerne-2025,"Riptide, Lurker of the Deep",Lace with Inertia,2
72582567,battle-hardened-lucerne-2025,"Riptide, Lurker of the Deep",New Horizon,1
72582567,battle-hardened-lucerne-2025,"Riptide, Lurker of the Deep",Poison the Tips,2
72582567,battle-hardened-lucerne-2025,"Riptide, Lurker of the Deep",Premeditate,3
72582567,battle-hardened-lucerne-2025,"Riptide, Lurker of the Deep",Rain Razors,3
72582567,battle-hardened-lucerne-2025,"Riptide, Lurker of the Deep",Ravenous Rabble,3
72582567,battle-hardened-lucerne-2025,"Riptide, Lurker of the Deep",Redspine Manta,1
72582567,battle-hardened-lucerne-2025,"Riptide, Lurker of the Deep",Release the Tension,0
72582567,battle-hardened-lucerne-2025,"Riptide, Lurker of the Deep",Remorseless,3
72582567,battle-hardened-lucerne-2025,"Riptide, Lurker of the Deep",Return Fire,3
72582567,battle-hardened-lucerne-2025,"Riptide, Lurker of the Deep",Searing Shot,3
72582567,battle-hardened-lucerne-2025,"Riptide, Lurker of the Deep",Seek and Destroy,3
72582567,battle-hardened-lucerne-2025,"Riptide, Lurker of the Deep",Sharp Shooters,1
72582567,battle-hardened-lucerne-2025,"Riptide, Lurker of the Deep",Shelter from the Storm,2
72582567,battle-hardened-lucerne-2025,"Riptide, Lurker of the Deep",Sic 'Em Shot,0
72582567,battle-hardened-lucerne-2025,"Riptide, Lurker of the Deep",Sink Below,0
72582567,battle-hardened-lucerne-2025,"Riptide, Lurker of the Deep",Sleep Dart,2
72582567,battle-hardened-lucerne-2025,"Riptide, Lurker of the Deep",Snapdragon Scalers,1
72582567,battle-hardened-lucerne-2025,"Riptide, Lurker of the Deep",Spike Pit Trap,1
72582567,battle-hardened-lucerne-2025,"Riptide, Lurker of the Deep",Stone Rain,1
72582567,battle-hardened-lucerne-2025,"Riptide, Lurker of the Deep",Swift Shot,3
72582567,battle-hardened-lucerne-2025,"Riptide, Lurker of the Deep",Tarpit Trap,3
72582567,battle-hardened-lucerne-2025,"Riptide, Lurker of the Deep",Trench of Sunken Treasure,1
72582567,battle-hardened-lucerne-2025,"Riptide, Lurker of the Deep",Vest of the First Fist,0
13422343,battle-hardened-lucerne-2025,"Cindra, Dracai of Retribution",Ancestral Empowerment,3
13422343,battle-hardened-lucerne-2025,"Cindra, Dracai of Retribution",Art of the Dragon: Blood,2
13422343,battle-hardened-lucerne-2025,"Cindra, Dracai of Retribution",Art of the Dragon: Fire,3
13422343,battle-hardened-lucerne-2025,"Cindra, Dracai of Retribution",Art of the Dragon: Scale,0
13422343,battle-hardened-lucerne-2025,"Cindra, Dracai of Retribution",Battlefront Bastion,3
13422343,battle-hardened-lucerne-2025,"Cindra, Dracai of Retribution",Blaze Headlong,3
13422343,battle-hardened-lucerne-2025,"Cindra, Dracai of Retribution",Blood Runs Deep,2
13422343,battle-hardened-lucerne-2025,"Cindra, Dracai of Retribution",Blood Splattered Vest,1
13422343,battle-hardened-lucerne-2025,"Cindra, Dracai of Retribution",Brand with Cinderclaw,3
13422343,battle-hardened-lucerne-2025,"Cindra, Dracai of Retribution",Breaking Point,2
13422343,battle-hardened-lucerne-2025,"Cindra, Dracai of Retribution",Burning Blade Dance,0
13422343,battle-hardened-lucerne-2025,"Cindra, Dracai of Retribution",Claw of Vynserakai,1
13422343,battle-hardened-lucerne-2025,"Cindra, Dracai of Retribution",Command and Conquer,0
13422343,battle-hardened-lucerne-2025,"Cindra, Dracai of Retribution",Concealed Blade,0
13422343,battle-hardened-lucerne-2025,"Cindra, Dracai of Retribution",Cut Through,2
13422343,battle-hardened-lucerne-2025,"Cindra, Dracai of Retribution",Demonstrate Devotion,2
13422343,battle-hardened-lucerne-2025,"Cindra, Dracai of Retribution",Devotion Never Dies,0
13422343,battle-hardened-lucerne-2025,"Cindra, Dracai of Retribution",Display Loyalty,3
13422343,battle-hardened-lucerne-2025,"Cindra, Dracai of Retribution",Double Strike,0
13422343,battle-hardened-lucerne-2025,"Cindra, Dracai of Retribution",Dragon Power,0
13422343,battle-hardened-lucerne-2025,"Cindra, Dracai of Retribution",Dragonscaler Flight Path,1
13422343,battle-hardened-lucerne-2025,"Cindra, Dracai of Retribution",Drop of Dragon Blood,0
13422343,battle-hardened-lucerne-2025,"Cindra, Dracai of Retribution",Enlightened Strike,0
13422343,battle-hardened-lucerne-2025,"Cindra, Dracai of Retribution",Erase Face,0
13422343,battle-hardened-lucerne-2025,"Cindra, Dracai of Retribution",Fate Foreseen,1
13422343,battle-hardened-lucerne-2025,"Cindra, Dracai of Retribution",Fire Tenet: Strike First,3
13422343,battle-hardened-lucerne-2025,"Cindra, Dracai of Retribution",Flamescale Furnace,0
13422343,battle-hardened-lucerne-2025,"Cindra, Dracai of Retribution",Flick Knives,1
13422343,battle-hardened-lucerne-2025,"Cindra, Dracai of Retribution",Hot on Their Heels,3
13422343,battle-hardened-lucerne-2025,"Cindra, Dracai of Retribution",Hunt the Hunter,2
13422343,battle-hardened-lucerne-2025,"Cindra, Dracai of Retribution",Hunt to the Ends of Rathe,0
13422343,battle-hardened-lucerne-2025,"Cindra, Dracai of Retribution",Ignite,3
13422343,battle-hardened-lucerne-2025,"Cindra, Dracai of Retribution",Kunai of Retribution,2
13422343,battle-hardened-lucerne-2025,"Cindra, Dracai of Retribution",Lava Burst,2
13422343,battle-hardened-lucerne-2025,"Cindra, Dracai of Retribution",Lava Vein Loyalty,0
13422343,battle-hardened-lucerne-2025,"Cindra, Dracai of Retribution",Loyalty Beyond the Grave,0
13422343,battle-hardened-lucerne-2025,"Cindra, Dracai of Retribution",Mask of Momentum,1
13422343,battle-hardened-lucerne-2025,"Cindra, Dracai of Retribution",Mask of the Pouncing Lynx,1
13422343,battle-hardened-lucerne-2025,"Cindra, Dracai of Retribution",Oath of Loyalty,3
13422343,battle-hardened-lucerne-2025,"Cindra, Dracai of Retribution",Pain in the Backside,0
13422343,battle-hardened-lucerne-2025,"Cindra, Dracai of Retribution",Prowess of Agility,0
13422343,battle-hardened-lucerne-2025,"Cindra, Dracai of Retribution",Rally the Coast Guard,0
13422343,battle-hardened-lucerne-2025,"Cindra, Dracai of Retribution",Ravenous Rabble,3
13422343,battle-hardened-lucerne-2025,"Cindra, Dracai of Retribution",Rising Resentment,3
13422343,battle-hardened-lucerne-2025,"Cindra, Dracai of Retribution",Ronin Renegade,3
13422343,battle-hardened-lucerne-2025,"Cindra, Dracai of Retribution",Salt the Wound,1
13422343,battle-hardened-lucerne-2025,"Cindra, Dracai of Retribution",Sea Legs,0
13422343,battle-hardened-lucerne-2025,"Cindra, Dracai of Retribution",Shelter from the Storm,2
13422343,battle-hardened-lucerne-2025,"Cindra, Dracai of Retribution",Sink Below,3
13422343,battle-hardened-lucerne-2025,"Cindra, Dracai of Retribution",Snatch,2
13422343,battle-hardened-lucerne-2025,"Cindra, Dracai of Retribution",Spell Fray Cloak,0
13422343,battle-hardened-lucerne-2025,"Cindra, Dracai of Retribution",Spell Fray Leggings,0
13422343,battle-hardened-lucerne-2025,"Cindra, Dracai of Retribution",Spreading Flames,2
13422343,battle-hardened-lucerne-2025,"Cindra, Dracai of Retribution",Tag the Target,0
13422343,battle-hardened-lucerne-2025,"Cindra, Dracai of Retribution",Tenacity,1
13422343,battle-hardened-lucerne-2025,"Cindra, Dracai of Retribution",Thaw,0
13422343,battle-hardened-lucerne-2025,"Cindra, Dracai of Retribution",Throw Dagger,3
13422343,battle-hardened-lucerne-2025,"Cindra, Dracai of Retribution",Tide Flippers,0
13422343,battle-hardened-lucerne-2025,"Cindra, Dracai of Retribution",Tome of Imperial Flame,0
13422343,battle-hardened-lucerne-2025,"Cindra, Dracai of Retribution",Warmonger's Diplomacy,3
13422343,battle-hardened-lucerne-2025,"Cindra, Dracai of Retribution",Wax On,0
13422343,battle-hardened-lucerne-2025,"Cindra, Dracai of Retribution",Wrath of Retribution,1
37735196,battle-hardened-lucerne-2025,"Gravy Bones, Shipwrecked Looter",Amulet of Echoes,0
37735196,battle-hardened-lucerne-2025,"Gravy Bones, Shipwrecked Looter","Anka, Drag Under",1
37735196,battle-hardened-lucerne-2025,"Gravy Bones, Shipwrecked Looter",Arcane Compliance,0
37735196,battle-hardened-lucerne-2025,"Gravy Bones, Shipwrecked Looter",Avast Ye!,3
37735196,battle-hardened-lucerne-2025,"Gravy Bones, Shipwrecked Looter",Back Alley Breakline,2
37735196,battle-hardened-lucerne-2025,"Gravy Bones, Shipwrecked Looter",Balance of Justice,1
37735196,battle-hardened-lucerne-2025,"Gravy Bones, Shipwrecked Looter",Blanch,0
37735196,battle-hardened-lucerne-2025,"Gravy Bones, Shipwrecked Looter",Blood in the Water,2
37735196,battle-hardened-lucerne-2025,"Gravy Bones, Shipwrecked Looter",Call to the Grave,3
37735196,battle-hardened-lucerne-2025,"Gravy Bones, Shipwrecked Looter",Chart the High Seas,3
37735196,battle-hardened-lucerne-2025,"Gravy Bones, Shipwrecked Looter","Chum, Friendly First Mate",3
37735196,battle-hardened-lucerne-2025,"Gravy Bones, Shipwrecked Looter",Command and Conquer,0
37735196,battle-hardened-lucerne-2025,"Gravy Bones, Shipwrecked Looter",Compass of Sunken Depths,1
37735196,battle-hardened-lucerne-2025,"Gravy Bones, Shipwrecked Looter",Conqueror of the High Seas,3
37735196,battle-hardened-lucerne-2025,"Gravy Bones, Shipwrecked Looter",Crown of Dominion,1
37735196,battle-hardened-lucerne-2025,"Gravy Bones, Shipwrecked Looter",Crown of Providence,0
37735196,battle-hardened-lucerne-2025,"Gravy Bones, Shipwrecked Looter","Cutty Shark, Quick Clip",1
37735196,battle-hardened-lucerne-2025,"Gravy Bones, Shipwrecked Looter",Dead Threads,1
37735196,battle-hardened-lucerne-2025,"Gravy Bones, Shipwrecked Looter",Diamond Amulet,0
37735196,battle-hardened-lucerne-2025,"Gravy Bones, Shipwrecked Looter",Eye of Ophidia,1
37735196,battle-hardened-lucerne-2025,"Gravy Bones, Shipwrecked Looter",Fearless Confrontation,0
37735196,battle-hardened-lucerne-2025,"Gravy Bones, Shipwrecked Looter",Fiddler's Green,0
37735196,battle-hardened-lucerne-2025,"Gravy Bones, Shipwrecked Looter",Flying High,0
37735196,battle-hardened-lucerne-2025,"Gravy Bones, Shipwrecked Looter",Give No Quarter,0
37735196,battle-hardened-lucerne-2025,"Gravy Bones, Shipwrecked Looter",Gold-Baited Hook,1
37735196,battle-hardened-lucerne-2025,"Gravy Bones, Shipwrecked Looter",Golden Tipple,3
37735196,battle-hardened-lucerne-2025,"Gravy Bones, Shipwrecked Looter",Golden Tipple,3
37735196,battle-hardened-lucerne-2025,"Gravy Bones, Shipwrecked Looter",Golden Tipple,3
37735196,battle-hardened-lucerne-2025,"Gravy Bones, Shipwrecked Looter",HMS Barracuda,0
37735196,battle-hardened-lucerne-2025,"Gravy Bones, Shipwrecked Looter",Jittery Bones,0
37735196,battle-hardened-lucerne-2025,"Gravy Bones, Shipwrecked Looter","Limpit, Hop-a-long",2
37735196,battle-hardened-lucerne-2025,"Gravy Bones, Shipwrecked Looter",Loot the Hold,3
37735196,battle-hardened-lucerne-2025,"Gravy Bones, Shipwrecked Looter",Mage Master Boots,1
37735196,battle-hardened-lucerne-2025,"Gravy Bones, Shipwrecked Looter",Murderous Rabble,3
37735196,battle-hardened-lucerne-2025,"Gravy Bones, Shipwrecked Looter",Nullrune Boots,1
37735196,battle-hardened-lucerne-2025,"Gravy Bones, Shipwrecked Looter",Nullrune Gloves,1
37735196,battle-hardened-lucerne-2025,"Gravy Bones, Shipwrecked Looter",Nullrune Hood,1
37735196,battle-hardened-lucerne-2025,"Gravy Bones, Shipwrecked Looter",Nullrune Robe,0
37735196,battle-hardened-lucerne-2025,"Gravy Bones, Shipwrecked Looter","Oysten, Heart of Gold",0
37735196,battle-hardened-lucerne-2025,"Gravy Bones, Shipwrecked Looter",Pearl Amulet,1
37735196,battle-hardened-lucerne-2025,"Gravy Bones, Shipwrecked Looter",Portside Exchange,3
37735196,battle-hardened-lucerne-2025,"Gravy Bones, Shipwrecked Looter",Prismatic Leyline,2
37735196,battle-hardened-lucerne-2025,"Gravy Bones, Shipwrecked Looter",Quickdodge Flexors,1
37735196,battle-hardened-lucerne-2025,"Gravy Bones, Shipwrecked Looter",Restless Bones,0
37735196,battle-hardened-lucerne-2025,"Gravy Bones, Shipwrecked Looter",Riches of Trōpal-Dhani,0
37735196,battle-hardened-lucerne-2025,"Gravy Bones, Shipwrecked Looter",Riggermortis,3
37735196,battle-hardened-lucerne-2025,"Gravy Bones, Shipwrecked Looter",Saltwater Swell,3
37735196,battle-hardened-lucerne-2025,"Gravy Bones, Shipwrecked Looter",Saltwater Swell,3
37735196,battle-hardened-lucerne-2025,"Gravy Bones, Shipwrecked Looter","Sawbones, Dockhand",3
37735196,battle-hardened-lucerne-2025,"Gravy Bones, Shipwrecked Looter","Scooba, Salty Sea Dog",1
37735196,battle-hardened-lucerne-2025,"Gravy Bones, Shipwrecked Looter",Sea Legs,2
37735196,battle-hardened-lucerne-2025,"Gravy Bones, Shipwrecked Looter","Shelly, Hardened Traveler",0
37735196,battle-hardened-lucerne-2025,"Gravy Bones, Shipwrecked Looter",Sink Below,0
37735196,battle-hardened-lucerne-2025,"Gravy Bones, Shipwrecked Looter",Snag,1
37735196,battle-hardened-lucerne-2025,"Gravy Bones, Shipwrecked Looter",Sunken Treasure,2
37735196,battle-hardened-lucerne-2025,"Gravy Bones, Shipwrecked Looter",Swabbie,2
37735196,battle-hardened-lucerne-2025,"Gravy Bones, Shipwrecked Looter",Swiftwater Sloop,2
37735196,battle-hardened-lucerne-2025,"Gravy Bones, Shipwrecked Looter",Throw Caution to the Wind,0
37735196,battle-hardened-lucerne-2025,"Gravy Bones, Shipwrecked Looter",Tip the Barkeep,2
37735196,battle-hardened-lucerne-2025,"Gravy Bones, Shipwrecked Looter",Wailer Humperdinck,1
78195736,battle-hardened-lucerne-2025,"Victor Goldmane, High and Mighty",Anothos,0
78195736,battle-hardened-lucerne-2025,"Victor Goldmane, High and Mighty",Aurum Aegis,1
78195736,battle-hardened-lucerne-2025,"Victor Goldmane, High and Mighty",Batter to a Pulp,0
78195736,battle-hardened-lucerne-2025,"Victor Goldmane, High and Mighty",Buckling Blow,0
78195736,battle-hardened-lucerne-2025,"Victor Goldmane, High and Mighty",Chokeslam,3
78195736,battle-hardened-lucerne-2025,"Victor Goldmane, High and Mighty",Civic Steps,0
78195736,battle-hardened-lucerne-2025,"Victor Goldmane, High and Mighty",Clash of Bravado,3
78195736,battle-hardened-lucerne-2025,"Victor Goldmane, High and Mighty",Clash of Might,3
78195736,battle-hardened-lucerne-2025,"Victor Goldmane, High and Mighty",Command and Conquer,3
78195736,battle-hardened-lucerne-2025,"Victor Goldmane, High and Mighty",Cranial Crush,3
78195736,battle-hardened-lucerne-2025,"Victor Goldmane, High and Mighty",Crown of Dominion,0
78195736,battle-hardened-lucerne-2025,"Victor Goldmane, High and Mighty",Crown of Providence,1
78195736,battle-hardened-lucerne-2025,"Victor Goldmane, High and Mighty",Crush the Weak,3
78195736,battle-hardened-lucerne-2025,"Victor Goldmane, High and Mighty",Debilitate,3
78195736,battle-hardened-lucerne-2025,"Victor Goldmane, High and Mighty",Disable,3
78195736,battle-hardened-lucerne-2025,"Victor Goldmane, High and Mighty",Enlightened Strike,3
78195736,battle-hardened-lucerne-2025,"Victor Goldmane, High and Mighty",Fyendal's Spring Tunic,1
78195736,battle-hardened-lucerne-2025,"Victor Goldmane, High and Mighty",Gauntlets of Iron Will,1
78195736,battle-hardened-lucerne-2025,"Victor Goldmane, High and Mighty",Headbutt,0
78195736,battle-hardened-lucerne-2025,"Victor Goldmane, High and Mighty",Lunging Press,0
78195736,battle-hardened-lucerne-2025,"Victor Goldmane, High and Mighty",Macho Grande,3
78195736,battle-hardened-lucerne-2025,"Victor Goldmane, High and Mighty",Midas Touch,1
78195736,battle-hardened-lucerne-2025,"Victor Goldmane, High and Mighty",Miller's Grindstone,1
78195736,battle-hardened-lucerne-2025,"Victor Goldmane, High and Mighty",Nullrune Boots,1
78195736,battle-hardened-lucerne-2025,"Victor Goldmane, High and Mighty",Nullrune Gloves,0
78195736,battle-hardened-lucerne-2025,"Victor Goldmane, High and Mighty",Nullrune Hood,1
78195736,battle-hardened-lucerne-2025,"Victor Goldmane, High and Mighty",Nullrune Robe,0
78195736,battle-hardened-lucerne-2025,"Victor Goldmane, High and Mighty",Oasis Respite,0
78195736,battle-hardened-lucerne-2025,"Victor Goldmane, High and Mighty",Overload,2
78195736,battle-hardened-lucerne-2025,"Victor Goldmane, High and Mighty",Performance Bonus,2
78195736,battle-hardened-lucerne-2025,"Victor Goldmane, High and Mighty",Pummel,0
78195736,battle-hardened-lucerne-2025,"Victor Goldmane, High and Mighty",Quickdodge Flexors,1
78195736,battle-hardened-lucerne-2025,"Victor Goldmane, High and Mighty",Rally the Coast Guard,2
78195736,battle-hardened-lucerne-2025,"Victor Goldmane, High and Mighty",Rampart of the Ram's Head,1
78195736,battle-hardened-lucerne-2025,"Victor Goldmane, High and Mighty",Remembrance,1
78195736,battle-hardened-lucerne-2025,"Victor Goldmane, High and Mighty",Riches of Trōpal-Dhani,1
78195736,battle-hardened-lucerne-2025,"Victor Goldmane, High and Mighty",Rouse the Ancients,0
78195736,battle-hardened-lucerne-2025,"Victor Goldmane, High and Mighty",Shelter from the Storm,3
78195736,battle-hardened-lucerne-2025,"Victor Goldmane, High and Mighty",Sink Below,3
78195736,battle-hardened-lucerne-2025,"Victor Goldmane, High and Mighty",Spinal Crush,3
78195736,battle-hardened-lucerne-2025,"Victor Goldmane, High and Mighty",Staunch Response,0
78195736,battle-hardened-lucerne-2025,"Victor Goldmane, High and Mighty",Tectonic Plating,1
78195736,battle-hardened-lucerne-2025,"Victor Goldmane, High and Mighty",Test of Iron Grip,2
78195736,battle-hardened-lucerne-2025,"Victor Goldmane, High and Mighty",Test of Strength,3
78195736,battle-hardened-lucerne-2025,"Victor Goldmane, High and Mighty",The Golden Son,3
78195736,battle-hardened-lucerne-2025,"Victor Goldmane, High and Mighty",Thunder Quake,3
78195736,battle-hardened-lucerne-2025,"Victor Goldmane, High and Mighty",Thunk,3
78195736,battle-hardened-lucerne-2025,"Victor Goldmane, High and Mighty",Thunk,3
78195736,battle-hardened-lucerne-2025,"Victor Goldmane, High and Mighty",Titan's Fist,0
78195736,battle-hardened-lucerne-2025,"Victor Goldmane, High and Mighty",Trounce,2
78195736,battle-hardened-lucerne-2025,"Victor Goldmane, High and Mighty",Visit Goldmane Estate,3
78195736,battle-hardened-lucerne-2025,"Victor Goldmane, High and Mighty",Wallop,0
78195736,battle-hardened-lucerne-2025,"Victor Goldmane, High and Mighty",Zealous Belting,0
42177829,battle-hardened-lucerne-2025,"Gravy Bones, Shipwrecked Looter",Amulet of Echoes,1
42177829,battle-hardened-lucerne-2025,"Gravy Bones, Shipwrecked Looter","Anka, Drag Under",1
42177829,battle-hardened-lucerne-2025,"Gravy Bones, Shipwrecked Looter",Arcane Compliance,1
42177829,battle-hardened-lucerne-2025,"Gravy Bones, Shipwrecked Looter",Avast Ye!,3
42177829,battle-hardened-lucerne-2025,"Gravy Bones, Shipwrecked Looter",Back Alley Breakline,1
42177829,battle-hardened-lucerne-2025,"Gravy Bones, Shipwrecked Looter",Balance of Justice,1
42177829,battle-hardened-lucerne-2025,"Gravy Bones, Shipwrecked Looter",Blanch,1
42177829,battle-hardened-lucerne-2025,"Gravy Bones, Shipwrecked Looter",Blood in the Water,2
42177829,battle-hardened-lucerne-2025,"Gravy Bones, Shipwrecked Looter",Call to the Grave,3
42177829,battle-hardened-lucerne-2025,"Gravy Bones, Shipwrecked Looter",Chart the High Seas,3
42177829,battle-hardened-lucerne-2025,"Gravy Bones, Shipwrecked Looter","Chum, Friendly First Mate",3
42177829,battle-hardened-lucerne-2025,"Gravy Bones, Shipwrecked Looter",Command and Conquer,1
42177829,battle-hardened-lucerne-2025,"Gravy Bones, Shipwrecked Looter",Compass of Sunken Depths,1
42177829,battle-hardened-lucerne-2025,"Gravy Bones, Shipwrecked Looter",Conqueror of the High Seas,3
42177829,battle-hardened-lucerne-2025,"Gravy Bones, Shipwrecked Looter",Crown of Dominion,1
42177829,battle-hardened-lucerne-2025,"Gravy Bones, Shipwrecked Looter",Crown of Providence,0
42177829,battle-hardened-lucerne-2025,"Gravy Bones, Shipwrecked Looter","Cutty Shark, Quick Clip",0
42177829,battle-hardened-lucerne-2025,"Gravy Bones, Shipwrecked Looter",Dead Threads,1
42177829,battle-hardened-lucerne-2025,"Gravy Bones, Shipwrecked Looter",Diamond Amulet,0
42177829,battle-hardened-lucerne-2025,"Gravy Bones, Shipwrecked Looter",Eye of Ophidia,1
42177829,battle-hardened-lucerne-2025,"Gravy Bones, Shipwrecked Looter",Fearless Confrontation,3
42177829,battle-hardened-lucerne-2025,"Gravy Bones, Shipwrecked Looter",Fiddler's Green,0
42177829,battle-hardened-lucerne-2025,"Gravy Bones, Shipwrecked Looter",Flying High,0
42177829,battle-hardened-lucerne-2025,"Gravy Bones, Shipwrecked Looter",Give No Quarter,0
42177829,battle-hardened-lucerne-2025,"Gravy Bones, Shipwrecked Looter",Gold-Baited Hook,1
42177829,battle-hardened-lucerne-2025,"Gravy Bones, Shipwrecked Looter",Golden Tipple,3
42177829,battle-hardened-lucerne-2025,"Gravy Bones, Shipwrecked Looter",Golden Tipple,3
42177829,battle-hardened-lucerne-2025,"Gravy Bones, Shipwrecked Looter",Golden Tipple,3
42177829,battle-hardened-lucerne-2025,"Gravy Bones, Shipwrecked Looter",HMS Barracuda,0
42177829,battle-hardened-lucerne-2025,"Gravy Bones, Shipwrecked Looter",Jittery Bones,0
42177829,battle-hardened-lucerne-2025,"Gravy Bones, Shipwrecked Looter","Limpit, Hop-a-long",1
42177829,battle-hardened-lucerne-2025,"Gravy Bones, Shipwrecked Looter",Loot the Hold,3
42177829,battle-hardened-lucerne-2025,"Gravy Bones, Shipwrecked Looter",Mage Master Boots,1
42177829,battle-hardened-lucerne-2025,"Gravy Bones, Shipwrecked Looter",Murderous Rabble,3
42177829,battle-hardened-lucerne-2025,"Gravy Bones, Shipwrecked Looter",Nullrune Boots,1
42177829,battle-hardened-lucerne-2025,"Gravy Bones, Shipwrecked Looter",Nullrune Gloves,1
42177829,battle-hardened-lucerne-2025,"Gravy Bones, Shipwrecked Looter",Nullrune Hood,1
42177829,battle-hardened-lucerne-2025,"Gravy Bones, Shipwrecked Looter",Nullrune Robe,0
42177829,battle-hardened-lucerne-2025,"Gravy Bones, Shipwrecked Looter","Oysten, Heart of Gold",0
42177829,battle-hardened-lucerne-2025,"Gravy Bones, Shipwrecked Looter",Pearl Amulet,0
42177829,battle-hardened-lucerne-2025,"Gravy Bones, Shipwrecked Looter",Portside Exchange,3
42177829,battle-hardened-lucerne-2025,"Gravy Bones, Shipwrecked Looter",Prismatic Leyline,2
42177829,battle-hardened-lucerne-2025,"Gravy Bones, Shipwrecked Looter",Quickdodge Flexors,1
42177829,battle-hardened-lucerne-2025,"Gravy Bones, Shipwrecked Looter",Restless Bones,0
42177829,battle-hardened-lucerne-2025,"Gravy Bones, Shipwrecked Looter",Riches of Trōpal-Dhani,0
42177829,battle-hardened-lucerne-2025,"Gravy Bones, Shipwrecked Looter",Riggermortis,3
42177829,battle-hardened-lucerne-2025,"Gravy Bones, Shipwrecked Looter",Saltwater Swell,2
42177829,battle-hardened-lucerne-2025,"Gravy Bones, Shipwrecked Looter",Saltwater Swell,3
42177829,battle-hardened-lucerne-2025,"Gravy Bones, Shipwrecked Looter","Sawbones, Dockhand",3
42177829,battle-hardened-lucerne-2025,"Gravy Bones, Shipwrecked Looter","Scooba, Salty Sea Dog",1
42177829,battle-hardened-lucerne-2025,"Gravy Bones, Shipwrecked Looter",Sea Legs,2
42177829,battle-hardened-lucerne-2025,"Gravy Bones, Shipwrecked Looter","Shelly, Hardened Traveler",0
42177829,battle-hardened-lucerne-2025,"Gravy Bones, Shipwrecked Looter",Sink Below,0
42177829,battle-hardened-lucerne-2025,"Gravy Bones, Shipwrecked Looter",Snag,1
42177829,battle-hardened-lucerne-2025,"Gravy Bones, Shipwrecked Looter",Sunken Treasure,2
42177829,battle-hardened-lucerne-2025,"Gravy Bones, Shipwrecked Looter",Swabbie,2
42177829,battle-hardened-lucerne-2025,"Gravy Bones, Shipwrecked Looter",Swiftwater Sloop,0
42177829,battle-hardened-lucerne-2025,"Gravy Bones, Shipwrecked Looter",Throw Caution to the Wind,0
42177829,battle-hardened-lucerne-2025,"Gravy Bones, Shipwrecked Looter",Tip the Barkeep,2
42177829,battle-hardened-lucerne-2025,"Gravy Bones, Shipwrecked Looter",Wailer Humperdinck,1
81214559,battle-hardened-lucerne-2025,Dash I/O,Achilles Accelerator,1
81214559,battle-hardened-lucerne-2025,Dash I/O,Adaptive Plating,1
81214559,battle-hardened-lucerne-2025,Dash I/O,Backup Protocol: BLU,1
81214559,battle-hardened-lucerne-2025,Dash I/O,Backup Protocol: RED,3
81214559,battle-hardened-lucerne-2025,Dash I/O,Bios Update,0
81214559,battle-hardened-lucerne-2025,Dash I/O,Boom Grenade,3
81214559,battle-hardened-lucerne-2025,Dash I/O,Boom Grenade,3
81214559,battle-hardened-lucerne-2025,Dash I/O,Bracers of Belief,0
81214559,battle-hardened-lucerne-2025,Dash I/O,Cerebellum Processor,3
81214559,battle-hardened-lucerne-2025,Dash I/O,Cog in the Machine,0
81214559,battle-hardened-lucerne-2025,Dash I/O,Cogwerx Tinker Rings,1
81214559,battle-hardened-lucerne-2025,Dash I/O,Convection Amplifier,1
81214559,battle-hardened-lucerne-2025,Dash I/O,Crown of Providence,1
81214559,battle-hardened-lucerne-2025,Dash I/O,Data Link,0
81214559,battle-hardened-lucerne-2025,Dash I/O,Dissolution Sphere,0
81214559,battle-hardened-lucerne-2025,Dash I/O,Dissolving Shield,0
81214559,battle-hardened-lucerne-2025,Dash I/O,Expedite,0
81214559,battle-hardened-lucerne-2025,Dash I/O,Fast and Furious,3
81214559,battle-hardened-lucerne-2025,Dash I/O,Fender Bender,0
81214559,battle-hardened-lucerne-2025,Dash I/O,Goliath Gauntlet,1
81214559,battle-hardened-lucerne-2025,Dash I/O,Hanabi Blaster,1
81214559,battle-hardened-lucerne-2025,Dash I/O,Heavy Industry Gear Shift,0
81214559,battle-hardened-lucerne-2025,Dash I/O,Heavy Industry Power Plant,0
81214559,battle-hardened-lucerne-2025,Dash I/O,Heist,3
81214559,battle-hardened-lucerne-2025,Dash I/O,Maximum Velocity,3
81214559,battle-hardened-lucerne-2025,Dash I/O,MetEx,2
81214559,battle-hardened-lucerne-2025,Dash I/O,Misfire Dampener,0
81214559,battle-hardened-lucerne-2025,Dash I/O,Null Time Zone,1
81214559,battle-hardened-lucerne-2025,Dash I/O,Out Pace,3
81214559,battle-hardened-lucerne-2025,Dash I/O,Payload,0
81214559,battle-hardened-lucerne-2025,Dash I/O,Penetration Script,0
81214559,battle-hardened-lucerne-2025,Dash I/O,Pulsewave Harpoon,3
81214559,battle-hardened-lucerne-2025,Dash I/O,Signal Jammer,2
81214559,battle-hardened-lucerne-2025,Dash I/O,Spark of Genius,3
81214559,battle-hardened-lucerne-2025,Dash I/O,Sprocket Rocket,0
81214559,battle-hardened-lucerne-2025,Dash I/O,Symbiosis Shot,1
81214559,battle-hardened-lucerne-2025,Dash I/O,T-Bone,3
81214559,battle-hardened-lucerne-2025,Dash I/O,T-Bone,3
81214559,battle-hardened-lucerne-2025,Dash I/O,Teklo Core,3
81214559,battle-hardened-lucerne-2025,Dash I/O,Teklo Foundry Heart,1
81214559,battle-hardened-lucerne-2025,Dash I/O,Teklo Pounder,3
81214559,battle-hardened-lucerne-2025,Dash I/O,Throttle,0
81214559,battle-hardened-lucerne-2025,Dash I/O,Tick Tock Clock,1
81214559,battle-hardened-lucerne-2025,Dash I/O,Twin Drive,3
81214559,battle-hardened-lucerne-2025,Dash I/O,Under Loop,0
81214559,battle-hardened-lucerne-2025,Dash I/O,Viziertronic Model i,1
81214559,battle-hardened-lucerne-2025,Dash I/O,Zero to Sixty,3
81214559,battle-hardened-lucerne-2025,Dash I/O,Zero to Sixty,3
81214559,battle-hardened-lucerne-2025,Dash I/O,Zero to Sixty,3
81214559,battle-hardened-lucerne-2025,Dash I/O,Zipper Hit,3
81214559,battle-hardened-lucerne-2025,Dash I/O,Zipper Hit,3
81214559,battle-hardened-lucerne-2025,Dash I/O,Zipper Hit,3
86439962,battle-hardened-lucerne-2025,"Gravy Bones, Shipwrecked Looter",Amulet of Echoes,0
86439962,battle-hardened-lucerne-2025,"Gravy Bones, Shipwrecked Looter","Anka, Drag Under",2
86439962,battle-hardened-lucerne-2025,"Gravy Bones, Shipwrecked Looter",Arcane Compliance,0
86439962,battle-hardened-lucerne-2025,"Gravy Bones, Shipwrecked Looter",Avast Ye!,3
86439962,battle-hardened-lucerne-2025,"Gravy Bones, Shipwrecked Looter",Back Alley Breakline,1
86439962,battle-hardened-lucerne-2025,"Gravy Bones, Shipwrecked Looter",Balance of Justice,1
86439962,battle-hardened-lucerne-2025,"Gravy Bones, Shipwrecked Looter",Blanch,0
86439962,battle-hardened-lucerne-2025,"Gravy Bones, Shipwrecked Looter",Blood in the Water,3
86439962,battle-hardened-lucerne-2025,"Gravy Bones, Shipwrecked Looter",Call to the Grave,3
86439962,battle-hardened-lucerne-2025,"Gravy Bones, Shipwrecked Looter",Chart the High Seas,3
86439962,battle-hardened-lucerne-2025,"Gravy Bones, Shipwrecked Looter","Chum, Friendly First Mate",3
86439962,battle-hardened-lucerne-2025,"Gravy Bones, Shipwrecked Looter",Command and Conquer,2
86439962,battle-hardened-lucerne-2025,"Gravy Bones, Shipwrecked Looter",Compass of Sunken Depths,1
86439962,battle-hardened-lucerne-2025,"Gravy Bones, Shipwrecked Looter",Conqueror of the High Seas,3
86439962,battle-hardened-lucerne-2025,"Gravy Bones, Shipwrecked Looter",Crown of Dominion,1
86439962,battle-hardened-lucerne-2025,"Gravy Bones, Shipwrecked Looter",Crown of Providence,0
86439962,battle-hardened-lucerne-2025,"Gravy Bones, Shipwrecked Looter","Cutty Shark, Quick Clip",0
86439962,battle-hardened-lucerne-2025,"Gravy Bones, Shipwrecked Looter",Dead Threads,1
86439962,battle-hardened-lucerne-2025,"Gravy Bones, Shipwrecked Looter",Diamond Amulet,0
86439962,battle-hardened-lucerne-2025,"Gravy Bones, Shipwrecked Looter",Eye of Ophidia,1
86439962,battle-hardened-lucerne-2025,"Gravy Bones, Shipwrecked Looter",Fearless Confrontation,1
86439962,battle-hardened-lucerne-2025,"Gravy Bones, Shipwrecked Looter",Fiddler's Green,0
86439962,battle-hardened-lucerne-2025,"Gravy Bones, Shipwrecked Looter",Flying High,0
86439962,battle-hardened-lucerne-2025,"Gravy Bones, Shipwrecked Looter",Give No Quarter,0
86439962,battle-hardened-lucerne-2025,"Gravy Bones, Shipwrecked Looter",Gold-Baited Hook,1
86439962,battle-hardened-lucerne-2025,"Gravy Bones, Shipwrecked Looter",Golden Tipple,3
86439962,battle-hardened-lucerne-2025,"Gravy Bones, Shipwrecked Looter",Golden Tipple,3
86439962,battle-hardened-lucerne-2025,"Gravy Bones, Shipwrecked Looter",Golden Tipple,3
86439962,battle-hardened-lucerne-2025,"Gravy Bones, Shipwrecked Looter",HMS Barracuda,0
86439962,battle-hardened-lucerne-2025,"Gravy Bones, Shipwrecked Looter",Jittery Bones,0
86439962,battle-hardened-lucerne-2025,"Gravy Bones, Shipwrecked Looter","Limpit, Hop-a-long",2
86439962,battle-hardened-lucerne-2025,"Gravy Bones, Shipwrecked Looter",Loot the Hold,3
86439962,battle-hardened-lucerne-2025,"Gravy Bones, Shipwrecked Looter",Mage Master Boots,1
86439962,battle-hardened-lucerne-2025,"Gravy Bones, Shipwrecked Looter",Murderous Rabble,3
86439962,battle-hardened-lucerne-2025,"Gravy Bones, Shipwrecked Looter",Nullrune Boots,1
86439962,battle-hardened-lucerne-2025,"Gravy Bones, Shipwrecked Looter",Nullrune Gloves,1
86439962,battle-hardened-lucerne-2025,"Gravy Bones, Shipwrecked Looter",Nullrune Hood,1
86439962,battle-hardened-lucerne-2025,"Gravy Bones, Shipwrecked Looter",Nullrune Robe,0
86439962,battle-hardened-lucerne-2025,"Gravy Bones, Shipwrecked Looter","Oysten, Heart of Gold",1
86439962,battle-hardened-lucerne-2025,"Gravy Bones, Shipwrecked Looter",Pearl Amulet,0
86439962,battle-hardened-lucerne-2025,"Gravy Bones, Shipwrecked Looter",Portside Exchange,3
86439962,battle-hardened-lucerne-2025,"Gravy Bones, Shipwrecked Looter",Prismatic Leyline,0
86439962,battle-hardened-lucerne-2025,"Gravy Bones, Shipwrecked Looter",Quickdodge Flexors,1
86439962,battle-hardened-lucerne-2025,"Gravy Bones, Shipwrecked Looter",Restless Bones,0
86439962,battle-hardened-lucerne-2025,"Gravy Bones, Shipwrecked Looter",Riches of Trōpal-Dhani,0
86439962,battle-hardened-lucerne-2025,"Gravy Bones, Shipwrecked Looter",Riggermortis,3
86439962,battle-hardened-lucerne-2025,"Gravy Bones, Shipwrecked Looter",Saltwater Swell,2
86439962,battle-hardened-lucerne-2025,"Gravy Bones, Shipwrecked Looter",Saltwater Swell,3
86439962,battle-hardened-lucerne-2025,"Gravy Bones, Shipwrecked Looter","Sawbones, Dockhand",3
86439962,battle-hardened-lucerne-2025,"Gravy Bones, Shipwrecked Looter","Scooba, Salty Sea Dog",0
86439962,battle-hardened-lucerne-2025,"Gravy Bones, Shipwrecked Looter",Sea Legs,2
86439962,battle-hardened-lucerne-2025,"Gravy Bones, Shipwrecked Looter","Shelly, Hardened Traveler",0
86439962,battle-hardened-lucerne-2025,"Gravy Bones, Shipwrecked Looter",Sink Below,0
86439962,battle-hardened-lucerne-2025,"Gravy Bones, Shipwrecked Looter",Snag,1
86439962,battle-hardened-lucerne-2025,"Gravy Bones, Shipwrecked Looter",Sunken Treasure,2
86439962,battle-hardened-lucerne-2025,"Gravy Bones, Shipwrecked Looter",Swabbie,2
86439962,battle-hardened-lucerne-2025,"Gravy Bones, Shipwrecked Looter",Swiftwater Sloop,2
86439962,battle-hardened-lucerne-2025,"Gravy Bones, Shipwrecked Looter",Throw Caution to the Wind,0
86439962,battle-hardened-lucerne-2025,"Gravy Bones, Shipwrecked Looter",Tip the Barkeep,3
86439962,battle-hardened-lucerne-2025,"Gravy Bones, Shipwrecked Looter",Wailer Humperdinck,1
57421669,battle-hardened-lucerne-2025,"Florian, Rotwood Harbinger",Arcane Seeds||Life,3
57421669,battle-hardened-lucerne-2025,"Florian, Rotwood Harbinger",Autumn's Touch,3
57421669,battle-hardened-lucerne-2025,"Florian, Rotwood Harbinger",Barkskin of the Millennium Tree,1
57421669,battle-hardened-lucerne-2025,"Florian, Rotwood Harbinger",Blanch,2
57421669,battle-hardened-lucerne-2025,"Florian, Rotwood Harbinger",Bramble Spark,2
57421669,battle-hardened-lucerne-2025,"Florian, Rotwood Harbinger",Cadaverous Tilling,1
57421669,battle-hardened-lucerne-2025,"Florian, Rotwood Harbinger",Cadaverous Tilling,3
57421669,battle-hardened-lucerne-2025,"Florian, Rotwood Harbinger",Canopy Shelter,3
57421669,battle-hardened-lucerne-2025,"Florian, Rotwood Harbinger",Channel Mount Heroic,3
57421669,battle-hardened-lucerne-2025,"Florian, Rotwood Harbinger",Channel the Millennium Tree,3
57421669,battle-hardened-lucerne-2025,"Florian, Rotwood Harbinger",Command and Conquer,3
57421669,battle-hardened-lucerne-2025,"Florian, Rotwood Harbinger",Dread Scythe,0
57421669,battle-hardened-lucerne-2025,"Florian, Rotwood Harbinger",Dread Triptych,0
57421669,battle-hardened-lucerne-2025,"Florian, Rotwood Harbinger",Dyadic Carapace,1
57421669,battle-hardened-lucerne-2025,"Florian, Rotwood Harbinger",Enlightened Strike,3
57421669,battle-hardened-lucerne-2025,"Florian, Rotwood Harbinger",Erase Face,3
57421669,battle-hardened-lucerne-2025,"Florian, Rotwood Harbinger",Everbloom||Life,3
57421669,battle-hardened-lucerne-2025,"Florian, Rotwood Harbinger",Face Purgatory,1
57421669,battle-hardened-lucerne-2025,"Florian, Rotwood Harbinger",Felling of the Crown,3
57421669,battle-hardened-lucerne-2025,"Florian, Rotwood Harbinger",Flourish,3
57421669,battle-hardened-lucerne-2025,"Florian, Rotwood Harbinger",Fruits of the Forest,3
57421669,battle-hardened-lucerne-2025,"Florian, Rotwood Harbinger",Fyendal's Spring Tunic,0
57421669,battle-hardened-lucerne-2025,"Florian, Rotwood Harbinger",Grasp of the Arknight,1
57421669,battle-hardened-lucerne-2025,"Florian, Rotwood Harbinger",Gravekeeping,0
57421669,battle-hardened-lucerne-2025,"Florian, Rotwood Harbinger",Haunting Rendition,0
57421669,battle-hardened-lucerne-2025,"Florian, Rotwood Harbinger",Malefic Incantation,0
57421669,battle-hardened-lucerne-2025,"Florian, Rotwood Harbinger",Midas Touch,0
57421669,battle-hardened-lucerne-2025,"Florian, Rotwood Harbinger",Ninth Blade of the Blood Oath,0
57421669,battle-hardened-lucerne-2025,"Florian, Rotwood Harbinger",Nullrune Boots,1
57421669,battle-hardened-lucerne-2025,"Florian, Rotwood Harbinger",Oath of the Arknight,0
57421669,battle-hardened-lucerne-2025,"Florian, Rotwood Harbinger",Plow Under,3
57421669,battle-hardened-lucerne-2025,"Florian, Rotwood Harbinger",Plume of Evergrowth,1
57421669,battle-hardened-lucerne-2025,"Florian, Rotwood Harbinger",Reaping Blade,1
57421669,battle-hardened-lucerne-2025,"Florian, Rotwood Harbinger",Remembrance,0
57421669,battle-hardened-lucerne-2025,"Florian, Rotwood Harbinger",Ripple Away,0
57421669,battle-hardened-lucerne-2025,"Florian, Rotwood Harbinger",Rootbound Carapace,3
57421669,battle-hardened-lucerne-2025,"Florian, Rotwood Harbinger",Rootbound Carapace,3
57421669,battle-hardened-lucerne-2025,"Florian, Rotwood Harbinger",Runerager Swarm,3
57421669,battle-hardened-lucerne-2025,"Florian, Rotwood Harbinger",Runic Reclamation,0
57421669,battle-hardened-lucerne-2025,"Florian, Rotwood Harbinger",Seeds of Tomorrow,0
57421669,battle-hardened-lucerne-2025,"Florian, Rotwood Harbinger",Shelter from the Storm,3
57421669,battle-hardened-lucerne-2025,"Florian, Rotwood Harbinger",Sink Below,0
57421669,battle-hardened-lucerne-2025,"Florian, Rotwood Harbinger",Snag,1
57421669,battle-hardened-lucerne-2025,"Florian, Rotwood Harbinger",Snapdragon Scalers,0
57421669,battle-hardened-lucerne-2025,"Florian, Rotwood Harbinger",Snuff Out,0
57421669,battle-hardened-lucerne-2025,"Florian, Rotwood Harbinger",Sow Tomorrow,0
57421669,battle-hardened-lucerne-2025,"Florian, Rotwood Harbinger",Succumb to Temptation,0
57421669,battle-hardened-lucerne-2025,"Florian, Rotwood Harbinger",Summer's Fall,3
57421669,battle-hardened-lucerne-2025,"Florian, Rotwood Harbinger",Swarming Gloomveil,3
57421669,battle-hardened-lucerne-2025,"Florian, Rotwood Harbinger",Tome of Harvests,0
57421669,battle-hardened-lucerne-2025,"Florian, Rotwood Harbinger",Trot Along,3
57421669,battle-hardened-lucerne-2025,"Florian, Rotwood Harbinger",Truce,0
57421669,battle-hardened-lucerne-2025,"Florian, Rotwood Harbinger",Warmonger's Diplomacy,3
57421669,battle-hardened-lucerne-2025,"Florian, Rotwood Harbinger",Well Grounded,1
96366313,battle-hardened-lucerne-2025,Dash I/O,Achilles Accelerator,1
96366313,battle-hardened-lucerne-2025,Dash I/O,Adaptive Plating,1
96366313,battle-hardened-lucerne-2025,Dash I/O,Backup Protocol: BLU,0
96366313,battle-hardened-lucerne-2025,Dash I/O,Backup Protocol: RED,3
96366313,battle-hardened-lucerne-2025,Dash I/O,Bios Update,3
96366313,battle-hardened-lucerne-2025,Dash I/O,Boom Grenade,3
96366313,battle-hardened-lucerne-2025,Dash I/O,Boom Grenade,3
96366313,battle-hardened-lucerne-2025,Dash I/O,Bracers of Belief,0
96366313,battle-hardened-lucerne-2025,Dash I/O,Cerebellum Processor,3
96366313,battle-hardened-lucerne-2025,Dash I/O,Cog in the Machine,3
96366313,battle-hardened-lucerne-2025,Dash I/O,Cogwerx Tinker Rings,0
96366313,battle-hardened-lucerne-2025,Dash I/O,Convection Amplifier,1
96366313,battle-hardened-lucerne-2025,Dash I/O,Crown of Providence,1
96366313,battle-hardened-lucerne-2025,Dash I/O,Data Link,0
96366313,battle-hardened-lucerne-2025,Dash I/O,Dissolution Sphere,0
96366313,battle-hardened-lucerne-2025,Dash I/O,Dissolving Shield,1
96366313,battle-hardened-lucerne-2025,Dash I/O,Expedite,0
96366313,battle-hardened-lucerne-2025,Dash I/O,Fast and Furious,3
96366313,battle-hardened-lucerne-2025,Dash I/O,Fender Bender,0
96366313,battle-hardened-lucerne-2025,Dash I/O,Goliath Gauntlet,1
96366313,battle-hardened-lucerne-2025,Dash I/O,Hanabi Blaster,0
96366313,battle-hardened-lucerne-2025,Dash I/O,Heavy Industry Gear Shift,0
96366313,battle-hardened-lucerne-2025,Dash I/O,Heavy Industry Power Plant,0
96366313,battle-hardened-lucerne-2025,Dash I/O,Heist,3
96366313,battle-hardened-lucerne-2025,Dash I/O,Maximum Velocity,3
96366313,battle-hardened-lucerne-2025,Dash I/O,MetEx,0
96366313,battle-hardened-lucerne-2025,Dash I/O,Misfire Dampener,0
96366313,battle-hardened-lucerne-2025,Dash I/O,Null Time Zone,0
96366313,battle-hardened-lucerne-2025,Dash I/O,Out Pace,3
96366313,battle-hardened-lucerne-2025,Dash I/O,Payload,0
96366313,battle-hardened-lucerne-2025,Dash I/O,Penetration Script,1
96366313,battle-hardened-lucerne-2025,Dash I/O,Pulsewave Harpoon,3
96366313,battle-hardened-lucerne-2025,Dash I/O,Signal Jammer,1
96366313,battle-hardened-lucerne-2025,Dash I/O,Spark of Genius,3
96366313,battle-hardened-lucerne-2025,Dash I/O,Sprocket Rocket,0
96366313,battle-hardened-lucerne-2025,Dash I/O,Symbiosis Shot,1
96366313,battle-hardened-lucerne-2025,Dash I/O,T-Bone,3
96366313,battle-hardened-lucerne-2025,Dash I/O,T-Bone,1
96366313,battle-hardened-lucerne-2025,Dash I/O,Teklo Core,3
96366313,battle-hardened-lucerne-2025,Dash I/O,Teklo Foundry Heart,1
96366313,battle-hardened-lucerne-2025,Dash I/O,Teklo Pounder,2
96366313,battle-hardened-lucerne-2025,Dash I/O,Throttle,2
96366313,battle-hardened-lucerne-2025,Dash I/O,Throttle,3
96366313,battle-hardened-lucerne-2025,Dash I/O,Tick Tock Clock,0
96366313,battle-hardened-lucerne-2025,Dash I/O,Twin Drive,0
96366313,battle-hardened-lucerne-2025,Dash I/O,Under Loop,2
96366313,battle-hardened-lucerne-2025,Dash I/O,Viziertronic Model i,1
96366313,battle-hardened-lucerne-2025,Dash I/O,Zero to Sixty,3
96366313,battle-hardened-lucerne-2025,Dash I/O,Zero to Sixty,3
96366313,battle-hardened-lucerne-2025,Dash I/O,Zero to Sixty,3
96366313,battle-hardened-lucerne-2025,Dash I/O,Zipper Hit,3
96366313,battle-hardened-lucerne-2025,Dash I/O,Zipper Hit,2
96366313,battle-hardened-lucerne-2025,Dash I/O,Zipper Hit,3
93592527,battle-hardened-lucerne-2025,"Gravy Bones, Shipwrecked Looter",Amulet of Echoes,0
93592527,battle-hardened-lucerne-2025,"Gravy Bones, Shipwrecked Looter","Anka, Drag Under",2
93592527,battle-hardened-lucerne-2025,"Gravy Bones, Shipwrecked Looter",Arcane Compliance,0
93592527,battle-hardened-lucerne-2025,"Gravy Bones, Shipwrecked Looter",Avast Ye!,3
93592527,battle-hardened-lucerne-2025,"Gravy Bones, Shipwrecked Looter",Back Alley Breakline,1
93592527,battle-hardened-lucerne-2025,"Gravy Bones, Shipwrecked Looter",Balance of Justice,1
93592527,battle-hardened-lucerne-2025,"Gravy Bones, Shipwrecked Looter",Blanch,0
93592527,battle-hardened-lucerne-2025,"Gravy Bones, Shipwrecked Looter",Blood in the Water,3
93592527,battle-hardened-lucerne-2025,"Gravy Bones, Shipwrecked Looter",Call to the Grave,3
93592527,battle-hardened-lucerne-2025,"Gravy Bones, Shipwrecked Looter",Chart the High Seas,3
93592527,battle-hardened-lucerne-2025,"Gravy Bones, Shipwrecked Looter","Chum, Friendly First Mate",3
93592527,battle-hardened-lucerne-2025,"Gravy Bones, Shipwrecked Looter",Command and Conquer,2
93592527,battle-hardened-lucerne-2025,"Gravy Bones, Shipwrecked Looter",Compass of Sunken Depths,1
93592527,battle-hardened-lucerne-2025,"Gravy Bones, Shipwrecked Looter",Conqueror of the High Seas,3
93592527,battle-hardened-lucerne-2025,"Gravy Bones, Shipwrecked Looter",Crown of Dominion,1
93592527,battle-hardened-lucerne-2025,"Gravy Bones, Shipwrecked Looter",Crown of Providence,0
93592527,battle-hardened-lucerne-2025,"Gravy Bones, Shipwrecked Looter","Cutty Shark, Quick Clip",0
93592527,battle-hardened-lucerne-2025,"Gravy Bones, Shipwrecked Looter",Dead Threads,1
93592527,battle-hardened-lucerne-2025,"Gravy Bones, Shipwrecked Looter",Diamond Amulet,0
93592527,battle-hardened-lucerne-2025,"Gravy Bones, Shipwrecked Looter",Eye of Ophidia,0
93592527,battle-hardened-lucerne-2025,"Gravy Bones, Shipwrecked Looter",Fearless Confrontation,0
93592527,battle-hardened-lucerne-2025,"Gravy Bones, Shipwrecked Looter",Fiddler's Green,1
93592527,battle-hardened-lucerne-2025,"Gravy Bones, Shipwrecked Looter",Flying High,0
93592527,battle-hardened-lucerne-2025,"Gravy Bones, Shipwrecked Looter",Give No Quarter,0
93592527,battle-hardened-lucerne-2025,"Gravy Bones, Shipwrecked Looter",Gold-Baited Hook,1
93592527,battle-hardened-lucerne-2025,"Gravy Bones, Shipwrecked Looter",Golden Tipple,3
93592527,battle-hardened-lucerne-2025,"Gravy Bones, Shipwrecked Looter",Golden Tipple,3
93592527,battle-hardened-lucerne-2025,"Gravy Bones, Shipwrecked Looter",Golden Tipple,3
93592527,battle-hardened-lucerne-2025,"Gravy Bones, Shipwrecked Looter",HMS Barracuda,0
93592527,battle-hardened-lucerne-2025,"Gravy Bones, Shipwrecked Looter",Jittery Bones,2
93592527,battle-hardened-lucerne-2025,"Gravy Bones, Shipwrecked Looter","Limpit, Hop-a-long",1
93592527,battle-hardened-lucerne-2025,"Gravy Bones, Shipwrecked Looter",Loot the Hold,3
93592527,battle-hardened-lucerne-2025,"Gravy Bones, Shipwrecked Looter",Mage Master Boots,1
93592527,battle-hardened-lucerne-2025,"Gravy Bones, Shipwrecked Looter",Murderous Rabble,3
93592527,battle-hardened-lucerne-2025,"Gravy Bones, Shipwrecked Looter",Nullrune Boots,1
93592527,battle-hardened-lucerne-2025,"Gravy Bones, Shipwrecked Looter",Nullrune Gloves,1
93592527,battle-hardened-lucerne-2025,"Gravy Bones, Shipwrecked Looter",Nullrune Hood,1
93592527,battle-hardened-lucerne-2025,"Gravy Bones, Shipwrecked Looter",Nullrune Robe,0
93592527,battle-hardened-lucerne-2025,"Gravy Bones, Shipwrecked Looter","Oysten, Heart of Gold",1
93592527,battle-hardened-lucerne-2025,"Gravy Bones, Shipwrecked Looter",Pearl Amulet,0
93592527,battle-hardened-lucerne-2025,"Gravy Bones, Shipwrecked Looter",Portside Exchange,3
93592527,battle-hardened-lucerne-2025,"Gravy Bones, Shipwrecked Looter",Prismatic Leyline,0
93592527,battle-hardened-lucerne-2025,"Gravy Bones, Shipwrecked Looter",Quickdodge Flexors,1
93592527,battle-hardened-lucerne-2025,"Gravy Bones, Shipwrecked Looter",Restless Bones,0
93592527,battle-hardened-lucerne-2025,"Gravy Bones, Shipwrecked Looter",Riches of Trōpal-Dhani,0
93592527,battle-hardened-lucerne-2025,"Gravy Bones, Shipwrecked Looter",Riggermortis,3
93592527,battle-hardened-lucerne-2025,"Gravy Bones, Shipwrecked Looter",Saltwater Swell,3
93592527,battle-hardened-lucerne-2025,"Gravy Bones, Shipwrecked Looter",Saltwater Swell,3
93592527,battle-hardened-lucerne-2025,"Gravy Bones, Shipwrecked Looter","Sawbones, Dockhand",3
93592527,battle-hardened-lucerne-2025,"Gravy Bones, Shipwrecked Looter","Scooba, Salty Sea Dog",1
93592527,battle-hardened-lucerne-2025,"Gravy Bones, Shipwrecked Looter",Sea Legs,2
93592527,battle-hardened-lucerne-2025,"Gravy Bones, Shipwrecked Looter","Shelly, Hardened Traveler",0
93592527,battle-hardened-lucerne-2025,"Gravy Bones, Shipwrecked Looter",Sink Below,0
93592527,battle-hardened-lucerne-2025,"Gravy Bones, Shipwrecked Looter",Snag,1
93592527,battle-hardened-lucerne-2025,"Gravy Bones, Shipwrecked Looter",Sunken Treasure,2
93592527,battle-hardened-lucerne-2025,"Gravy Bones, Shipwrecked Looter",Swabbie,2
93592527,battle-hardened-lucerne-2025,"Gravy Bones, Shipwrecked Looter",Swiftwater Sloop,0
93592527,battle-hardened-lucerne-2025,"Gravy Bones, Shipwrecked Looter",Throw Caution to the Wind,0
93592527,battle-hardened-lucerne-2025,"Gravy Bones, Shipwrecked Looter",Tip the Barkeep,3
93592527,battle-hardened-lucerne-2025,"Gravy Bones, Shipwrecked Looter",Wailer Humperdinck,1
11125774,battle-hardened-lucerne-2025,"Verdance, Thorn of the Rose",Aether Arc,0
11125774,battle-hardened-lucerne-2025,"Verdance, Thorn of the Rose",Alluvion Constellas,0
11125774,battle-hardened-lucerne-2025,"Verdance, Thorn of the Rose",Arcane Compliance,1
11125774,battle-hardened-lucerne-2025,"Verdance, Thorn of the Rose",Arcane Twining,2
11125774,battle-hardened-lucerne-2025,"Verdance, Thorn of the Rose",Autumn's Touch,3
11125774,battle-hardened-lucerne-2025,"Verdance, Thorn of the Rose",Barkskin of the Millennium Tree,1
11125774,battle-hardened-lucerne-2025,"Verdance, Thorn of the Rose",Blade Beckoner Gauntlets,1
11125774,battle-hardened-lucerne-2025,"Verdance, Thorn of the Rose",Blanch,0
11125774,battle-hardened-lucerne-2025,"Verdance, Thorn of the Rose",Burn Bare,3
11125774,battle-hardened-lucerne-2025,"Verdance, Thorn of the Rose",Cadaverous Tilling,3
11125774,battle-hardened-lucerne-2025,"Verdance, Thorn of the Rose",Calming Breeze,0
11125774,battle-hardened-lucerne-2025,"Verdance, Thorn of the Rose",Command and Conquer,3
11125774,battle-hardened-lucerne-2025,"Verdance, Thorn of the Rose",Crown of Providence,0
11125774,battle-hardened-lucerne-2025,"Verdance, Thorn of the Rose",Destructive Aethertide,3
11125774,battle-hardened-lucerne-2025,"Verdance, Thorn of the Rose",Emeritus Scolding,3
11125774,battle-hardened-lucerne-2025,"Verdance, Thorn of the Rose",Enlightened Strike,3
11125774,battle-hardened-lucerne-2025,"Verdance, Thorn of the Rose",Erase Face,0
11125774,battle-hardened-lucerne-2025,"Verdance, Thorn of the Rose",Everbloom||Life,3
11125774,battle-hardened-lucerne-2025,"Verdance, Thorn of the Rose",Evergreen,2
11125774,battle-hardened-lucerne-2025,"Verdance, Thorn of the Rose",Fate Foreseen,0
11125774,battle-hardened-lucerne-2025,"Verdance, Thorn of the Rose",Felling of the Crown,3
11125774,battle-hardened-lucerne-2025,"Verdance, Thorn of the Rose",Fruits of the Forest,2
11125774,battle-hardened-lucerne-2025,"Verdance, Thorn of the Rose",Fruits of the Forest,3
11125774,battle-hardened-lucerne-2025,"Verdance, Thorn of the Rose",Fyendal's Spring Tunic,0
11125774,battle-hardened-lucerne-2025,"Verdance, Thorn of the Rose",Healing Potion,3
11125774,battle-hardened-lucerne-2025,"Verdance, Thorn of the Rose",Heartbeat of Candlehold,3
11125774,battle-hardened-lucerne-2025,"Verdance, Thorn of the Rose",Mental Block,3
11125774,battle-hardened-lucerne-2025,"Verdance, Thorn of the Rose",Metacarpus Node,1
11125774,battle-hardened-lucerne-2025,"Verdance, Thorn of the Rose",Outed,0
11125774,battle-hardened-lucerne-2025,"Verdance, Thorn of the Rose",Plow Under,3
11125774,battle-hardened-lucerne-2025,"Verdance, Thorn of the Rose",Plume of Evergrowth,1
11125774,battle-hardened-lucerne-2025,"Verdance, Thorn of the Rose",Pounamu Amulet,0
11125774,battle-hardened-lucerne-2025,"Verdance, Thorn of the Rose",Pulsing Aether||Life,3
11125774,battle-hardened-lucerne-2025,"Verdance, Thorn of the Rose",Rampant Growth||Life,3
11125774,battle-hardened-lucerne-2025,"Verdance, Thorn of the Rose",Ring of Roses,1
11125774,battle-hardened-lucerne-2025,"Verdance, Thorn of the Rose",Rootbound Carapace,3
11125774,battle-hardened-lucerne-2025,"Verdance, Thorn of the Rose",Rowdy Locals,0
11125774,battle-hardened-lucerne-2025,"Verdance, Thorn of the Rose",Scar for a Scar,2
11125774,battle-hardened-lucerne-2025,"Verdance, Thorn of the Rose",Scour,3
11125774,battle-hardened-lucerne-2025,"Verdance, Thorn of the Rose",Seeds of Tomorrow,0
11125774,battle-hardened-lucerne-2025,"Verdance, Thorn of the Rose",Shelter from the Storm,2
11125774,battle-hardened-lucerne-2025,"Verdance, Thorn of the Rose",Sigil of Solace,3
11125774,battle-hardened-lucerne-2025,"Verdance, Thorn of the Rose",Sink Below,3
11125774,battle-hardened-lucerne-2025,"Verdance, Thorn of the Rose",Sirens of Safe Harbor,0
11125774,battle-hardened-lucerne-2025,"Verdance, Thorn of the Rose",Stonewall Gauntlet,0
11125774,battle-hardened-lucerne-2025,"Verdance, Thorn of the Rose",Storm Striders,1
11125774,battle-hardened-lucerne-2025,"Verdance, Thorn of the Rose",Summer's Fall,2
11125774,battle-hardened-lucerne-2025,"Verdance, Thorn of the Rose",Surgent Aethertide,0
11125774,battle-hardened-lucerne-2025,"Verdance, Thorn of the Rose",This Round's on Me,0
11125774,battle-hardened-lucerne-2025,"Verdance, Thorn of the Rose",Waning Moon,1
11125774,battle-hardened-lucerne-2025,"Verdance, Thorn of the Rose",Warmonger's Diplomacy,0
82724311,battle-hardened-lucerne-2025,Dorinthea Ironsong,Battlefront Bastion,3
82724311,battle-hardened-lucerne-2025,Dorinthea Ironsong,Blade Flurry,3
82724311,battle-hardened-lucerne-2025,Dorinthea Ironsong,Braveforge Bracers,1
82724311,battle-hardened-lucerne-2025,Dorinthea Ironsong,Command and Conquer,3
82724311,battle-hardened-lucerne-2025,Dorinthea Ironsong,Crown of Providence,1
82724311,battle-hardened-lucerne-2025,Dorinthea Ironsong,Dawnblade,1
82724311,battle-hardened-lucerne-2025,Dorinthea Ironsong,Decimator Great Axe,1
82724311,battle-hardened-lucerne-2025,Dorinthea Ironsong,Emboldened Blade,1
82724311,battle-hardened-lucerne-2025,Dorinthea Ironsong,Glint the Quicksilver,3
82724311,battle-hardened-lucerne-2025,Dorinthea Ironsong,Glistening Steelblade,2
82724311,battle-hardened-lucerne-2025,Dorinthea Ironsong,Grains of Bloodspill,1
82724311,battle-hardened-lucerne-2025,Dorinthea Ironsong,Hit and Run,3
82724311,battle-hardened-lucerne-2025,Dorinthea Ironsong,Ironsong Determination,3
82724311,battle-hardened-lucerne-2025,Dorinthea Ironsong,Ironsong Response,3
82724311,battle-hardened-lucerne-2025,Dorinthea Ironsong,Jagged Edge,3
82724311,battle-hardened-lucerne-2025,Dorinthea Ironsong,Kabuto of Imperial Authority,1
82724311,battle-hardened-lucerne-2025,Dorinthea Ironsong,Nip at the Heels,1
82724311,battle-hardened-lucerne-2025,Dorinthea Ironsong,Nullrune Hood,1
82724311,battle-hardened-lucerne-2025,Dorinthea Ironsong,Overpower,3
82724311,battle-hardened-lucerne-2025,Dorinthea Ironsong,Precision Press,3
82724311,battle-hardened-lucerne-2025,Dorinthea Ironsong,Provoke,2
82724311,battle-hardened-lucerne-2025,Dorinthea Ironsong,Puncture,3
82724311,battle-hardened-lucerne-2025,Dorinthea Ironsong,Refraction Bolters,1
82724311,battle-hardened-lucerne-2025,Dorinthea Ironsong,Rout,1
82724311,battle-hardened-lucerne-2025,Dorinthea Ironsong,Sharpen Steel,2
82724311,battle-hardened-lucerne-2025,Dorinthea Ironsong,Shelter from the Storm,3
82724311,battle-hardened-lucerne-2025,Dorinthea Ironsong,Singing Steelblade,3
82724311,battle-hardened-lucerne-2025,Dorinthea Ironsong,Sink Below,3
82724311,battle-hardened-lucerne-2025,Dorinthea Ironsong,Snag,3
82724311,battle-hardened-lucerne-2025,Dorinthea Ironsong,Steelblade Supremacy,3
82724311,battle-hardened-lucerne-2025,Dorinthea Ironsong,Trot Along,3
82724311,battle-hardened-lucerne-2025,Dorinthea Ironsong,Twinning Blade,1
82724311,battle-hardened-lucerne-2025,Dorinthea Ironsong,Unsheathed,3
82724311,battle-hardened-lucerne-2025,Dorinthea Ironsong,Warrior's Valor,3
82724311,battle-hardened-lucerne-2025,Dorinthea Ironsong,Warrior's Valor,2
82724311,battle-hardened-lucerne-2025,Dorinthea Ironsong,Warrior's Valor,3
28341586,battle-hardened-lucerne-2025,"Bravo, Showstopper",Anothos,1
28341586,battle-hardened-lucerne-2025,"Bravo, Showstopper",Buckle,3
28341586,battle-hardened-lucerne-2025,"Bravo, Showstopper",Buckling Blow,3
28341586,battle-hardened-lucerne-2025,"Bravo, Showstopper",Chokeslam,1
28341586,battle-hardened-lucerne-2025,"Bravo, Showstopper",Chokeslam,3
28341586,battle-hardened-lucerne-2025,"Bravo, Showstopper",Command and Conquer,3
28341586,battle-hardened-lucerne-2025,"Bravo, Showstopper",Cranial Crush,3
28341586,battle-hardened-lucerne-2025,"Bravo, Showstopper",Crippling Crush,3
28341586,battle-hardened-lucerne-2025,"Bravo, Showstopper",Crown of Providence,1
28341586,battle-hardened-lucerne-2025,"Bravo, Showstopper",Crush the Weak,3
28341586,battle-hardened-lucerne-2025,"Bravo, Showstopper",Disable,3
28341586,battle-hardened-lucerne-2025,"Bravo, Showstopper",Enlightened Strike,3
28341586,battle-hardened-lucerne-2025,"Bravo, Showstopper",Fate Foreseen,3
28341586,battle-hardened-lucerne-2025,"Bravo, Showstopper",Fiddler's Green,3
28341586,battle-hardened-lucerne-2025,"Bravo, Showstopper",Fyendal's Spring Tunic,1
28341586,battle-hardened-lucerne-2025,"Bravo, Showstopper",Gauntlets of Iron Will,1
28341586,battle-hardened-lucerne-2025,"Bravo, Showstopper",Macho Grande,3
28341586,battle-hardened-lucerne-2025,"Bravo, Showstopper",Nullrune Boots,1
28341586,battle-hardened-lucerne-2025,"Bravo, Showstopper",Nullrune Hood,1
28341586,battle-hardened-lucerne-2025,"Bravo, Showstopper",Oasis Respite,3
28341586,battle-hardened-lucerne-2025,"Bravo, Showstopper",Pummel,3
28341586,battle-hardened-lucerne-2025,"Bravo, Showstopper",Quickdodge Flexors,1
28341586,battle-hardened-lucerne-2025,"Bravo, Showstopper",Remembrance,1
28341586,battle-hardened-lucerne-2025,"Bravo, Showstopper",Rouse the Ancients,3
28341586,battle-hardened-lucerne-2025,"Bravo, Showstopper",Shelter from the Storm,3
28341586,battle-hardened-lucerne-2025,"Bravo, Showstopper",Show Time!,3
28341586,battle-hardened-lucerne-2025,"Bravo, Showstopper",Sink Below,3
28341586,battle-hardened-lucerne-2025,"Bravo, Showstopper",Snag,2
28341586,battle-hardened-lucerne-2025,"Bravo, Showstopper",Spinal Crush,3
28341586,battle-hardened-lucerne-2025,"Bravo, Showstopper",Star Struck,3
28341586,battle-hardened-lucerne-2025,"Bravo, Showstopper",Tear Asunder,3
28341586,battle-hardened-lucerne-2025,"Bravo, Showstopper",Thunder Quake,3
28341586,battle-hardened-lucerne-2025,"Bravo, Showstopper",Unmovable,3
41632944,battle-hardened-lucerne-2025,"Gravy Bones, Shipwrecked Looter",Amulet of Echoes,0
41632944,battle-hardened-lucerne-2025,"Gravy Bones, Shipwrecked Looter","Anka, Drag Under",2
41632944,battle-hardened-lucerne-2025,"Gravy Bones, Shipwrecked Looter",Arcane Compliance,0
41632944,battle-hardened-lucerne-2025,"Gravy Bones, Shipwrecked Looter",Avast Ye!,3
41632944,battle-hardened-lucerne-2025,"Gravy Bones, Shipwrecked Looter",Back Alley Breakline,1
41632944,battle-hardened-lucerne-2025,"Gravy Bones, Shipwrecked Looter",Balance of Justice,1
41632944,battle-hardened-lucerne-2025,"Gravy Bones, Shipwrecked Looter",Blanch,0
41632944,battle-hardened-lucerne-2025,"Gravy Bones, Shipwrecked Looter",Blood in the Water,2
41632944,battle-hardened-lucerne-2025,"Gravy Bones, Shipwrecked Looter",Call to the Grave,3
41632944,battle-hardened-lucerne-2025,"Gravy Bones, Shipwrecked Looter",Chart the High Seas,3
41632944,battle-hardened-lucerne-2025,"Gravy Bones, Shipwrecked Looter","Chum, Friendly First Mate",3
41632944,battle-hardened-lucerne-2025,"Gravy Bones, Shipwrecked Looter",Command and Conquer,0
41632944,battle-hardened-lucerne-2025,"Gravy Bones, Shipwrecked Looter",Compass of Sunken Depths,1
41632944,battle-hardened-lucerne-2025,"Gravy Bones, Shipwrecked Looter",Conqueror of the High Seas,3
41632944,battle-hardened-lucerne-2025,"Gravy Bones, Shipwrecked Looter",Crown of Dominion,1
41632944,battle-hardened-lucerne-2025,"Gravy Bones, Shipwrecked Looter",Crown of Providence,0
41632944,battle-hardened-lucerne-2025,"Gravy Bones, Shipwrecked Looter","Cutty Shark, Quick Clip",0
41632944,battle-hardened-lucerne-2025,"Gravy Bones, Shipwrecked Looter",Dead Threads,1
41632944,battle-hardened-lucerne-2025,"Gravy Bones, Shipwrecked Looter",Diamond Amulet,0
41632944,battle-hardened-lucerne-2025,"Gravy Bones, Shipwrecked Looter",Eye of Ophidia,1
41632944,battle-hardened-lucerne-2025,"Gravy Bones, Shipwrecked Looter",Fearless Confrontation,0
41632944,battle-hardened-lucerne-2025,"Gravy Bones, Shipwrecked Looter",Fiddler's Green,1
41632944,battle-hardened-lucerne-2025,"Gravy Bones, Shipwrecked Looter",Flying High,0
41632944,battle-hardened-lucerne-2025,"Gravy Bones, Shipwrecked Looter",Give No Quarter,0
41632944,battle-hardened-lucerne-2025,"Gravy Bones, Shipwrecked Looter",Gold-Baited Hook,1
41632944,battle-hardened-lucerne-2025,"Gravy Bones, Shipwrecked Looter",Golden Tipple,3
41632944,battle-hardened-lucerne-2025,"Gravy Bones, Shipwrecked Looter",Golden Tipple,3
41632944,battle-hardened-lucerne-2025,"Gravy Bones, Shipwrecked Looter",Golden Tipple,3
41632944,battle-hardened-lucerne-2025,"Gravy Bones, Shipwrecked Looter",HMS Barracuda,0
41632944,battle-hardened-lucerne-2025,"Gravy Bones, Shipwrecked Looter",Jittery Bones,2
41632944,battle-hardened-lucerne-2025,"Gravy Bones, Shipwrecked Looter","Limpit, Hop-a-long",2
41632944,battle-hardened-lucerne-2025,"Gravy Bones, Shipwrecked Looter",Loot the Hold,3
41632944,battle-hardened-lucerne-2025,"Gravy Bones, Shipwrecked Looter",Mage Master Boots,1
41632944,battle-hardened-lucerne-2025,"Gravy Bones, Shipwrecked Looter",Murderous Rabble,3
41632944,battle-hardened-lucerne-2025,"Gravy Bones, Shipwrecked Looter",Nullrune Boots,1
41632944,battle-hardened-lucerne-2025,"Gravy Bones, Shipwrecked Looter",Nullrune Gloves,0
41632944,battle-hardened-lucerne-2025,"Gravy Bones, Shipwrecked Looter",Nullrune Hood,1
41632944,battle-hardened-lucerne-2025,"Gravy Bones, Shipwrecked Looter",Nullrune Robe,0
41632944,battle-hardened-lucerne-2025,"Gravy Bones, Shipwrecked Looter","Oysten, Heart of Gold",1
41632944,battle-hardened-lucerne-2025,"Gravy Bones, Shipwrecked Looter",Pearl Amulet,1
41632944,battle-hardened-lucerne-2025,"Gravy Bones, Shipwrecked Looter",Portside Exchange,3
41632944,battle-hardened-lucerne-2025,"Gravy Bones, Shipwrecked Looter",Prismatic Leyline,2
41632944,battle-hardened-lucerne-2025,"Gravy Bones, Shipwrecked Looter",Quickdodge Flexors,1
41632944,battle-hardened-lucerne-2025,"Gravy Bones, Shipwrecked Looter",Restless Bones,0
41632944,battle-hardened-lucerne-2025,"Gravy Bones, Shipwrecked Looter",Riches of Trōpal-Dhani,0
41632944,battle-hardened-lucerne-2025,"Gravy Bones, Shipwrecked Looter",Riggermortis,3
41632944,battle-hardened-lucerne-2025,"Gravy Bones, Shipwrecked Looter",Saltwater Swell,3
41632944,battle-hardened-lucerne-2025,"Gravy Bones, Shipwrecked Looter",Saltwater Swell,3
41632944,battle-hardened-lucerne-2025,"Gravy Bones, Shipwrecked Looter","Sawbones, Dockhand",3
41632944,battle-hardened-lucerne-2025,"Gravy Bones, Shipwrecked Looter","Scooba, Salty Sea Dog",1
41632944,battle-hardened-lucerne-2025,"Gravy Bones, Shipwrecked Looter",Sea Legs,2
41632944,battle-hardened-lucerne-2025,"Gravy Bones, Shipwrecked Looter","Shelly, Hardened Traveler",0
41632944,battle-hardened-lucerne-2025,"Gravy Bones, Shipwrecked Looter",Sink Below,0
41632944,battle-hardened-lucerne-2025,"Gravy Bones, Shipwrecked Looter",Snag,1
41632944,battle-hardened-lucerne-2025,"Gravy Bones, Shipwrecked Looter",Sunken Treasure,3
41632944,battle-hardened-lucerne-2025,"Gravy Bones, Shipwrecked Looter",Swabbie,2
41632944,battle-hardened-lucerne-2025,"Gravy Bones, Shipwrecked Looter",Swiftwater Sloop,0
41632944,battle-hardened-lucerne-2025,"Gravy Bones, Shipwrecked Looter",Throw Caution to the Wind,0
41632944,battle-hardened-lucerne-2025,"Gravy Bones, Shipwrecked Looter",Tip the Barkeep,1
41632944,battle-hardened-lucerne-2025,"Gravy Bones, Shipwrecked Looter",Wailer Humperdinck,1
18135535,battle-hardened-lucerne-2025,"Ira, Scarlet Revenger",Ancestral Empowerment,0
18135535,battle-hardened-lucerne-2025,"Ira, Scarlet Revenger",Ancestral Harmony,0
18135535,battle-hardened-lucerne-2025,"Ira, Scarlet Revenger",Aspect of Tiger: Mind,1
18135535,battle-hardened-lucerne-2025,"Ira, Scarlet Revenger",Back Heel Kick,0
18135535,battle-hardened-lucerne-2025,"Ira, Scarlet Revenger",Biting Breeze,0
18135535,battle-hardened-lucerne-2025,"Ira, Scarlet Revenger",Bittering Thorns,3
18135535,battle-hardened-lucerne-2025,"Ira, Scarlet Revenger",Blazen Yoroi,0
18135535,battle-hardened-lucerne-2025,"Ira, Scarlet Revenger",Censor,3
18135535,battle-hardened-lucerne-2025,"Ira, Scarlet Revenger",Command and Conquer,3
18135535,battle-hardened-lucerne-2025,"Ira, Scarlet Revenger",Concealed Blade,0
18135535,battle-hardened-lucerne-2025,"Ira, Scarlet Revenger",Crane Dance,1
18135535,battle-hardened-lucerne-2025,"Ira, Scarlet Revenger",Cut Down to Size,0
18135535,battle-hardened-lucerne-2025,"Ira, Scarlet Revenger",Cut Through,2
18135535,battle-hardened-lucerne-2025,"Ira, Scarlet Revenger",Double Strike,0
18135535,battle-hardened-lucerne-2025,"Ira, Scarlet Revenger",Dual Threat,3
18135535,battle-hardened-lucerne-2025,"Ira, Scarlet Revenger",Edge of Autumn,0
18135535,battle-hardened-lucerne-2025,"Ira, Scarlet Revenger",Enact Vengeance,0
18135535,battle-hardened-lucerne-2025,"Ira, Scarlet Revenger",Enlightened Strike,3
18135535,battle-hardened-lucerne-2025,"Ira, Scarlet Revenger",Erase Face,3
18135535,battle-hardened-lucerne-2025,"Ira, Scarlet Revenger",Even Bigger Than That!,3
18135535,battle-hardened-lucerne-2025,"Ira, Scarlet Revenger",Fate Foreseen,0
18135535,battle-hardened-lucerne-2025,"Ira, Scarlet Revenger",Fiddler's Green,3
18135535,battle-hardened-lucerne-2025,"Ira, Scarlet Revenger",Find Center,0
18135535,battle-hardened-lucerne-2025,"Ira, Scarlet Revenger",Flex Claws,0
18135535,battle-hardened-lucerne-2025,"Ira, Scarlet Revenger",Flic Flak,3
18135535,battle-hardened-lucerne-2025,"Ira, Scarlet Revenger",Fyendal's Spring Tunic,1
18135535,battle-hardened-lucerne-2025,"Ira, Scarlet Revenger",Give and Take,0
18135535,battle-hardened-lucerne-2025,"Ira, Scarlet Revenger",Harmonized Kodachi,2
18135535,battle-hardened-lucerne-2025,"Ira, Scarlet Revenger",Humble,1
18135535,battle-hardened-lucerne-2025,"Ira, Scarlet Revenger",Iris of the Blossom,1
18135535,battle-hardened-lucerne-2025,"Ira, Scarlet Revenger",Knives Out,0
18135535,battle-hardened-lucerne-2025,"Ira, Scarlet Revenger",Legacy of Ikaru,3
18135535,battle-hardened-lucerne-2025,"Ira, Scarlet Revenger",Looking for a Scrap,2
18135535,battle-hardened-lucerne-2025,"Ira, Scarlet Revenger",Mask of Momentum,1
18135535,battle-hardened-lucerne-2025,"Ira, Scarlet Revenger",Mauling Qi,1
18135535,battle-hardened-lucerne-2025,"Ira, Scarlet Revenger",Nasty Surprise,0
18135535,battle-hardened-lucerne-2025,"Ira, Scarlet Revenger",Nip at the Heels,0
18135535,battle-hardened-lucerne-2025,"Ira, Scarlet Revenger",Nullrune Gloves,1
18135535,battle-hardened-lucerne-2025,"Ira, Scarlet Revenger",Nullrune Robe,0
18135535,battle-hardened-lucerne-2025,"Ira, Scarlet Revenger",Okana Scar Wraps,0
18135535,battle-hardened-lucerne-2025,"Ira, Scarlet Revenger",One-Two Punch,0
18135535,battle-hardened-lucerne-2025,"Ira, Scarlet Revenger",Pain in the Backside,3
18135535,battle-hardened-lucerne-2025,"Ira, Scarlet Revenger",Pouncing Paws,1
18135535,battle-hardened-lucerne-2025,"Ira, Scarlet Revenger",Pouncing Qi,3
18135535,battle-hardened-lucerne-2025,"Ira, Scarlet Revenger",Prismatic Leyline,0
18135535,battle-hardened-lucerne-2025,"Ira, Scarlet Revenger",Pummel,0
18135535,battle-hardened-lucerne-2025,"Ira, Scarlet Revenger",Pursuit of Knowledge,0
18135535,battle-hardened-lucerne-2025,"Ira, Scarlet Revenger",Razor Reflex,1
18135535,battle-hardened-lucerne-2025,"Ira, Scarlet Revenger",Recoil,1
18135535,battle-hardened-lucerne-2025,"Ira, Scarlet Revenger",Remembrance,0
18135535,battle-hardened-lucerne-2025,"Ira, Scarlet Revenger",Rising Knee Thrust,0
18135535,battle-hardened-lucerne-2025,"Ira, Scarlet Revenger",Robe of Autumn's Fall,0
18135535,battle-hardened-lucerne-2025,"Ira, Scarlet Revenger",Rotten Remains,0
18135535,battle-hardened-lucerne-2025,"Ira, Scarlet Revenger",Rowdy Locals,1
18135535,battle-hardened-lucerne-2025,"Ira, Scarlet Revenger",Rushing River,3
18135535,battle-hardened-lucerne-2025,"Ira, Scarlet Revenger",Salt the Wound,0
18135535,battle-hardened-lucerne-2025,"Ira, Scarlet Revenger",Scar for a Scar,1
18135535,battle-hardened-lucerne-2025,"Ira, Scarlet Revenger",Seek Vengeance,0
18135535,battle-hardened-lucerne-2025,"Ira, Scarlet Revenger",Shelter from the Storm,3
18135535,battle-hardened-lucerne-2025,"Ira, Scarlet Revenger",Sigil of Solace,0
18135535,battle-hardened-lucerne-2025,"Ira, Scarlet Revenger",Sink Below,3
18135535,battle-hardened-lucerne-2025,"Ira, Scarlet Revenger",Sirens of Safe Harbor,0
18135535,battle-hardened-lucerne-2025,"Ira, Scarlet Revenger",Snag,0
18135535,battle-hardened-lucerne-2025,"Ira, Scarlet Revenger",Snapdragon Scalers,0
18135535,battle-hardened-lucerne-2025,"Ira, Scarlet Revenger",Snatch,0
18135535,battle-hardened-lucerne-2025,"Ira, Scarlet Revenger",Soulbead Strike,0
18135535,battle-hardened-lucerne-2025,"Ira, Scarlet Revenger",Sound the Alarm,3
18135535,battle-hardened-lucerne-2025,"Ira, Scarlet Revenger",Stab Wound,0
18135535,battle-hardened-lucerne-2025,"Ira, Scarlet Revenger",Take the Tempo,0
18135535,battle-hardened-lucerne-2025,"Ira, Scarlet Revenger",The Weakest Link,2
18135535,battle-hardened-lucerne-2025,"Ira, Scarlet Revenger",Throw Dagger,0
18135535,battle-hardened-lucerne-2025,"Ira, Scarlet Revenger",Tide Flippers,1
18135535,battle-hardened-lucerne-2025,"Ira, Scarlet Revenger",Tiger Stripe Shuko,1
18135535,battle-hardened-lucerne-2025,"Ira, Scarlet Revenger",Torrent of Tempo,3
18135535,battle-hardened-lucerne-2025,"Ira, Scarlet Revenger",Vengeance Never Rests,0
18135535,battle-hardened-lucerne-2025,"Ira, Scarlet Revenger",Warmonger's Diplomacy,0
18135535,battle-hardened-lucerne-2025,"Ira, Scarlet Revenger",Wax On,0
18135535,battle-hardened-lucerne-2025,"Ira, Scarlet Revenger",Whelming Gustwave,3
18135535,battle-hardened-lucerne-2025,"Ira, Scarlet Revenger",Whirling Mist Blossom,3
56775619,battle-hardened-lucerne-2025,"Gravy Bones, Shipwrecked Looter",Amulet of Echoes,0
56775619,battle-hardened-lucerne-2025,"Gravy Bones, Shipwrecked Looter","Anka, Drag Under",2
56775619,battle-hardened-lucerne-2025,"Gravy Bones, Shipwrecked Looter",Arcane Compliance,0
56775619,battle-hardened-lucerne-2025,"Gravy Bones, Shipwrecked Looter",Avast Ye!,3
56775619,battle-hardened-lucerne-2025,"Gravy Bones, Shipwrecked Looter",Back Alley Breakline,1
56775619,battle-hardened-lucerne-2025,"Gravy Bones, Shipwrecked Looter",Balance of Justice,0
56775619,battle-hardened-lucerne-2025,"Gravy Bones, Shipwrecked Looter",Blanch,0
56775619,battle-hardened-lucerne-2025,"Gravy Bones, Shipwrecked Looter",Blood in the Water,3
56775619,battle-hardened-lucerne-2025,"Gravy Bones, Shipwrecked Looter",Call to the Grave,3
56775619,battle-hardened-lucerne-2025,"Gravy Bones, Shipwrecked Looter",Chart the High Seas,3
56775619,battle-hardened-lucerne-2025,"Gravy Bones, Shipwrecked Looter","Chum, Friendly First Mate",3
56775619,battle-hardened-lucerne-2025,"Gravy Bones, Shipwrecked Looter",Command and Conquer,2
56775619,battle-hardened-lucerne-2025,"Gravy Bones, Shipwrecked Looter",Compass of Sunken Depths,1
56775619,battle-hardened-lucerne-2025,"Gravy Bones, Shipwrecked Looter",Conqueror of the High Seas,3
56775619,battle-hardened-lucerne-2025,"Gravy Bones, Shipwrecked Looter",Crown of Dominion,1
56775619,battle-hardened-lucerne-2025,"Gravy Bones, Shipwrecked Looter",Crown of Providence,0
56775619,battle-hardened-lucerne-2025,"Gravy Bones, Shipwrecked Looter","Cutty Shark, Quick Clip",0
56775619,battle-hardened-lucerne-2025,"Gravy Bones, Shipwrecked Looter",Dead Threads,1
56775619,battle-hardened-lucerne-2025,"Gravy Bones, Shipwrecked Looter",Diamond Amulet,1
56775619,battle-hardened-lucerne-2025,"Gravy Bones, Shipwrecked Looter",Eye of Ophidia,0
56775619,battle-hardened-lucerne-2025,"Gravy Bones, Shipwrecked Looter",Fearless Confrontation,0
56775619,battle-hardened-lucerne-2025,"Gravy Bones, Shipwrecked Looter",Fiddler's Green,0
56775619,battle-hardened-lucerne-2025,"Gravy Bones, Shipwrecked Looter",Flying High,0
56775619,battle-hardened-lucerne-2025,"Gravy Bones, Shipwrecked Looter",Give No Quarter,2
56775619,battle-hardened-lucerne-2025,"Gravy Bones, Shipwrecked Looter",Gold-Baited Hook,1
56775619,battle-hardened-lucerne-2025,"Gravy Bones, Shipwrecked Looter",Golden Tipple,3
56775619,battle-hardened-lucerne-2025,"Gravy Bones, Shipwrecked Looter",Golden Tipple,3
56775619,battle-hardened-lucerne-2025,"Gravy Bones, Shipwrecked Looter",Golden Tipple,3
56775619,battle-hardened-lucerne-2025,"Gravy Bones, Shipwrecked Looter",HMS Barracuda,0
56775619,battle-hardened-lucerne-2025,"Gravy Bones, Shipwrecked Looter",Jittery Bones,0
56775619,battle-hardened-lucerne-2025,"Gravy Bones, Shipwrecked Looter","Limpit, Hop-a-long",2
56775619,battle-hardened-lucerne-2025,"Gravy Bones, Shipwrecked Looter",Loot the Hold,3
56775619,battle-hardened-lucerne-2025,"Gravy Bones, Shipwrecked Looter",Mage Master Boots,1
56775619,battle-hardened-lucerne-2025,"Gravy Bones, Shipwrecked Looter",Murderous Rabble,3
56775619,battle-hardened-lucerne-2025,"Gravy Bones, Shipwrecked Looter",Nullrune Boots,1
56775619,battle-hardened-lucerne-2025,"Gravy Bones, Shipwrecked Looter",Nullrune Gloves,1
56775619,battle-hardened-lucerne-2025,"Gravy Bones, Shipwrecked Looter",Nullrune Hood,1
56775619,battle-hardened-lucerne-2025,"Gravy Bones, Shipwrecked Looter",Nullrune Robe,0
56775619,battle-hardened-lucerne-2025,"Gravy Bones, Shipwrecked Looter","Oysten, Heart of Gold",1
56775619,battle-hardened-lucerne-2025,"Gravy Bones, Shipwrecked Looter",Pearl Amulet,0
56775619,battle-hardened-lucerne-2025,"Gravy Bones, Shipwrecked Looter",Portside Exchange,3
56775619,battle-hardened-lucerne-2025,"Gravy Bones, Shipwrecked Looter",Prismatic Leyline,0
56775619,battle-hardened-lucerne-2025,"Gravy Bones, Shipwrecked Looter",Quickdodge Flexors,0
56775619,battle-hardened-lucerne-2025,"Gravy Bones, Shipwrecked Looter",Restless Bones,0
56775619,battle-hardened-lucerne-2025,"Gravy Bones, Shipwrecked Looter",Riches of Trōpal-Dhani,0
56775619,battle-hardened-lucerne-2025,"Gravy Bones, Shipwrecked Looter",Riggermortis,3
56775619,battle-hardened-lucerne-2025,"Gravy Bones, Shipwrecked Looter",Saltwater Swell,3
56775619,battle-hardened-lucerne-2025,"Gravy Bones, Shipwrecked Looter",Saltwater Swell,3
56775619,battle-hardened-lucerne-2025,"Gravy Bones, Shipwrecked Looter","Sawbones, Dockhand",3
56775619,battle-hardened-lucerne-2025,"Gravy Bones, Shipwrecked Looter","Scooba, Salty Sea Dog",0
56775619,battle-hardened-lucerne-2025,"Gravy Bones, Shipwrecked Looter",Sea Legs,2
56775619,battle-hardened-lucerne-2025,"Gravy Bones, Shipwrecked Looter","Shelly, Hardened Traveler",0
56775619,battle-hardened-lucerne-2025,"Gravy Bones, Shipwrecked Looter",Sink Below,0
56775619,battle-hardened-lucerne-2025,"Gravy Bones, Shipwrecked Looter",Snag,0
56775619,battle-hardened-lucerne-2025,"Gravy Bones, Shipwrecked Looter",Sunken Treasure,3
56775619,battle-hardened-lucerne-2025,"Gravy Bones, Shipwrecked Looter",Swabbie,2
56775619,battle-hardened-lucerne-2025,"Gravy Bones, Shipwrecked Looter",Swiftwater Sloop,2
56775619,battle-hardened-lucerne-2025,"Gravy Bones, Shipwrecked Looter",Throw Caution to the Wind,0
56775619,battle-hardened-lucerne-2025,"Gravy Bones, Shipwrecked Looter",Tip the Barkeep,3
56775619,battle-hardened-lucerne-2025,"Gravy Bones, Shipwrecked Looter",Wailer Humperdinck,1
92393911,battle-hardened-lucerne-2025,"Florian, Rotwood Harbinger",Arcane Seeds||Life,3
92393911,battle-hardened-lucerne-2025,"Florian, Rotwood Harbinger",Autumn's Touch,3
92393911,battle-hardened-lucerne-2025,"Florian, Rotwood Harbinger",Barkskin of the Millennium Tree,1
92393911,battle-hardened-lucerne-2025,"Florian, Rotwood Harbinger",Blanch,0
92393911,battle-hardened-lucerne-2025,"Florian, Rotwood Harbinger",Bramble Spark,3
92393911,battle-hardened-lucerne-2025,"Florian, Rotwood Harbinger",Cadaverous Tilling,3
92393911,battle-hardened-lucerne-2025,"Florian, Rotwood Harbinger",Canopy Shelter,2
92393911,battle-hardened-lucerne-2025,"Florian, Rotwood Harbinger",Channel Mount Heroic,3
92393911,battle-hardened-lucerne-2025,"Florian, Rotwood Harbinger",Channel the Millennium Tree,0
92393911,battle-hardened-lucerne-2025,"Florian, Rotwood Harbinger",Command and Conquer,0
92393911,battle-hardened-lucerne-2025,"Florian, Rotwood Harbinger",Dread Scythe,0
92393911,battle-hardened-lucerne-2025,"Florian, Rotwood Harbinger",Dread Triptych,3
92393911,battle-hardened-lucerne-2025,"Florian, Rotwood Harbinger",Dyadic Carapace,1
92393911,battle-hardened-lucerne-2025,"Florian, Rotwood Harbinger",Enlightened Strike,0
92393911,battle-hardened-lucerne-2025,"Florian, Rotwood Harbinger",Erase Face,0
92393911,battle-hardened-lucerne-2025,"Florian, Rotwood Harbinger",Everbloom||Life,3
92393911,battle-hardened-lucerne-2025,"Florian, Rotwood Harbinger",Face Purgatory,1
92393911,battle-hardened-lucerne-2025,"Florian, Rotwood Harbinger",Felling of the Crown,3
92393911,battle-hardened-lucerne-2025,"Florian, Rotwood Harbinger",Flourish,3
92393911,battle-hardened-lucerne-2025,"Florian, Rotwood Harbinger",Fruits of the Forest,3
92393911,battle-hardened-lucerne-2025,"Florian, Rotwood Harbinger",Fyendal's Spring Tunic,0
92393911,battle-hardened-lucerne-2025,"Florian, Rotwood Harbinger",Grasp of the Arknight,1
92393911,battle-hardened-lucerne-2025,"Florian, Rotwood Harbinger",Gravekeeping,0
92393911,battle-hardened-lucerne-2025,"Florian, Rotwood Harbinger",Haunting Rendition,0
92393911,battle-hardened-lucerne-2025,"Florian, Rotwood Harbinger",Malefic Incantation,3
92393911,battle-hardened-lucerne-2025,"Florian, Rotwood Harbinger",Midas Touch,0
92393911,battle-hardened-lucerne-2025,"Florian, Rotwood Harbinger",Ninth Blade of the Blood Oath,0
92393911,battle-hardened-lucerne-2025,"Florian, Rotwood Harbinger",Nullrune Boots,1
92393911,battle-hardened-lucerne-2025,"Florian, Rotwood Harbinger",Oath of the Arknight,3
92393911,battle-hardened-lucerne-2025,"Florian, Rotwood Harbinger",Plow Under,3
92393911,battle-hardened-lucerne-2025,"Florian, Rotwood Harbinger",Plume of Evergrowth,1
92393911,battle-hardened-lucerne-2025,"Florian, Rotwood Harbinger",Reaping Blade,1
92393911,battle-hardened-lucerne-2025,"Florian, Rotwood Harbinger",Remembrance,1
92393911,battle-hardened-lucerne-2025,"Florian, Rotwood Harbinger",Ripple Away,0
92393911,battle-hardened-lucerne-2025,"Florian, Rotwood Harbinger",Rootbound Carapace,3
92393911,battle-hardened-lucerne-2025,"Florian, Rotwood Harbinger",Rootbound Carapace,3
92393911,battle-hardened-lucerne-2025,"Florian, Rotwood Harbinger",Runerager Swarm,3
92393911,battle-hardened-lucerne-2025,"Florian, Rotwood Harbinger",Runic Reclamation,3
92393911,battle-hardened-lucerne-2025,"Florian, Rotwood Harbinger",Seeds of Tomorrow,2
92393911,battle-hardened-lucerne-2025,"Florian, Rotwood Harbinger",Shelter from the Storm,3
92393911,battle-hardened-lucerne-2025,"Florian, Rotwood Harbinger",Sink Below,0
92393911,battle-hardened-lucerne-2025,"Florian, Rotwood Harbinger",Snag,0
92393911,battle-hardened-lucerne-2025,"Florian, Rotwood Harbinger",Snapdragon Scalers,0
92393911,battle-hardened-lucerne-2025,"Florian, Rotwood Harbinger",Snuff Out,3
92393911,battle-hardened-lucerne-2025,"Florian, Rotwood Harbinger",Sow Tomorrow,1
92393911,battle-hardened-lucerne-2025,"Florian, Rotwood Harbinger",Succumb to Temptation,3
92393911,battle-hardened-lucerne-2025,"Florian, Rotwood Harbinger",Summer's Fall,3
92393911,battle-hardened-lucerne-2025,"Florian, Rotwood Harbinger",Swarming Gloomveil,3
92393911,battle-hardened-lucerne-2025,"Florian, Rotwood Harbinger",Tome of Harvests,0
92393911,battle-hardened-lucerne-2025,"Florian, Rotwood Harbinger",Trot Along,0
92393911,battle-hardened-lucerne-2025,"Florian, Rotwood Harbinger",Truce,0
92393911,battle-hardened-lucerne-2025,"Florian, Rotwood Harbinger",Warmonger's Diplomacy,0
92393911,battle-hardened-lucerne-2025,"Florian, Rotwood Harbinger",Well Grounded,1
12916912,battle-hardened-lucerne-2025,"Arakni, 5L!p3d 7hRu 7h3 cR4X",Art of Desire: Body,3
12916912,battle-hardened-lucerne-2025,"Arakni, 5L!p3d 7hRu 7h3 cR4X",Art of Desire: Mind,3
12916912,battle-hardened-lucerne-2025,"Arakni, 5L!p3d 7hRu 7h3 cR4X",Balance of Justice,0
12916912,battle-hardened-lucerne-2025,"Arakni, 5L!p3d 7hRu 7h3 cR4X",Blacktek Whisperers,1
12916912,battle-hardened-lucerne-2025,"Arakni, 5L!p3d 7hRu 7h3 cR4X",Blanch,1
12916912,battle-hardened-lucerne-2025,"Arakni, 5L!p3d 7hRu 7h3 cR4X",Bonds of Agony,3
12916912,battle-hardened-lucerne-2025,"Arakni, 5L!p3d 7hRu 7h3 cR4X",Bonds of Attraction,1
12916912,battle-hardened-lucerne-2025,"Arakni, 5L!p3d 7hRu 7h3 cR4X",Bonds of Attraction,3
12916912,battle-hardened-lucerne-2025,"Arakni, 5L!p3d 7hRu 7h3 cR4X",Censor,2
12916912,battle-hardened-lucerne-2025,"Arakni, 5L!p3d 7hRu 7h3 cR4X",Codex of Bloodrot,0
12916912,battle-hardened-lucerne-2025,"Arakni, 5L!p3d 7hRu 7h3 cR4X",Codex of Frailty,3
12916912,battle-hardened-lucerne-2025,"Arakni, 5L!p3d 7hRu 7h3 cR4X",Command and Conquer,3
12916912,battle-hardened-lucerne-2025,"Arakni, 5L!p3d 7hRu 7h3 cR4X",Concealed Blade,0
12916912,battle-hardened-lucerne-2025,"Arakni, 5L!p3d 7hRu 7h3 cR4X",Crown of Providence,0
12916912,battle-hardened-lucerne-2025,"Arakni, 5L!p3d 7hRu 7h3 cR4X",Double Trouble,0
12916912,battle-hardened-lucerne-2025,"Arakni, 5L!p3d 7hRu 7h3 cR4X",Enlightened Strike,0
12916912,battle-hardened-lucerne-2025,"Arakni, 5L!p3d 7hRu 7h3 cR4X",Eradicate,3
12916912,battle-hardened-lucerne-2025,"Arakni, 5L!p3d 7hRu 7h3 cR4X",Erase Face,2
12916912,battle-hardened-lucerne-2025,"Arakni, 5L!p3d 7hRu 7h3 cR4X",Fate Foreseen,0
12916912,battle-hardened-lucerne-2025,"Arakni, 5L!p3d 7hRu 7h3 cR4X",Flick Knives,1
12916912,battle-hardened-lucerne-2025,"Arakni, 5L!p3d 7hRu 7h3 cR4X",Fyendal's Spring Tunic,1
12916912,battle-hardened-lucerne-2025,"Arakni, 5L!p3d 7hRu 7h3 cR4X",Hunter's Klaive,2
12916912,battle-hardened-lucerne-2025,"Arakni, 5L!p3d 7hRu 7h3 cR4X",Hurl,0
12916912,battle-hardened-lucerne-2025,"Arakni, 5L!p3d 7hRu 7h3 cR4X",Infect,0
12916912,battle-hardened-lucerne-2025,"Arakni, 5L!p3d 7hRu 7h3 cR4X",Infiltrate,2
12916912,battle-hardened-lucerne-2025,"Arakni, 5L!p3d 7hRu 7h3 cR4X",Just a Nick,3
12916912,battle-hardened-lucerne-2025,"Arakni, 5L!p3d 7hRu 7h3 cR4X",Kiss of Death,0
12916912,battle-hardened-lucerne-2025,"Arakni, 5L!p3d 7hRu 7h3 cR4X",Leave No Witnesses,3
12916912,battle-hardened-lucerne-2025,"Arakni, 5L!p3d 7hRu 7h3 cR4X",Mark of the Black Widow,1
12916912,battle-hardened-lucerne-2025,"Arakni, 5L!p3d 7hRu 7h3 cR4X",Mark of the Black Widow,2
12916912,battle-hardened-lucerne-2025,"Arakni, 5L!p3d 7hRu 7h3 cR4X",Mark of the Huntsman,0
12916912,battle-hardened-lucerne-2025,"Arakni, 5L!p3d 7hRu 7h3 cR4X",Mask of Deceit,0
12916912,battle-hardened-lucerne-2025,"Arakni, 5L!p3d 7hRu 7h3 cR4X",Mask of Perdition,1
12916912,battle-hardened-lucerne-2025,"Arakni, 5L!p3d 7hRu 7h3 cR4X",Oasis Respite,1
12916912,battle-hardened-lucerne-2025,"Arakni, 5L!p3d 7hRu 7h3 cR4X",Orb-Weaver Spinneret,3
12916912,battle-hardened-lucerne-2025,"Arakni, 5L!p3d 7hRu 7h3 cR4X",Pain in the Backside,0
12916912,battle-hardened-lucerne-2025,"Arakni, 5L!p3d 7hRu 7h3 cR4X",Perforate,2
12916912,battle-hardened-lucerne-2025,"Arakni, 5L!p3d 7hRu 7h3 cR4X",Persuasive Prognosis,3
12916912,battle-hardened-lucerne-2025,"Arakni, 5L!p3d 7hRu 7h3 cR4X",Pick Up the Point,0
12916912,battle-hardened-lucerne-2025,"Arakni, 5L!p3d 7hRu 7h3 cR4X",Plague Hive,1
12916912,battle-hardened-lucerne-2025,"Arakni, 5L!p3d 7hRu 7h3 cR4X",Prismatic Leyline,3
12916912,battle-hardened-lucerne-2025,"Arakni, 5L!p3d 7hRu 7h3 cR4X",Razor's Edge,0
12916912,battle-hardened-lucerne-2025,"Arakni, 5L!p3d 7hRu 7h3 cR4X",Redback Shroud,0
12916912,battle-hardened-lucerne-2025,"Arakni, 5L!p3d 7hRu 7h3 cR4X",Savor Bloodshed,0
12916912,battle-hardened-lucerne-2025,"Arakni, 5L!p3d 7hRu 7h3 cR4X",Schism of Chaos,0
12916912,battle-hardened-lucerne-2025,"Arakni, 5L!p3d 7hRu 7h3 cR4X",Shelter from the Storm,3
12916912,battle-hardened-lucerne-2025,"Arakni, 5L!p3d 7hRu 7h3 cR4X",Shred,1
12916912,battle-hardened-lucerne-2025,"Arakni, 5L!p3d 7hRu 7h3 cR4X",Shred,2
12916912,battle-hardened-lucerne-2025,"Arakni, 5L!p3d 7hRu 7h3 cR4X",Sink Below,3
12916912,battle-hardened-lucerne-2025,"Arakni, 5L!p3d 7hRu 7h3 cR4X",Sirens of Safe Harbor,0
12916912,battle-hardened-lucerne-2025,"Arakni, 5L!p3d 7hRu 7h3 cR4X",Snag,2
12916912,battle-hardened-lucerne-2025,"Arakni, 5L!p3d 7hRu 7h3 cR4X",Snapdragon Scalers,0
12916912,battle-hardened-lucerne-2025,"Arakni, 5L!p3d 7hRu 7h3 cR4X",Spike with Bloodrot,0
12916912,battle-hardened-lucerne-2025,"Arakni, 5L!p3d 7hRu 7h3 cR4X",Spreading Plague,0
12916912,battle-hardened-lucerne-2025,"Arakni, 5L!p3d 7hRu 7h3 cR4X",Surgical Extraction,3
12916912,battle-hardened-lucerne-2025,"Arakni, 5L!p3d 7hRu 7h3 cR4X",Take Up the Mantle,3
12916912,battle-hardened-lucerne-2025,"Arakni, 5L!p3d 7hRu 7h3 cR4X",Tarantula Toxin,2
12916912,battle-hardened-lucerne-2025,"Arakni, 5L!p3d 7hRu 7h3 cR4X",Undercover Acquisition,1
12916912,battle-hardened-lucerne-2025,"Arakni, 5L!p3d 7hRu 7h3 cR4X",Widow Back Abdomen,1
12916912,battle-hardened-lucerne-2025,"Arakni, 5L!p3d 7hRu 7h3 cR4X",Widow Claw Tarsus,0
12916912,battle-hardened-lucerne-2025,"Arakni, 5L!p3d 7hRu 7h3 cR4X",Widow Veil Respirator,1
12916912,battle-hardened-lucerne-2025,"Arakni, 5L!p3d 7hRu 7h3 cR4X",Widow Web Crawler,1
55742422,battle-hardened-lucerne-2025,"Gravy Bones, Shipwrecked Looter",Amulet of Echoes,0
55742422,battle-hardened-lucerne-2025,"Gravy Bones, Shipwrecked Looter","Anka, Drag Under",1
55742422,battle-hardened-lucerne-2025,"Gravy Bones, Shipwrecked Looter",Arcane Compliance,0
55742422,battle-hardened-lucerne-2025,"Gravy Bones, Shipwrecked Looter",Avast Ye!,3
55742422,battle-hardened-lucerne-2025,"Gravy Bones, Shipwrecked Looter",Back Alley Breakline,1
55742422,battle-hardened-lucerne-2025,"Gravy Bones, Shipwrecked Looter",Balance of Justice,0
55742422,battle-hardened-lucerne-2025,"Gravy Bones, Shipwrecked Looter",Blanch,0
55742422,battle-hardened-lucerne-2025,"Gravy Bones, Shipwrecked Looter",Blood in the Water,3
55742422,battle-hardened-lucerne-2025,"Gravy Bones, Shipwrecked Looter",Call to the Grave,3
55742422,battle-hardened-lucerne-2025,"Gravy Bones, Shipwrecked Looter",Chart the High Seas,3
55742422,battle-hardened-lucerne-2025,"Gravy Bones, Shipwrecked Looter","Chum, Friendly First Mate",3
55742422,battle-hardened-lucerne-2025,"Gravy Bones, Shipwrecked Looter",Command and Conquer,0
55742422,battle-hardened-lucerne-2025,"Gravy Bones, Shipwrecked Looter",Compass of Sunken Depths,1
55742422,battle-hardened-lucerne-2025,"Gravy Bones, Shipwrecked Looter",Conqueror of the High Seas,3
55742422,battle-hardened-lucerne-2025,"Gravy Bones, Shipwrecked Looter",Crown of Dominion,1
55742422,battle-hardened-lucerne-2025,"Gravy Bones, Shipwrecked Looter",Crown of Providence,0
55742422,battle-hardened-lucerne-2025,"Gravy Bones, Shipwrecked Looter","Cutty Shark, Quick Clip",0
55742422,battle-hardened-lucerne-2025,"Gravy Bones, Shipwrecked Looter",Dead Threads,1
55742422,battle-hardened-lucerne-2025,"Gravy Bones, Shipwrecked Looter",Diamond Amulet,1
55742422,battle-hardened-lucerne-2025,"Gravy Bones, Shipwrecked Looter",Eye of Ophidia,0
55742422,battle-hardened-lucerne-2025,"Gravy Bones, Shipwrecked Looter",Fearless Confrontation,0
55742422,battle-hardened-lucerne-2025,"Gravy Bones, Shipwrecked Looter",Fiddler's Green,0
55742422,battle-hardened-lucerne-2025,"Gravy Bones, Shipwrecked Looter",Flying High,1
55742422,battle-hardened-lucerne-2025,"Gravy Bones, Shipwrecked Looter",Give No Quarter,1
55742422,battle-hardened-lucerne-2025,"Gravy Bones, Shipwrecked Looter",Gold-Baited Hook,1
55742422,battle-hardened-lucerne-2025,"Gravy Bones, Shipwrecked Looter",Golden Tipple,3
55742422,battle-hardened-lucerne-2025,"Gravy Bones, Shipwrecked Looter",Golden Tipple,3
55742422,battle-hardened-lucerne-2025,"Gravy Bones, Shipwrecked Looter",Golden Tipple,3
55742422,battle-hardened-lucerne-2025,"Gravy Bones, Shipwrecked Looter",HMS Barracuda,2
55742422,battle-hardened-lucerne-2025,"Gravy Bones, Shipwrecked Looter",Jittery Bones,0
55742422,battle-hardened-lucerne-2025,"Gravy Bones, Shipwrecked Looter","Limpit, Hop-a-long",2
55742422,battle-hardened-lucerne-2025,"Gravy Bones, Shipwrecked Looter",Loot the Hold,2
55742422,battle-hardened-lucerne-2025,"Gravy Bones, Shipwrecked Looter",Mage Master Boots,1
55742422,battle-hardened-lucerne-2025,"Gravy Bones, Shipwrecked Looter",Murderous Rabble,3
55742422,battle-hardened-lucerne-2025,"Gravy Bones, Shipwrecked Looter",Nullrune Boots,1
55742422,battle-hardened-lucerne-2025,"Gravy Bones, Shipwrecked Looter",Nullrune Gloves,0
55742422,battle-hardened-lucerne-2025,"Gravy Bones, Shipwrecked Looter",Nullrune Hood,0
55742422,battle-hardened-lucerne-2025,"Gravy Bones, Shipwrecked Looter",Nullrune Robe,0
55742422,battle-hardened-lucerne-2025,"Gravy Bones, Shipwrecked Looter","Oysten, Heart of Gold",1
55742422,battle-hardened-lucerne-2025,"Gravy Bones, Shipwrecked Looter",Pearl Amulet,0
55742422,battle-hardened-lucerne-2025,"Gravy Bones, Shipwrecked Looter",Portside Exchange,3
55742422,battle-hardened-lucerne-2025,"Gravy Bones, Shipwrecked Looter",Prismatic Leyline,0
55742422,battle-hardened-lucerne-2025,"Gravy Bones, Shipwrecked Looter",Quickdodge Flexors,0
55742422,battle-hardened-lucerne-2025,"Gravy Bones, Shipwrecked Looter",Restless Bones,0
55742422,battle-hardened-lucerne-2025,"Gravy Bones, Shipwrecked Looter",Riches of Trōpal-Dhani,0
55742422,battle-hardened-lucerne-2025,"Gravy Bones, Shipwrecked Looter",Riggermortis,3
55742422,battle-hardened-lucerne-2025,"Gravy Bones, Shipwrecked Looter",Saltwater Swell,3
55742422,battle-hardened-lucerne-2025,"Gravy Bones, Shipwrecked Looter",Saltwater Swell,3
55742422,battle-hardened-lucerne-2025,"Gravy Bones, Shipwrecked Looter","Sawbones, Dockhand",3
55742422,battle-hardened-lucerne-2025,"Gravy Bones, Shipwrecked Looter","Scooba, Salty Sea Dog",0
55742422,battle-hardened-lucerne-2025,"Gravy Bones, Shipwrecked Looter",Sea Legs,2
55742422,battle-hardened-lucerne-2025,"Gravy Bones, Shipwrecked Looter","Shelly, Hardened Traveler",3
55742422,battle-hardened-lucerne-2025,"Gravy Bones, Shipwrecked Looter",Sink Below,0
55742422,battle-hardened-lucerne-2025,"Gravy Bones, Shipwrecked Looter",Snag,1
55742422,battle-hardened-lucerne-2025,"Gravy Bones, Shipwrecked Looter",Sunken Treasure,3
55742422,battle-hardened-lucerne-2025,"Gravy Bones, Shipwrecked Looter",Swabbie,2
55742422,battle-hardened-lucerne-2025,"Gravy Bones, Shipwrecked Looter",Swiftwater Sloop,2
55742422,battle-hardened-lucerne-2025,"Gravy Bones, Shipwrecked Looter",Throw Caution to the Wind,0
55742422,battle-hardened-lucerne-2025,"Gravy Bones, Shipwrecked Looter",Tip the Barkeep,3
55742422,battle-hardened-lucerne-2025,"Gravy Bones, Shipwrecked Looter",Wailer Humperdinck,1
79251948,battle-hardened-lucerne-2025,"Katsu, the Wanderer",Ancestral Empowerment,3
79251948,battle-hardened-lucerne-2025,"Katsu, the Wanderer",Ancestral Harmony,3
79251948,battle-hardened-lucerne-2025,"Katsu, the Wanderer",Be Like Water,3
79251948,battle-hardened-lucerne-2025,"Katsu, the Wanderer",Blanch,3
79251948,battle-hardened-lucerne-2025,"Katsu, the Wanderer",Bonds of Ancestry,3
79251948,battle-hardened-lucerne-2025,"Katsu, the Wanderer",Breeze Rider Boots,1
79251948,battle-hardened-lucerne-2025,"Katsu, the Wanderer",Command and Conquer,3
79251948,battle-hardened-lucerne-2025,"Katsu, the Wanderer",Descendent Gustwave,3
79251948,battle-hardened-lucerne-2025,"Katsu, the Wanderer",Descendent Gustwave,3
79251948,battle-hardened-lucerne-2025,"Katsu, the Wanderer",Dishonor,3
79251948,battle-hardened-lucerne-2025,"Katsu, the Wanderer",Edge of Autumn,1
79251948,battle-hardened-lucerne-2025,"Katsu, the Wanderer",Enact Vengeance,3
79251948,battle-hardened-lucerne-2025,"Katsu, the Wanderer",Flic Flak,3
79251948,battle-hardened-lucerne-2025,"Katsu, the Wanderer",Fluster Fist,3
79251948,battle-hardened-lucerne-2025,"Katsu, the Wanderer",Fluster Fist,2
79251948,battle-hardened-lucerne-2025,"Katsu, the Wanderer",Gustwave of the Second Wind,3
79251948,battle-hardened-lucerne-2025,"Katsu, the Wanderer",Heartened Cross Strap,1
79251948,battle-hardened-lucerne-2025,"Katsu, the Wanderer",Hundred Winds,3
79251948,battle-hardened-lucerne-2025,"Katsu, the Wanderer",Legacy of Ikaru,3
79251948,battle-hardened-lucerne-2025,"Katsu, the Wanderer",Mask of Momentum,1
79251948,battle-hardened-lucerne-2025,"Katsu, the Wanderer",Mask of the Pouncing Lynx,1
79251948,battle-hardened-lucerne-2025,"Katsu, the Wanderer",Okana Scar Wraps,1
79251948,battle-hardened-lucerne-2025,"Katsu, the Wanderer",Retrace the Past,3
79251948,battle-hardened-lucerne-2025,"Katsu, the Wanderer",Seek Vengeance,3
79251948,battle-hardened-lucerne-2025,"Katsu, the Wanderer",Seek Vengeance,3
79251948,battle-hardened-lucerne-2025,"Katsu, the Wanderer",Shelter from the Storm,3
79251948,battle-hardened-lucerne-2025,"Katsu, the Wanderer",Surging Strike,3
79251948,battle-hardened-lucerne-2025,"Katsu, the Wanderer",Surging Strike,3
79251948,battle-hardened-lucerne-2025,"Katsu, the Wanderer",Tenacity,1
79251948,battle-hardened-lucerne-2025,"Katsu, the Wanderer",Tide Flippers,1
79251948,battle-hardened-lucerne-2025,"Katsu, the Wanderer",Vengeance Never Rests,1
79251948,battle-hardened-lucerne-2025,"Katsu, the Wanderer",Whelming Gustwave,3
79251948,battle-hardened-lucerne-2025,"Katsu, the Wanderer",Whelming Gustwave,3
49363777,battle-hardened-lucerne-2025,"Florian, Rotwood Harbinger",Arcane Seeds||Life,3
49363777,battle-hardened-lucerne-2025,"Florian, Rotwood Harbinger",Autumn's Touch,3
49363777,battle-hardened-lucerne-2025,"Florian, Rotwood Harbinger",Barkskin of the Millennium Tree,1
49363777,battle-hardened-lucerne-2025,"Florian, Rotwood Harbinger",Blanch,0
49363777,battle-hardened-lucerne-2025,"Florian, Rotwood Harbinger",Bramble Spark,0
49363777,battle-hardened-lucerne-2025,"Florian, Rotwood Harbinger",Cadaverous Tilling,2
49363777,battle-hardened-lucerne-2025,"Florian, Rotwood Harbinger",Cadaverous Tilling,3
49363777,battle-hardened-lucerne-2025,"Florian, Rotwood Harbinger",Canopy Shelter,2
49363777,battle-hardened-lucerne-2025,"Florian, Rotwood Harbinger",Channel Mount Heroic,3
49363777,battle-hardened-lucerne-2025,"Florian, Rotwood Harbinger",Channel the Millennium Tree,3
49363777,battle-hardened-lucerne-2025,"Florian, Rotwood Harbinger",Command and Conquer,3
49363777,battle-hardened-lucerne-2025,"Florian, Rotwood Harbinger",Dread Scythe,1
49363777,battle-hardened-lucerne-2025,"Florian, Rotwood Harbinger",Dread Triptych,0
49363777,battle-hardened-lucerne-2025,"Florian, Rotwood Harbinger",Dyadic Carapace,1
49363777,battle-hardened-lucerne-2025,"Florian, Rotwood Harbinger",Enlightened Strike,3
49363777,battle-hardened-lucerne-2025,"Florian, Rotwood Harbinger",Erase Face,0
49363777,battle-hardened-lucerne-2025,"Florian, Rotwood Harbinger",Everbloom||Life,3
49363777,battle-hardened-lucerne-2025,"Florian, Rotwood Harbinger",Face Purgatory,1
49363777,battle-hardened-lucerne-2025,"Florian, Rotwood Harbinger",Felling of the Crown,3
49363777,battle-hardened-lucerne-2025,"Florian, Rotwood Harbinger",Flourish,2
49363777,battle-hardened-lucerne-2025,"Florian, Rotwood Harbinger",Fruits of the Forest,3
49363777,battle-hardened-lucerne-2025,"Florian, Rotwood Harbinger",Fyendal's Spring Tunic,0
49363777,battle-hardened-lucerne-2025,"Florian, Rotwood Harbinger",Grasp of the Arknight,1
49363777,battle-hardened-lucerne-2025,"Florian, Rotwood Harbinger",Gravekeeping,2
49363777,battle-hardened-lucerne-2025,"Florian, Rotwood Harbinger",Haunting Rendition,2
49363777,battle-hardened-lucerne-2025,"Florian, Rotwood Harbinger",Malefic Incantation,0
49363777,battle-hardened-lucerne-2025,"Florian, Rotwood Harbinger",Midas Touch,0
49363777,battle-hardened-lucerne-2025,"Florian, Rotwood Harbinger",Ninth Blade of the Blood Oath,0
49363777,battle-hardened-lucerne-2025,"Florian, Rotwood Harbinger",Nullrune Boots,1
49363777,battle-hardened-lucerne-2025,"Florian, Rotwood Harbinger",Oath of the Arknight,0
49363777,battle-hardened-lucerne-2025,"Florian, Rotwood Harbinger",Plow Under,3
49363777,battle-hardened-lucerne-2025,"Florian, Rotwood Harbinger",Plume of Evergrowth,1
49363777,battle-hardened-lucerne-2025,"Florian, Rotwood Harbinger",Reaping Blade,1
49363777,battle-hardened-lucerne-2025,"Florian, Rotwood Harbinger",Remembrance,0
49363777,battle-hardened-lucerne-2025,"Florian, Rotwood Harbinger",Ripple Away,0
49363777,battle-hardened-lucerne-2025,"Florian, Rotwood Harbinger",Rootbound Carapace,3
49363777,battle-hardened-lucerne-2025,"Florian, Rotwood Harbinger",Rootbound Carapace,3
49363777,battle-hardened-lucerne-2025,"Florian, Rotwood Harbinger",Runerager Swarm,3
49363777,battle-hardened-lucerne-2025,"Florian, Rotwood Harbinger",Runic Reclamation,2
49363777,battle-hardened-lucerne-2025,"Florian, Rotwood Harbinger",Seeds of Tomorrow,1
49363777,battle-hardened-lucerne-2025,"Florian, Rotwood Harbinger",Shelter from the Storm,3
49363777,battle-hardened-lucerne-2025,"Florian, Rotwood Harbinger",Sink Below,0
49363777,battle-hardened-lucerne-2025,"Florian, Rotwood Harbinger",Snag,0
49363777,battle-hardened-lucerne-2025,"Florian, Rotwood Harbinger",Snapdragon Scalers,0
49363777,battle-hardened-lucerne-2025,"Florian, Rotwood Harbinger",Snuff Out,0
49363777,battle-hardened-lucerne-2025,"Florian, Rotwood Harbinger",Sow Tomorrow,1
49363777,battle-hardened-lucerne-2025,"Florian, Rotwood Harbinger",Succumb to Temptation,0
49363777,battle-hardened-lucerne-2025,"Florian, Rotwood Harbinger",Summer's Fall,3
49363777,battle-hardened-lucerne-2025,"Florian, Rotwood Harbinger",Swarming Gloomveil,3
49363777,battle-hardened-lucerne-2025,"Florian, Rotwood Harbinger",Tome of Harvests,0
49363777,battle-hardened-lucerne-2025,"Florian, Rotwood Harbinger",Trot Along,3
49363777,battle-hardened-lucerne-2025,"Florian, Rotwood Harbinger",Truce,3
49363777,battle-hardened-lucerne-2025,"Florian, Rotwood Harbinger",Warmonger's Diplomacy,0
49363777,battle-hardened-lucerne-2025,"Florian, Rotwood Harbinger",Well Grounded,1
27315962,battle-hardened-lucerne-2025,Dash I/O,Achilles Accelerator,1
27315962,battle-hardened-lucerne-2025,Dash I/O,Adaptive Plating,1
27315962,battle-hardened-lucerne-2025,Dash I/O,Backup Protocol: BLU,0
27315962,battle-hardened-lucerne-2025,Dash I/O,Backup Protocol: RED,3
27315962,battle-hardened-lucerne-2025,Dash I/O,Bios Update,2
27315962,battle-hardened-lucerne-2025,Dash I/O,Boom Grenade,3
27315962,battle-hardened-lucerne-2025,Dash I/O,Boom Grenade,3
27315962,battle-hardened-lucerne-2025,Dash I/O,Bracers of Belief,0
27315962,battle-hardened-lucerne-2025,Dash I/O,Cerebellum Processor,3
27315962,battle-hardened-lucerne-2025,Dash I/O,Cog in the Machine,0
27315962,battle-hardened-lucerne-2025,Dash I/O,Cogwerx Tinker Rings,1
27315962,battle-hardened-lucerne-2025,Dash I/O,Convection Amplifier,0
27315962,battle-hardened-lucerne-2025,Dash I/O,Crown of Providence,1
27315962,battle-hardened-lucerne-2025,Dash I/O,Data Link,0
27315962,battle-hardened-lucerne-2025,Dash I/O,Dissolution Sphere,0
27315962,battle-hardened-lucerne-2025,Dash I/O,Dissolving Shield,0
27315962,battle-hardened-lucerne-2025,Dash I/O,Expedite,2
27315962,battle-hardened-lucerne-2025,Dash I/O,Expedite,2
27315962,battle-hardened-lucerne-2025,Dash I/O,Fast and Furious,3
27315962,battle-hardened-lucerne-2025,Dash I/O,Fender Bender,0
27315962,battle-hardened-lucerne-2025,Dash I/O,Goliath Gauntlet,0
27315962,battle-hardened-lucerne-2025,Dash I/O,Hanabi Blaster,0
27315962,battle-hardened-lucerne-2025,Dash I/O,Heavy Industry Gear Shift,0
27315962,battle-hardened-lucerne-2025,Dash I/O,Heavy Industry Power Plant,0
27315962,battle-hardened-lucerne-2025,Dash I/O,Heist,3
27315962,battle-hardened-lucerne-2025,Dash I/O,Maximum Velocity,3
27315962,battle-hardened-lucerne-2025,Dash I/O,MetEx,0
27315962,battle-hardened-lucerne-2025,Dash I/O,Misfire Dampener,1
27315962,battle-hardened-lucerne-2025,Dash I/O,Null Time Zone,2
27315962,battle-hardened-lucerne-2025,Dash I/O,Out Pace,3
27315962,battle-hardened-lucerne-2025,Dash I/O,Payload,0
27315962,battle-hardened-lucerne-2025,Dash I/O,Penetration Script,0
27315962,battle-hardened-lucerne-2025,Dash I/O,Pulsewave Harpoon,3
27315962,battle-hardened-lucerne-2025,Dash I/O,Signal Jammer,0
27315962,battle-hardened-lucerne-2025,Dash I/O,Spark of Genius,3
27315962,battle-hardened-lucerne-2025,Dash I/O,Sprocket Rocket,2
27315962,battle-hardened-lucerne-2025,Dash I/O,Symbiosis Shot,1
27315962,battle-hardened-lucerne-2025,Dash I/O,T-Bone,3
27315962,battle-hardened-lucerne-2025,Dash I/O,T-Bone,3
27315962,battle-hardened-lucerne-2025,Dash I/O,Teklo Core,3
27315962,battle-hardened-lucerne-2025,Dash I/O,Teklo Foundry Heart,1
27315962,battle-hardened-lucerne-2025,Dash I/O,Teklo Pounder,3
27315962,battle-hardened-lucerne-2025,Dash I/O,Throttle,3
27315962,battle-hardened-lucerne-2025,Dash I/O,Tick Tock Clock,0
27315962,battle-hardened-lucerne-2025,Dash I/O,Twin Drive,0
27315962,battle-hardened-lucerne-2025,Dash I/O,Under Loop,0
27315962,battle-hardened-lucerne-2025,Dash I/O,Viziertronic Model i,1
27315962,battle-hardened-lucerne-2025,Dash I/O,Zero to Sixty,3
27315962,battle-hardened-lucerne-2025,Dash I/O,Zero to Sixty,2
27315962,battle-hardened-lucerne-2025,Dash I/O,Zero to Sixty,3
27315962,battle-hardened-lucerne-2025,Dash I/O,Zipper Hit,3
27315962,battle-hardened-lucerne-2025,Dash I/O,Zipper Hit,3
27315962,battle-hardened-lucerne-2025,Dash I/O,Zipper Hit,3
19983265,battle-hardened-lucerne-2025,"Ira, Scarlet Revenger",Ancestral Empowerment,0
19983265,battle-hardened-lucerne-2025,"Ira, Scarlet Revenger",Ancestral Harmony,0
19983265,battle-hardened-lucerne-2025,"Ira, Scarlet Revenger",Aspect of Tiger: Mind,0
19983265,battle-hardened-lucerne-2025,"Ira, Scarlet Revenger",Back Heel Kick,0
19983265,battle-hardened-lucerne-2025,"Ira, Scarlet Revenger",Biting Breeze,0
19983265,battle-hardened-lucerne-2025,"Ira, Scarlet Revenger",Bittering Thorns,3
19983265,battle-hardened-lucerne-2025,"Ira, Scarlet Revenger",Blazen Yoroi,0
19983265,battle-hardened-lucerne-2025,"Ira, Scarlet Revenger",Censor,3
19983265,battle-hardened-lucerne-2025,"Ira, Scarlet Revenger",Command and Conquer,3
19983265,battle-hardened-lucerne-2025,"Ira, Scarlet Revenger",Concealed Blade,0
19983265,battle-hardened-lucerne-2025,"Ira, Scarlet Revenger",Crane Dance,0
19983265,battle-hardened-lucerne-2025,"Ira, Scarlet Revenger",Cut Down to Size,0
19983265,battle-hardened-lucerne-2025,"Ira, Scarlet Revenger",Cut Through,3
19983265,battle-hardened-lucerne-2025,"Ira, Scarlet Revenger",Double Strike,0
19983265,battle-hardened-lucerne-2025,"Ira, Scarlet Revenger",Dual Threat,3
19983265,battle-hardened-lucerne-2025,"Ira, Scarlet Revenger",Edge of Autumn,0
19983265,battle-hardened-lucerne-2025,"Ira, Scarlet Revenger",Enact Vengeance,0
19983265,battle-hardened-lucerne-2025,"Ira, Scarlet Revenger",Enlightened Strike,3
19983265,battle-hardened-lucerne-2025,"Ira, Scarlet Revenger",Erase Face,3
19983265,battle-hardened-lucerne-2025,"Ira, Scarlet Revenger",Even Bigger Than That!,0
19983265,battle-hardened-lucerne-2025,"Ira, Scarlet Revenger",Fate Foreseen,3
19983265,battle-hardened-lucerne-2025,"Ira, Scarlet Revenger",Fiddler's Green,0
19983265,battle-hardened-lucerne-2025,"Ira, Scarlet Revenger",Find Center,0
19983265,battle-hardened-lucerne-2025,"Ira, Scarlet Revenger",Flex Claws,3
19983265,battle-hardened-lucerne-2025,"Ira, Scarlet Revenger",Flic Flak,0
19983265,battle-hardened-lucerne-2025,"Ira, Scarlet Revenger",Fyendal's Spring Tunic,1
19983265,battle-hardened-lucerne-2025,"Ira, Scarlet Revenger",Give and Take,0
19983265,battle-hardened-lucerne-2025,"Ira, Scarlet Revenger",Harmonized Kodachi,2
19983265,battle-hardened-lucerne-2025,"Ira, Scarlet Revenger",Humble,3
19983265,battle-hardened-lucerne-2025,"Ira, Scarlet Revenger",Iris of the Blossom,0
19983265,battle-hardened-lucerne-2025,"Ira, Scarlet Revenger",Knives Out,3
19983265,battle-hardened-lucerne-2025,"Ira, Scarlet Revenger",Legacy of Ikaru,3
19983265,battle-hardened-lucerne-2025,"Ira, Scarlet Revenger",Looking for a Scrap,0
19983265,battle-hardened-lucerne-2025,"Ira, Scarlet Revenger",Mask of Momentum,1
19983265,battle-hardened-lucerne-2025,"Ira, Scarlet Revenger",Mauling Qi,0
19983265,battle-hardened-lucerne-2025,"Ira, Scarlet Revenger",Nasty Surprise,3
19983265,battle-hardened-lucerne-2025,"Ira, Scarlet Revenger",Nip at the Heels,3
19983265,battle-hardened-lucerne-2025,"Ira, Scarlet Revenger",Nullrune Gloves,1
19983265,battle-hardened-lucerne-2025,"Ira, Scarlet Revenger",Nullrune Robe,0
19983265,battle-hardened-lucerne-2025,"Ira, Scarlet Revenger",Okana Scar Wraps,0
19983265,battle-hardened-lucerne-2025,"Ira, Scarlet Revenger",One-Two Punch,0
19983265,battle-hardened-lucerne-2025,"Ira, Scarlet Revenger",Pain in the Backside,3
19983265,battle-hardened-lucerne-2025,"Ira, Scarlet Revenger",Pouncing Paws,1
19983265,battle-hardened-lucerne-2025,"Ira, Scarlet Revenger",Pouncing Qi,0
19983265,battle-hardened-lucerne-2025,"Ira, Scarlet Revenger",Prismatic Leyline,0
19983265,battle-hardened-lucerne-2025,"Ira, Scarlet Revenger",Pummel,0
19983265,battle-hardened-lucerne-2025,"Ira, Scarlet Revenger",Pursuit of Knowledge,0
19983265,battle-hardened-lucerne-2025,"Ira, Scarlet Revenger",Razor Reflex,0
19983265,battle-hardened-lucerne-2025,"Ira, Scarlet Revenger",Recoil,0
19983265,battle-hardened-lucerne-2025,"Ira, Scarlet Revenger",Remembrance,0
19983265,battle-hardened-lucerne-2025,"Ira, Scarlet Revenger",Rising Knee Thrust,0
19983265,battle-hardened-lucerne-2025,"Ira, Scarlet Revenger",Robe of Autumn's Fall,1
19983265,battle-hardened-lucerne-2025,"Ira, Scarlet Revenger",Rotten Remains,0
19983265,battle-hardened-lucerne-2025,"Ira, Scarlet Revenger",Rowdy Locals,3
19983265,battle-hardened-lucerne-2025,"Ira, Scarlet Revenger",Rushing River,0
19983265,battle-hardened-lucerne-2025,"Ira, Scarlet Revenger",Salt the Wound,0
19983265,battle-hardened-lucerne-2025,"Ira, Scarlet Revenger",Scar for a Scar,0
19983265,battle-hardened-lucerne-2025,"Ira, Scarlet Revenger",Seek Vengeance,0
19983265,battle-hardened-lucerne-2025,"Ira, Scarlet Revenger",Shelter from the Storm,3
19983265,battle-hardened-lucerne-2025,"Ira, Scarlet Revenger",Sigil of Solace,0
19983265,battle-hardened-lucerne-2025,"Ira, Scarlet Revenger",Sink Below,3
19983265,battle-hardened-lucerne-2025,"Ira, Scarlet Revenger",Sirens of Safe Harbor,3
19983265,battle-hardened-lucerne-2025,"Ira, Scarlet Revenger",Snag,0
19983265,battle-hardened-lucerne-2025,"Ira, Scarlet Revenger",Snapdragon Scalers,0
19983265,battle-hardened-lucerne-2025,"Ira, Scarlet Revenger",Snatch,0
19983265,battle-hardened-lucerne-2025,"Ira, Scarlet Revenger",Soulbead Strike,3
19983265,battle-hardened-lucerne-2025,"Ira, Scarlet Revenger",Sound the Alarm,3
19983265,battle-hardened-lucerne-2025,"Ira, Scarlet Revenger",Stab Wound,3
19983265,battle-hardened-lucerne-2025,"Ira, Scarlet Revenger",Take the Tempo,0
19983265,battle-hardened-lucerne-2025,"Ira, Scarlet Revenger",The Weakest Link,0
19983265,battle-hardened-lucerne-2025,"Ira, Scarlet Revenger",Throw Dagger,0
19983265,battle-hardened-lucerne-2025,"Ira, Scarlet Revenger",Tide Flippers,0
19983265,battle-hardened-lucerne-2025,"Ira, Scarlet Revenger",Tiger Stripe Shuko,1
19983265,battle-hardened-lucerne-2025,"Ira, Scarlet Revenger",Torrent of Tempo,3
19983265,battle-hardened-lucerne-2025,"Ira, Scarlet Revenger",Vengeance Never Rests,0
19983265,battle-hardened-lucerne-2025,"Ira, Scarlet Revenger",Warmonger's Diplomacy,0
19983265,battle-hardened-lucerne-2025,"Ira, Scarlet Revenger",Wax On,0
19983265,battle-hardened-lucerne-2025,"Ira, Scarlet Revenger",Whelming Gustwave,0
19983265,battle-hardened-lucerne-2025,"Ira, Scarlet Revenger",Whirling Mist Blossom,3
87743199,battle-hardened-lucerne-2025,Jarl Vetreiði,Arcane Compliance,1
87743199,battle-hardened-lucerne-2025,Jarl Vetreiði,Arcane Lantern,0
87743199,battle-hardened-lucerne-2025,Jarl Vetreiði,Autumn's Touch,1
87743199,battle-hardened-lucerne-2025,Jarl Vetreiði,Barkskin of the Millennium Tree,1
87743199,battle-hardened-lucerne-2025,Jarl Vetreiði,Blizzard,1
87743199,battle-hardened-lucerne-2025,Jarl Vetreiði,Canopy Shelter,0
87743199,battle-hardened-lucerne-2025,Jarl Vetreiði,Channel Lake Frigid,3
87743199,battle-hardened-lucerne-2025,Jarl Vetreiði,Channel Mount Isen,0
87743199,battle-hardened-lucerne-2025,Jarl Vetreiði,Command and Conquer,3
87743199,battle-hardened-lucerne-2025,Jarl Vetreiði,Crown of Providence,1
87743199,battle-hardened-lucerne-2025,Jarl Vetreiði,Crumble to Eternity,3
87743199,battle-hardened-lucerne-2025,Jarl Vetreiði,Crush the Weak,2
87743199,battle-hardened-lucerne-2025,Jarl Vetreiði,Enlightened Strike,3
87743199,battle-hardened-lucerne-2025,Jarl Vetreiði,Everbloom||Life,3
87743199,battle-hardened-lucerne-2025,Jarl Vetreiði,Felling of the Crown,3
87743199,battle-hardened-lucerne-2025,Jarl Vetreiði,Frost Fang,0
87743199,battle-hardened-lucerne-2025,Jarl Vetreiði,Frozen to Death,3
87743199,battle-hardened-lucerne-2025,Jarl Vetreiði,Fruits of the Forest,3
87743199,battle-hardened-lucerne-2025,Jarl Vetreiði,Fyendal's Spring Tunic,0
87743199,battle-hardened-lucerne-2025,Jarl Vetreiði,Gauntlets of the Boreal Domain,1
87743199,battle-hardened-lucerne-2025,Jarl Vetreiði,Glacial Footsteps,3
87743199,battle-hardened-lucerne-2025,Jarl Vetreiði,Heart of Ice,1
87743199,battle-hardened-lucerne-2025,Jarl Vetreiði,Ice Quake,0
87743199,battle-hardened-lucerne-2025,Jarl Vetreiði,Imposing Visage,3
87743199,battle-hardened-lucerne-2025,Jarl Vetreiði,Mangle,3
87743199,battle-hardened-lucerne-2025,Jarl Vetreiði,Midas Touch,1
87743199,battle-hardened-lucerne-2025,Jarl Vetreiði,Nullrune Boots,1
87743199,battle-hardened-lucerne-2025,Jarl Vetreiði,Nullrune Hood,1
87743199,battle-hardened-lucerne-2025,Jarl Vetreiði,Oaken Old,3
87743199,battle-hardened-lucerne-2025,Jarl Vetreiði,Plow Under,0
87743199,battle-hardened-lucerne-2025,Jarl Vetreiði,Pulse of Isenloft,1
87743199,battle-hardened-lucerne-2025,Jarl Vetreiði,Pummel,0
87743199,battle-hardened-lucerne-2025,Jarl Vetreiði,Quickdodge Flexors,1
87743199,battle-hardened-lucerne-2025,Jarl Vetreiði,Remembrance,2
87743199,battle-hardened-lucerne-2025,Jarl Vetreiði,Rootbound Carapace,3
87743199,battle-hardened-lucerne-2025,Jarl Vetreiði,Scar for a Scar,1
87743199,battle-hardened-lucerne-2025,Jarl Vetreiði,Scar for a Scar,1
87743199,battle-hardened-lucerne-2025,Jarl Vetreiði,Seeds of Tomorrow,2
87743199,battle-hardened-lucerne-2025,Jarl Vetreiði,Shelter from the Storm,3
87743199,battle-hardened-lucerne-2025,Jarl Vetreiði,Sigil of Solace,2
87743199,battle-hardened-lucerne-2025,Jarl Vetreiði,Sink Below,3
87743199,battle-hardened-lucerne-2025,Jarl Vetreiði,Sledge of Anvilheim,1
87743199,battle-hardened-lucerne-2025,Jarl Vetreiði,Snag,1
87743199,battle-hardened-lucerne-2025,Jarl Vetreiði,Spinal Crush,0
87743199,battle-hardened-lucerne-2025,Jarl Vetreiði,"Stalagmite, Bastion of Isenloft",1
87743199,battle-hardened-lucerne-2025,Jarl Vetreiði,Staunch Response,0
87743199,battle-hardened-lucerne-2025,Jarl Vetreiði,Tear Asunder,3
87743199,battle-hardened-lucerne-2025,Jarl Vetreiði,Titan's Fist,1
87743199,battle-hardened-lucerne-2025,Jarl Vetreiði,Unforgetting Unforgiving,2
87743199,battle-hardened-lucerne-2025,Jarl Vetreiði,Winter's Bite,3
87743199,battle-hardened-lucerne-2025,Jarl Vetreiði,Winter's Grasp,1
71735621,battle-hardened-lucerne-2025,"Ira, Scarlet Revenger",Ancestral Empowerment,0
71735621,battle-hardened-lucerne-2025,"Ira, Scarlet Revenger",Ancestral Harmony,0
71735621,battle-hardened-lucerne-2025,"Ira, Scarlet Revenger",Aspect of Tiger: Mind,1
71735621,battle-hardened-lucerne-2025,"Ira, Scarlet Revenger",Back Heel Kick,2
71735621,battle-hardened-lucerne-2025,"Ira, Scarlet Revenger",Biting Breeze,0
71735621,battle-hardened-lucerne-2025,"Ira, Scarlet Revenger",Bittering Thorns,2
71735621,battle-hardened-lucerne-2025,"Ira, Scarlet Revenger",Blazen Yoroi,0
71735621,battle-hardened-lucerne-2025,"Ira, Scarlet Revenger",Censor,3
71735621,battle-hardened-lucerne-2025,"Ira, Scarlet Revenger",Command and Conquer,3
71735621,battle-hardened-lucerne-2025,"Ira, Scarlet Revenger",Concealed Blade,0
71735621,battle-hardened-lucerne-2025,"Ira, Scarlet Revenger",Crane Dance,0
71735621,battle-hardened-lucerne-2025,"Ira, Scarlet Revenger",Cut Down to Size,0
71735621,battle-hardened-lucerne-2025,"Ira, Scarlet Revenger",Cut Through,3
71735621,battle-hardened-lucerne-2025,"Ira, Scarlet Revenger",Double Strike,0
71735621,battle-hardened-lucerne-2025,"Ira, Scarlet Revenger",Dual Threat,3
71735621,battle-hardened-lucerne-2025,"Ira, Scarlet Revenger",Edge of Autumn,0
71735621,battle-hardened-lucerne-2025,"Ira, Scarlet Revenger",Enact Vengeance,0
71735621,battle-hardened-lucerne-2025,"Ira, Scarlet Revenger",Enlightened Strike,3
71735621,battle-hardened-lucerne-2025,"Ira, Scarlet Revenger",Erase Face,3
71735621,battle-hardened-lucerne-2025,"Ira, Scarlet Revenger",Even Bigger Than That!,0
71735621,battle-hardened-lucerne-2025,"Ira, Scarlet Revenger",Fate Foreseen,0
71735621,battle-hardened-lucerne-2025,"Ira, Scarlet Revenger",Fiddler's Green,0
71735621,battle-hardened-lucerne-2025,"Ira, Scarlet Revenger",Find Center,0
71735621,battle-hardened-lucerne-2025,"Ira, Scarlet Revenger",Flex Claws,0
71735621,battle-hardened-lucerne-2025,"Ira, Scarlet Revenger",Flic Flak,3
71735621,battle-hardened-lucerne-2025,"Ira, Scarlet Revenger",Fyendal's Spring Tunic,1
71735621,battle-hardened-lucerne-2025,"Ira, Scarlet Revenger",Give and Take,0
71735621,battle-hardened-lucerne-2025,"Ira, Scarlet Revenger",Harmonized Kodachi,2
71735621,battle-hardened-lucerne-2025,"Ira, Scarlet Revenger",Humble,3
71735621,battle-hardened-lucerne-2025,"Ira, Scarlet Revenger",Iris of the Blossom,0
71735621,battle-hardened-lucerne-2025,"Ira, Scarlet Revenger",Knives Out,0
71735621,battle-hardened-lucerne-2025,"Ira, Scarlet Revenger",Legacy of Ikaru,0
71735621,battle-hardened-lucerne-2025,"Ira, Scarlet Revenger",Looking for a Scrap,2
71735621,battle-hardened-lucerne-2025,"Ira, Scarlet Revenger",Mask of Momentum,1
71735621,battle-hardened-lucerne-2025,"Ira, Scarlet Revenger",Mauling Qi,0
71735621,battle-hardened-lucerne-2025,"Ira, Scarlet Revenger",Nasty Surprise,0
71735621,battle-hardened-lucerne-2025,"Ira, Scarlet Revenger",Nip at the Heels,0
71735621,battle-hardened-lucerne-2025,"Ira, Scarlet Revenger",Nullrune Gloves,1
71735621,battle-hardened-lucerne-2025,"Ira, Scarlet Revenger",Nullrune Robe,1
71735621,battle-hardened-lucerne-2025,"Ira, Scarlet Revenger",Okana Scar Wraps,0
71735621,battle-hardened-lucerne-2025,"Ira, Scarlet Revenger",One-Two Punch,2
71735621,battle-hardened-lucerne-2025,"Ira, Scarlet Revenger",Pain in the Backside,3
71735621,battle-hardened-lucerne-2025,"Ira, Scarlet Revenger",Pouncing Paws,1
71735621,battle-hardened-lucerne-2025,"Ira, Scarlet Revenger",Pouncing Qi,3
71735621,battle-hardened-lucerne-2025,"Ira, Scarlet Revenger",Prismatic Leyline,0
71735621,battle-hardened-lucerne-2025,"Ira, Scarlet Revenger",Pummel,0
71735621,battle-hardened-lucerne-2025,"Ira, Scarlet Revenger",Pursuit of Knowledge,0
71735621,battle-hardened-lucerne-2025,"Ira, Scarlet Revenger",Razor Reflex,0
71735621,battle-hardened-lucerne-2025,"Ira, Scarlet Revenger",Recoil,0
71735621,battle-hardened-lucerne-2025,"Ira, Scarlet Revenger",Remembrance,0
71735621,battle-hardened-lucerne-2025,"Ira, Scarlet Revenger",Rising Knee Thrust,3
71735621,battle-hardened-lucerne-2025,"Ira, Scarlet Revenger",Robe of Autumn's Fall,0
71735621,battle-hardened-lucerne-2025,"Ira, Scarlet Revenger",Rotten Remains,0
71735621,battle-hardened-lucerne-2025,"Ira, Scarlet Revenger",Rowdy Locals,0
71735621,battle-hardened-lucerne-2025,"Ira, Scarlet Revenger",Rushing River,0
71735621,battle-hardened-lucerne-2025,"Ira, Scarlet Revenger",Salt the Wound,0
71735621,battle-hardened-lucerne-2025,"Ira, Scarlet Revenger",Scar for a Scar,0
71735621,battle-hardened-lucerne-2025,"Ira, Scarlet Revenger",Seek Vengeance,0
71735621,battle-hardened-lucerne-2025,"Ira, Scarlet Revenger",Shelter from the Storm,3
71735621,battle-hardened-lucerne-2025,"Ira, Scarlet Revenger",Sigil of Solace,3
71735621,battle-hardened-lucerne-2025,"Ira, Scarlet Revenger",Sink Below,3
71735621,battle-hardened-lucerne-2025,"Ira, Scarlet Revenger",Sirens of Safe Harbor,0
71735621,battle-hardened-lucerne-2025,"Ira, Scarlet Revenger",Snag,2
71735621,battle-hardened-lucerne-2025,"Ira, Scarlet Revenger",Snapdragon Scalers,0
71735621,battle-hardened-lucerne-2025,"Ira, Scarlet Revenger",Snatch,0
71735621,battle-hardened-lucerne-2025,"Ira, Scarlet Revenger",Soulbead Strike,3
71735621,battle-hardened-lucerne-2025,"Ira, Scarlet Revenger",Sound the Alarm,3
71735621,battle-hardened-lucerne-2025,"Ira, Scarlet Revenger",Stab Wound,0
71735621,battle-hardened-lucerne-2025,"Ira, Scarlet Revenger",Take the Tempo,0
71735621,battle-hardened-lucerne-2025,"Ira, Scarlet Revenger",The Weakest Link,1
71735621,battle-hardened-lucerne-2025,"Ira, Scarlet Revenger",Throw Dagger,0
71735621,battle-hardened-lucerne-2025,"Ira, Scarlet Revenger",Tide Flippers,0
71735621,battle-hardened-lucerne-2025,"Ira, Scarlet Revenger",Tiger Stripe Shuko,1
71735621,battle-hardened-lucerne-2025,"Ira, Scarlet Revenger",Torrent of Tempo,3
71735621,battle-hardened-lucerne-2025,"Ira, Scarlet Revenger",Vengeance Never Rests,0
71735621,battle-hardened-lucerne-2025,"Ira, Scarlet Revenger",Warmonger's Diplomacy,3
71735621,battle-hardened-lucerne-2025,"Ira, Scarlet Revenger",Wax On,0
71735621,battle-hardened-lucerne-2025,"Ira, Scarlet Revenger",Whelming Gustwave,3
71735621,battle-hardened-lucerne-2025,"Ira, Scarlet Revenger",Whirling Mist Blossom,3
13957621,battle-hardened-lucerne-2025,"Ira, Scarlet Revenger",Ancestral Empowerment,0
13957621,battle-hardened-lucerne-2025,"Ira, Scarlet Revenger",Ancestral Harmony,0
13957621,battle-hardened-lucerne-2025,"Ira, Scarlet Revenger",Aspect of Tiger: Mind,3
13957621,battle-hardened-lucerne-2025,"Ira, Scarlet Revenger",Back Heel Kick,2
13957621,battle-hardened-lucerne-2025,"Ira, Scarlet Revenger",Biting Breeze,1
13957621,battle-hardened-lucerne-2025,"Ira, Scarlet Revenger",Bittering Thorns,3
13957621,battle-hardened-lucerne-2025,"Ira, Scarlet Revenger",Blazen Yoroi,0
13957621,battle-hardened-lucerne-2025,"Ira, Scarlet Revenger",Censor,3
13957621,battle-hardened-lucerne-2025,"Ira, Scarlet Revenger",Command and Conquer,3
13957621,battle-hardened-lucerne-2025,"Ira, Scarlet Revenger",Concealed Blade,0
13957621,battle-hardened-lucerne-2025,"Ira, Scarlet Revenger",Crane Dance,1
13957621,battle-hardened-lucerne-2025,"Ira, Scarlet Revenger",Cut Down to Size,0
13957621,battle-hardened-lucerne-2025,"Ira, Scarlet Revenger",Cut Through,3
13957621,battle-hardened-lucerne-2025,"Ira, Scarlet Revenger",Double Strike,0
13957621,battle-hardened-lucerne-2025,"Ira, Scarlet Revenger",Dual Threat,3
13957621,battle-hardened-lucerne-2025,"Ira, Scarlet Revenger",Edge of Autumn,0
13957621,battle-hardened-lucerne-2025,"Ira, Scarlet Revenger",Enact Vengeance,0
13957621,battle-hardened-lucerne-2025,"Ira, Scarlet Revenger",Enlightened Strike,3
13957621,battle-hardened-lucerne-2025,"Ira, Scarlet Revenger",Erase Face,3
13957621,battle-hardened-lucerne-2025,"Ira, Scarlet Revenger",Even Bigger Than That!,3
13957621,battle-hardened-lucerne-2025,"Ira, Scarlet Revenger",Fate Foreseen,1
13957621,battle-hardened-lucerne-2025,"Ira, Scarlet Revenger",Fiddler's Green,0
13957621,battle-hardened-lucerne-2025,"Ira, Scarlet Revenger",Find Center,0
13957621,battle-hardened-lucerne-2025,"Ira, Scarlet Revenger",Flex Claws,0
13957621,battle-hardened-lucerne-2025,"Ira, Scarlet Revenger",Flic Flak,3
13957621,battle-hardened-lucerne-2025,"Ira, Scarlet Revenger",Fyendal's Spring Tunic,1
13957621,battle-hardened-lucerne-2025,"Ira, Scarlet Revenger",Give and Take,0
13957621,battle-hardened-lucerne-2025,"Ira, Scarlet Revenger",Harmonized Kodachi,2
13957621,battle-hardened-lucerne-2025,"Ira, Scarlet Revenger",Humble,0
13957621,battle-hardened-lucerne-2025,"Ira, Scarlet Revenger",Iris of the Blossom,0
13957621,battle-hardened-lucerne-2025,"Ira, Scarlet Revenger",Knives Out,0
13957621,battle-hardened-lucerne-2025,"Ira, Scarlet Revenger",Legacy of Ikaru,0
13957621,battle-hardened-lucerne-2025,"Ira, Scarlet Revenger",Looking for a Scrap,2
13957621,battle-hardened-lucerne-2025,"Ira, Scarlet Revenger",Mask of Momentum,1
13957621,battle-hardened-lucerne-2025,"Ira, Scarlet Revenger",Mauling Qi,1
13957621,battle-hardened-lucerne-2025,"Ira, Scarlet Revenger",Nasty Surprise,0
13957621,battle-hardened-lucerne-2025,"Ira, Scarlet Revenger",Nip at the Heels,0
13957621,battle-hardened-lucerne-2025,"Ira, Scarlet Revenger",Nullrune Gloves,1
13957621,battle-hardened-lucerne-2025,"Ira, Scarlet Revenger",Nullrune Robe,0
13957621,battle-hardened-lucerne-2025,"Ira, Scarlet Revenger",Okana Scar Wraps,0
13957621,battle-hardened-lucerne-2025,"Ira, Scarlet Revenger",One-Two Punch,1
13957621,battle-hardened-lucerne-2025,"Ira, Scarlet Revenger",Pain in the Backside,3
13957621,battle-hardened-lucerne-2025,"Ira, Scarlet Revenger",Pouncing Paws,0
13957621,battle-hardened-lucerne-2025,"Ira, Scarlet Revenger",Pouncing Qi,3
13957621,battle-hardened-lucerne-2025,"Ira, Scarlet Revenger",Prismatic Leyline,0
13957621,battle-hardened-lucerne-2025,"Ira, Scarlet Revenger",Pummel,0
13957621,battle-hardened-lucerne-2025,"Ira, Scarlet Revenger",Pursuit of Knowledge,0
13957621,battle-hardened-lucerne-2025,"Ira, Scarlet Revenger",Razor Reflex,0
13957621,battle-hardened-lucerne-2025,"Ira, Scarlet Revenger",Recoil,0
13957621,battle-hardened-lucerne-2025,"Ira, Scarlet Revenger",Remembrance,0
13957621,battle-hardened-lucerne-2025,"Ira, Scarlet Revenger",Rising Knee Thrust,0
13957621,battle-hardened-lucerne-2025,"Ira, Scarlet Revenger",Robe of Autumn's Fall,0
13957621,battle-hardened-lucerne-2025,"Ira, Scarlet Revenger",Rotten Remains,0
13957621,battle-hardened-lucerne-2025,"Ira, Scarlet Revenger",Rowdy Locals,2
13957621,battle-hardened-lucerne-2025,"Ira, Scarlet Revenger",Rushing River,2
13957621,battle-hardened-lucerne-2025,"Ira, Scarlet Revenger",Salt the Wound,0
13957621,battle-hardened-lucerne-2025,"Ira, Scarlet Revenger",Scar for a Scar,1
13957621,battle-hardened-lucerne-2025,"Ira, Scarlet Revenger",Seek Vengeance,0
13957621,battle-hardened-lucerne-2025,"Ira, Scarlet Revenger",Shelter from the Storm,2
13957621,battle-hardened-lucerne-2025,"Ira, Scarlet Revenger",Sigil of Solace,0
13957621,battle-hardened-lucerne-2025,"Ira, Scarlet Revenger",Sink Below,3
13957621,battle-hardened-lucerne-2025,"Ira, Scarlet Revenger",Sirens of Safe Harbor,0
13957621,battle-hardened-lucerne-2025,"Ira, Scarlet Revenger",Snag,1
13957621,battle-hardened-lucerne-2025,"Ira, Scarlet Revenger",Snapdragon Scalers,0
13957621,battle-hardened-lucerne-2025,"Ira, Scarlet Revenger",Snatch,0
13957621,battle-hardened-lucerne-2025,"Ira, Scarlet Revenger",Soulbead Strike,3
13957621,battle-hardened-lucerne-2025,"Ira, Scarlet Revenger",Sound the Alarm,3
13957621,battle-hardened-lucerne-2025,"Ira, Scarlet Revenger",Stab Wound,2
13957621,battle-hardened-lucerne-2025,"Ira, Scarlet Revenger",Take the Tempo,0
13957621,battle-hardened-lucerne-2025,"Ira, Scarlet Revenger",The Weakest Link,0
13957621,battle-hardened-lucerne-2025,"Ira, Scarlet Revenger",Throw Dagger,0
13957621,battle-hardened-lucerne-2025,"Ira, Scarlet Revenger",Tide Flippers,1
13957621,battle-hardened-lucerne-2025,"Ira, Scarlet Revenger",Tiger Stripe Shuko,1
13957621,battle-hardened-lucerne-2025,"Ira, Scarlet Revenger",Torrent of Tempo,3
13957621,battle-hardened-lucerne-2025,"Ira, Scarlet Revenger",Vengeance Never Rests,0
13957621,battle-hardened-lucerne-2025,"Ira, Scarlet Revenger",Warmonger's Diplomacy,3
13957621,battle-hardened-lucerne-2025,"Ira, Scarlet Revenger",Wax On,0
13957621,battle-hardened-lucerne-2025,"Ira, Scarlet Revenger",Whelming Gustwave,0
13957621,battle-hardened-lucerne-2025,"Ira, Scarlet Revenger",Whirling Mist Blossom,3
73275396,battle-hardened-lucerne-2025,"Marlynn, Treasure Hunter",Barbed Barrage,3
73275396,battle-hardened-lucerne-2025,"Marlynn, Treasure Hunter",Battering Bolt,0
73275396,battle-hardened-lucerne-2025,"Marlynn, Treasure Hunter",Big Game Trophy Shot,3
73275396,battle-hardened-lucerne-2025,"Marlynn, Treasure Hunter",Blue Fin Harpoon,3
73275396,battle-hardened-lucerne-2025,"Marlynn, Treasure Hunter",Bolt'n' Shot,0
73275396,battle-hardened-lucerne-2025,"Marlynn, Treasure Hunter",Bull's Eye Bracers,1
73275396,battle-hardened-lucerne-2025,"Marlynn, Treasure Hunter",Call in the Big Guns,3
73275396,battle-hardened-lucerne-2025,"Marlynn, Treasure Hunter",Codex of Frailty,2
73275396,battle-hardened-lucerne-2025,"Marlynn, Treasure Hunter",Command and Conquer,0
73275396,battle-hardened-lucerne-2025,"Marlynn, Treasure Hunter",Conqueror of the High Seas,0
73275396,battle-hardened-lucerne-2025,"Marlynn, Treasure Hunter",Crown of Dominion,0
73275396,battle-hardened-lucerne-2025,"Marlynn, Treasure Hunter",Drill Shot,0
73275396,battle-hardened-lucerne-2025,"Marlynn, Treasure Hunter",Enchanted Quiver,1
73275396,battle-hardened-lucerne-2025,"Marlynn, Treasure Hunter",Energy Potion,1
73275396,battle-hardened-lucerne-2025,"Marlynn, Treasure Hunter",Eye of Ophidia,0
73275396,battle-hardened-lucerne-2025,"Marlynn, Treasure Hunter",Fyendal's Spring Tunic,0
73275396,battle-hardened-lucerne-2025,"Marlynn, Treasure Hunter",Gold the Tip,3
73275396,battle-hardened-lucerne-2025,"Marlynn, Treasure Hunter",Gold-Baited Hook,1
73275396,battle-hardened-lucerne-2025,"Marlynn, Treasure Hunter",Golden Tipple,3
73275396,battle-hardened-lucerne-2025,"Marlynn, Treasure Hunter","Hammerhead, Harpoon Cannon",1
73275396,battle-hardened-lucerne-2025,"Marlynn, Treasure Hunter",Hamstring Shot,3
73275396,battle-hardened-lucerne-2025,"Marlynn, Treasure Hunter",Infecting Shot,3
73275396,battle-hardened-lucerne-2025,"Marlynn, Treasure Hunter",King Kraken Harpoon,3
73275396,battle-hardened-lucerne-2025,"Marlynn, Treasure Hunter",King Shark Harpoon,3
73275396,battle-hardened-lucerne-2025,"Marlynn, Treasure Hunter",Loan Shark,1
73275396,battle-hardened-lucerne-2025,"Marlynn, Treasure Hunter",Murderous Rabble,3
73275396,battle-hardened-lucerne-2025,"Marlynn, Treasure Hunter",New Horizon,1
73275396,battle-hardened-lucerne-2025,"Marlynn, Treasure Hunter",Nullrune Boots,0
73275396,battle-hardened-lucerne-2025,"Marlynn, Treasure Hunter",Portside Exchange,3
73275396,battle-hardened-lucerne-2025,"Marlynn, Treasure Hunter",Prismatic Leyline,0
73275396,battle-hardened-lucerne-2025,"Marlynn, Treasure Hunter",Pummel,3
73275396,battle-hardened-lucerne-2025,"Marlynn, Treasure Hunter",Quiver of Abyssal Depths,1
73275396,battle-hardened-lucerne-2025,"Marlynn, Treasure Hunter",Quiver of Rustling Leaves,1
73275396,battle-hardened-lucerne-2025,"Marlynn, Treasure Hunter",Rally the Coast Guard,3
73275396,battle-hardened-lucerne-2025,"Marlynn, Treasure Hunter",Red Fin Harpoon,3
73275396,battle-hardened-lucerne-2025,"Marlynn, Treasure Hunter",Return Fire,3
73275396,battle-hardened-lucerne-2025,"Marlynn, Treasure Hunter",Riches of Trōpal-Dhani,0
73275396,battle-hardened-lucerne-2025,"Marlynn, Treasure Hunter",Saltwater Swell,3
73275396,battle-hardened-lucerne-2025,"Marlynn, Treasure Hunter",Sealace Sarong,1
73275396,battle-hardened-lucerne-2025,"Marlynn, Treasure Hunter",Skullbone Crosswrap,1
73275396,battle-hardened-lucerne-2025,"Marlynn, Treasure Hunter",Sleep Dart,0
73275396,battle-hardened-lucerne-2025,"Marlynn, Treasure Hunter",Sunken Treasure,3
73275396,battle-hardened-lucerne-2025,"Marlynn, Treasure Hunter",Swiftwater Sloop,2
73275396,battle-hardened-lucerne-2025,"Marlynn, Treasure Hunter",Take Cover,0
73275396,battle-hardened-lucerne-2025,"Marlynn, Treasure Hunter",Tarpit Trap,0
73275396,battle-hardened-lucerne-2025,"Marlynn, Treasure Hunter",Three of a Kind,3
73275396,battle-hardened-lucerne-2025,"Marlynn, Treasure Hunter",Trench of Sunken Treasure,1
73275396,battle-hardened-lucerne-2025,"Marlynn, Treasure Hunter",Yellow Fin Harpoon,3
64668954,battle-hardened-lucerne-2025,"Gravy Bones, Shipwrecked Looter",Amulet of Echoes,0
64668954,battle-hardened-lucerne-2025,"Gravy Bones, Shipwrecked Looter","Anka, Drag Under",1
64668954,battle-hardened-lucerne-2025,"Gravy Bones, Shipwrecked Looter",Arcane Compliance,1
64668954,battle-hardened-lucerne-2025,"Gravy Bones, Shipwrecked Looter",Avast Ye!,3
64668954,battle-hardened-lucerne-2025,"Gravy Bones, Shipwrecked Looter",Back Alley Breakline,2
64668954,battle-hardened-lucerne-2025,"Gravy Bones, Shipwrecked Looter",Balance of Justice,1
64668954,battle-hardened-lucerne-2025,"Gravy Bones, Shipwrecked Looter",Blanch,1
64668954,battle-hardened-lucerne-2025,"Gravy Bones, Shipwrecked Looter",Blood in the Water,1
64668954,battle-hardened-lucerne-2025,"Gravy Bones, Shipwrecked Looter",Call to the Grave,3
64668954,battle-hardened-lucerne-2025,"Gravy Bones, Shipwrecked Looter",Chart the High Seas,3
64668954,battle-hardened-lucerne-2025,"Gravy Bones, Shipwrecked Looter","Chum, Friendly First Mate",3
64668954,battle-hardened-lucerne-2025,"Gravy Bones, Shipwrecked Looter",Command and Conquer,0
64668954,battle-hardened-lucerne-2025,"Gravy Bones, Shipwrecked Looter",Compass of Sunken Depths,1
64668954,battle-hardened-lucerne-2025,"Gravy Bones, Shipwrecked Looter",Conqueror of the High Seas,3
64668954,battle-hardened-lucerne-2025,"Gravy Bones, Shipwrecked Looter",Crown of Dominion,1
64668954,battle-hardened-lucerne-2025,"Gravy Bones, Shipwrecked Looter",Crown of Providence,0
64668954,battle-hardened-lucerne-2025,"Gravy Bones, Shipwrecked Looter","Cutty Shark, Quick Clip",0
64668954,battle-hardened-lucerne-2025,"Gravy Bones, Shipwrecked Looter",Dead Threads,1
64668954,battle-hardened-lucerne-2025,"Gravy Bones, Shipwrecked Looter",Diamond Amulet,1
64668954,battle-hardened-lucerne-2025,"Gravy Bones, Shipwrecked Looter",Eye of Ophidia,1
64668954,battle-hardened-lucerne-2025,"Gravy Bones, Shipwrecked Looter",Fearless Confrontation,3
64668954,battle-hardened-lucerne-2025,"Gravy Bones, Shipwrecked Looter",Fiddler's Green,1
64668954,battle-hardened-lucerne-2025,"Gravy Bones, Shipwrecked Looter",Flying High,0
64668954,battle-hardened-lucerne-2025,"Gravy Bones, Shipwrecked Looter",Give No Quarter,1
64668954,battle-hardened-lucerne-2025,"Gravy Bones, Shipwrecked Looter",Gold-Baited Hook,1
64668954,battle-hardened-lucerne-2025,"Gravy Bones, Shipwrecked Looter",Golden Tipple,3
64668954,battle-hardened-lucerne-2025,"Gravy Bones, Shipwrecked Looter",Golden Tipple,3
64668954,battle-hardened-lucerne-2025,"Gravy Bones, Shipwrecked Looter",Golden Tipple,3
64668954,battle-hardened-lucerne-2025,"Gravy Bones, Shipwrecked Looter",HMS Barracuda,0
64668954,battle-hardened-lucerne-2025,"Gravy Bones, Shipwrecked Looter",Jittery Bones,0
64668954,battle-hardened-lucerne-2025,"Gravy Bones, Shipwrecked Looter","Limpit, Hop-a-long",1
64668954,battle-hardened-lucerne-2025,"Gravy Bones, Shipwrecked Looter",Loot the Hold,3
64668954,battle-hardened-lucerne-2025,"Gravy Bones, Shipwrecked Looter",Mage Master Boots,1
64668954,battle-hardened-lucerne-2025,"Gravy Bones, Shipwrecked Looter",Murderous Rabble,3
64668954,battle-hardened-lucerne-2025,"Gravy Bones, Shipwrecked Looter",Nullrune Boots,1
64668954,battle-hardened-lucerne-2025,"Gravy Bones, Shipwrecked Looter",Nullrune Gloves,1
64668954,battle-hardened-lucerne-2025,"Gravy Bones, Shipwrecked Looter",Nullrune Hood,0
64668954,battle-hardened-lucerne-2025,"Gravy Bones, Shipwrecked Looter",Nullrune Robe,0
64668954,battle-hardened-lucerne-2025,"Gravy Bones, Shipwrecked Looter","Oysten, Heart of Gold",1
64668954,battle-hardened-lucerne-2025,"Gravy Bones, Shipwrecked Looter",Pearl Amulet,0
64668954,battle-hardened-lucerne-2025,"Gravy Bones, Shipwrecked Looter",Portside Exchange,3
64668954,battle-hardened-lucerne-2025,"Gravy Bones, Shipwrecked Looter",Prismatic Leyline,1
64668954,battle-hardened-lucerne-2025,"Gravy Bones, Shipwrecked Looter",Quickdodge Flexors,1
64668954,battle-hardened-lucerne-2025,"Gravy Bones, Shipwrecked Looter",Restless Bones,0
64668954,battle-hardened-lucerne-2025,"Gravy Bones, Shipwrecked Looter",Riches of Trōpal-Dhani,0
64668954,battle-hardened-lucerne-2025,"Gravy Bones, Shipwrecked Looter",Riggermortis,3
64668954,battle-hardened-lucerne-2025,"Gravy Bones, Shipwrecked Looter",Saltwater Swell,3
64668954,battle-hardened-lucerne-2025,"Gravy Bones, Shipwrecked Looter",Saltwater Swell,3
64668954,battle-hardened-lucerne-2025,"Gravy Bones, Shipwrecked Looter","Sawbones, Dockhand",3
64668954,battle-hardened-lucerne-2025,"Gravy Bones, Shipwrecked Looter","Scooba, Salty Sea Dog",0
64668954,battle-hardened-lucerne-2025,"Gravy Bones, Shipwrecked Looter",Sea Legs,3
64668954,battle-hardened-lucerne-2025,"Gravy Bones, Shipwrecked Looter","Shelly, Hardened Traveler",0
64668954,battle-hardened-lucerne-2025,"Gravy Bones, Shipwrecked Looter",Sink Below,0
64668954,battle-hardened-lucerne-2025,"Gravy Bones, Shipwrecked Looter",Snag,1
64668954,battle-hardened-lucerne-2025,"Gravy Bones, Shipwrecked Looter",Sunken Treasure,2
64668954,battle-hardened-lucerne-2025,"Gravy Bones, Shipwrecked Looter",Swabbie,2
64668954,battle-hardened-lucerne-2025,"Gravy Bones, Shipwrecked Looter",Swiftwater Sloop,0
64668954,battle-hardened-lucerne-2025,"Gravy Bones, Shipwrecked Looter",Throw Caution to the Wind,0
64668954,battle-hardened-lucerne-2025,"Gravy Bones, Shipwrecked Looter",Tip the Barkeep,1
64668954,battle-hardened-lucerne-2025,"Gravy Bones, Shipwrecked Looter",Wailer Humperdinck,1
71386322,battle-hardened-lucerne-2025,Dash I/O,Achilles Accelerator,1
71386322,battle-hardened-lucerne-2025,Dash I/O,Adaptive Plating,1
71386322,battle-hardened-lucerne-2025,Dash I/O,Backup Protocol: BLU,0
71386322,battle-hardened-lucerne-2025,Dash I/O,Backup Protocol: RED,3
71386322,battle-hardened-lucerne-2025,Dash I/O,Bios Update,2
71386322,battle-hardened-lucerne-2025,Dash I/O,Boom Grenade,3
71386322,battle-hardened-lucerne-2025,Dash I/O,Boom Grenade,3
71386322,battle-hardened-lucerne-2025,Dash I/O,Bracers of Belief,1
71386322,battle-hardened-lucerne-2025,Dash I/O,Cerebellum Processor,3
71386322,battle-hardened-lucerne-2025,Dash I/O,Cog in the Machine,0
71386322,battle-hardened-lucerne-2025,Dash I/O,Cogwerx Tinker Rings,0
71386322,battle-hardened-lucerne-2025,Dash I/O,Convection Amplifier,0
71386322,battle-hardened-lucerne-2025,Dash I/O,Crown of Providence,1
71386322,battle-hardened-lucerne-2025,Dash I/O,Data Link,0
71386322,battle-hardened-lucerne-2025,Dash I/O,Dissolution Sphere,0
71386322,battle-hardened-lucerne-2025,Dash I/O,Dissolving Shield,0
71386322,battle-hardened-lucerne-2025,Dash I/O,Expedite,3
71386322,battle-hardened-lucerne-2025,Dash I/O,Fast and Furious,3
71386322,battle-hardened-lucerne-2025,Dash I/O,Fender Bender,0
71386322,battle-hardened-lucerne-2025,Dash I/O,Goliath Gauntlet,0
71386322,battle-hardened-lucerne-2025,Dash I/O,Hanabi Blaster,0
71386322,battle-hardened-lucerne-2025,Dash I/O,Heavy Industry Gear Shift,1
71386322,battle-hardened-lucerne-2025,Dash I/O,Heavy Industry Power Plant,0
71386322,battle-hardened-lucerne-2025,Dash I/O,Heist,2
71386322,battle-hardened-lucerne-2025,Dash I/O,Maximum Velocity,3
71386322,battle-hardened-lucerne-2025,Dash I/O,MetEx,0
71386322,battle-hardened-lucerne-2025,Dash I/O,Misfire Dampener,1
71386322,battle-hardened-lucerne-2025,Dash I/O,Null Time Zone,1
71386322,battle-hardened-lucerne-2025,Dash I/O,Out Pace,3
71386322,battle-hardened-lucerne-2025,Dash I/O,Payload,0
71386322,battle-hardened-lucerne-2025,Dash I/O,Penetration Script,0
71386322,battle-hardened-lucerne-2025,Dash I/O,Pulsewave Harpoon,3
71386322,battle-hardened-lucerne-2025,Dash I/O,Signal Jammer,0
71386322,battle-hardened-lucerne-2025,Dash I/O,Spark of Genius,3
71386322,battle-hardened-lucerne-2025,Dash I/O,Sprocket Rocket,3
71386322,battle-hardened-lucerne-2025,Dash I/O,Symbiosis Shot,1
71386322,battle-hardened-lucerne-2025,Dash I/O,T-Bone,3
71386322,battle-hardened-lucerne-2025,Dash I/O,T-Bone,3
71386322,battle-hardened-lucerne-2025,Dash I/O,Teklo Core,3
71386322,battle-hardened-lucerne-2025,Dash I/O,Teklo Foundry Heart,1
71386322,battle-hardened-lucerne-2025,Dash I/O,Teklo Pounder,3
71386322,battle-hardened-lucerne-2025,Dash I/O,Throttle,3
71386322,battle-hardened-lucerne-2025,Dash I/O,Tick Tock Clock,0
71386322,battle-hardened-lucerne-2025,Dash I/O,Twin Drive,2
71386322,battle-hardened-lucerne-2025,Dash I/O,Under Loop,0
71386322,battle-hardened-lucerne-2025,Dash I/O,Viziertronic Model i,1
71386322,battle-hardened-lucerne-2025,Dash I/O,Zero to Sixty,3
71386322,battle-hardened-lucerne-2025,Dash I/O,Zero to Sixty,3
71386322,battle-hardened-lucerne-2025,Dash I/O,Zero to Sixty,3
71386322,battle-hardened-lucerne-2025,Dash I/O,Zipper Hit,3
71386322,battle-hardened-lucerne-2025,Dash I/O,Zipper Hit,1
71386322,battle-hardened-lucerne-2025,Dash I/O,Zipper Hit,3
49385695,battle-hardened-lucerne-2025,"Victor Goldmane, High and Mighty",Anothos,0
49385695,battle-hardened-lucerne-2025,"Victor Goldmane, High and Mighty",Aurum Aegis,1
49385695,battle-hardened-lucerne-2025,"Victor Goldmane, High and Mighty",Batter to a Pulp,3
49385695,battle-hardened-lucerne-2025,"Victor Goldmane, High and Mighty",Buckling Blow,3
49385695,battle-hardened-lucerne-2025,"Victor Goldmane, High and Mighty",Chokeslam,3
49385695,battle-hardened-lucerne-2025,"Victor Goldmane, High and Mighty",Chokeslam,3
49385695,battle-hardened-lucerne-2025,"Victor Goldmane, High and Mighty",Civic Steps,1
49385695,battle-hardened-lucerne-2025,"Victor Goldmane, High and Mighty",Clash of Bravado,0
49385695,battle-hardened-lucerne-2025,"Victor Goldmane, High and Mighty",Clash of Might,0
49385695,battle-hardened-lucerne-2025,"Victor Goldmane, High and Mighty",Command and Conquer,3
49385695,battle-hardened-lucerne-2025,"Victor Goldmane, High and Mighty",Cranial Crush,0
49385695,battle-hardened-lucerne-2025,"Victor Goldmane, High and Mighty",Crown of Dominion,1
49385695,battle-hardened-lucerne-2025,"Victor Goldmane, High and Mighty",Crown of Providence,1
49385695,battle-hardened-lucerne-2025,"Victor Goldmane, High and Mighty",Crush the Weak,3
49385695,battle-hardened-lucerne-2025,"Victor Goldmane, High and Mighty",Debilitate,2
49385695,battle-hardened-lucerne-2025,"Victor Goldmane, High and Mighty",Debilitate,3
49385695,battle-hardened-lucerne-2025,"Victor Goldmane, High and Mighty",Disable,1
49385695,battle-hardened-lucerne-2025,"Victor Goldmane, High and Mighty",Disable,3
49385695,battle-hardened-lucerne-2025,"Victor Goldmane, High and Mighty",Enlightened Strike,3
49385695,battle-hardened-lucerne-2025,"Victor Goldmane, High and Mighty",Fyendal's Spring Tunic,1
49385695,battle-hardened-lucerne-2025,"Victor Goldmane, High and Mighty",Gauntlets of Iron Will,1
49385695,battle-hardened-lucerne-2025,"Victor Goldmane, High and Mighty",Headbutt,0
49385695,battle-hardened-lucerne-2025,"Victor Goldmane, High and Mighty",Lunging Press,3
49385695,battle-hardened-lucerne-2025,"Victor Goldmane, High and Mighty",Macho Grande,3
49385695,battle-hardened-lucerne-2025,"Victor Goldmane, High and Mighty",Midas Touch,0
49385695,battle-hardened-lucerne-2025,"Victor Goldmane, High and Mighty",Miller's Grindstone,0
49385695,battle-hardened-lucerne-2025,"Victor Goldmane, High and Mighty",Nullrune Boots,1
49385695,battle-hardened-lucerne-2025,"Victor Goldmane, High and Mighty",Nullrune Gloves,0
49385695,battle-hardened-lucerne-2025,"Victor Goldmane, High and Mighty",Nullrune Hood,1
49385695,battle-hardened-lucerne-2025,"Victor Goldmane, High and Mighty",Nullrune Robe,1
49385695,battle-hardened-lucerne-2025,"Victor Goldmane, High and Mighty",Oasis Respite,2
49385695,battle-hardened-lucerne-2025,"Victor Goldmane, High and Mighty",Overload,0
49385695,battle-hardened-lucerne-2025,"Victor Goldmane, High and Mighty",Performance Bonus,0
49385695,battle-hardened-lucerne-2025,"Victor Goldmane, High and Mighty",Pummel,3
49385695,battle-hardened-lucerne-2025,"Victor Goldmane, High and Mighty",Quickdodge Flexors,1
49385695,battle-hardened-lucerne-2025,"Victor Goldmane, High and Mighty",Rally the Coast Guard,0
49385695,battle-hardened-lucerne-2025,"Victor Goldmane, High and Mighty",Rampart of the Ram's Head,0
49385695,battle-hardened-lucerne-2025,"Victor Goldmane, High and Mighty",Remembrance,0
49385695,battle-hardened-lucerne-2025,"Victor Goldmane, High and Mighty",Riches of Trōpal-Dhani,0
49385695,battle-hardened-lucerne-2025,"Victor Goldmane, High and Mighty",Rouse the Ancients,0
49385695,battle-hardened-lucerne-2025,"Victor Goldmane, High and Mighty",Shelter from the Storm,0
49385695,battle-hardened-lucerne-2025,"Victor Goldmane, High and Mighty",Sink Below,3
49385695,battle-hardened-lucerne-2025,"Victor Goldmane, High and Mighty",Spinal Crush,2
49385695,battle-hardened-lucerne-2025,"Victor Goldmane, High and Mighty",Staunch Response,3
49385695,battle-hardened-lucerne-2025,"Victor Goldmane, High and Mighty",Tectonic Plating,0
49385695,battle-hardened-lucerne-2025,"Victor Goldmane, High and Mighty",Test of Iron Grip,0
49385695,battle-hardened-lucerne-2025,"Victor Goldmane, High and Mighty",Test of Strength,3
49385695,battle-hardened-lucerne-2025,"Victor Goldmane, High and Mighty",The Golden Son,3
49385695,battle-hardened-lucerne-2025,"Victor Goldmane, High and Mighty",Thunder Quake,0
49385695,battle-hardened-lucerne-2025,"Victor Goldmane, High and Mighty",Thunk,3
49385695,battle-hardened-lucerne-2025,"Victor Goldmane, High and Mighty",Titan's Fist,1
49385695,battle-hardened-lucerne-2025,"Victor Goldmane, High and Mighty",Trounce,3
49385695,battle-hardened-lucerne-2025,"Victor Goldmane, High and Mighty",Visit Goldmane Estate,3
49385695,battle-hardened-lucerne-2025,"Victor Goldmane, High and Mighty",Wallop,3
49385695,battle-hardened-lucerne-2025,"Victor Goldmane, High and Mighty",Zealous Belting,2
78844547,battle-hardened-lucerne-2025,"Oscilio, Constella Intelligence",Aether Bindings of the Third Age,1
78844547,battle-hardened-lucerne-2025,"Oscilio, Constella Intelligence",Balance of Justice,0
78844547,battle-hardened-lucerne-2025,"Oscilio, Constella Intelligence",Battlefront Bastion,3
78844547,battle-hardened-lucerne-2025,"Oscilio, Constella Intelligence",Blast to Oblivion,3
78844547,battle-hardened-lucerne-2025,"Oscilio, Constella Intelligence",Blast to Oblivion,3
78844547,battle-hardened-lucerne-2025,"Oscilio, Constella Intelligence",Blink,3
78844547,battle-hardened-lucerne-2025,"Oscilio, Constella Intelligence",Burn Bare,3
78844547,battle-hardened-lucerne-2025,"Oscilio, Constella Intelligence",Calming Breeze,0
78844547,battle-hardened-lucerne-2025,"Oscilio, Constella Intelligence",Cap of Quick Thinking,1
78844547,battle-hardened-lucerne-2025,"Oscilio, Constella Intelligence",Channel Lightning Valley,3
78844547,battle-hardened-lucerne-2025,"Oscilio, Constella Intelligence",Comet Storm||Shock,3
78844547,battle-hardened-lucerne-2025,"Oscilio, Constella Intelligence",Command and Conquer,0
78844547,battle-hardened-lucerne-2025,"Oscilio, Constella Intelligence",Consign to Cosmos||Shock,3
78844547,battle-hardened-lucerne-2025,"Oscilio, Constella Intelligence",Current Funnel,3
78844547,battle-hardened-lucerne-2025,"Oscilio, Constella Intelligence",Eclectic Magnetism,3
78844547,battle-hardened-lucerne-2025,"Oscilio, Constella Intelligence",Electromagnetic Somersault,3
78844547,battle-hardened-lucerne-2025,"Oscilio, Constella Intelligence",Electrostatic Discharge,3
78844547,battle-hardened-lucerne-2025,"Oscilio, Constella Intelligence",Etchings of Arcana,3
78844547,battle-hardened-lucerne-2025,"Oscilio, Constella Intelligence",Flash of Brilliance,1
78844547,battle-hardened-lucerne-2025,"Oscilio, Constella Intelligence",Flittering Charge,3
78844547,battle-hardened-lucerne-2025,"Oscilio, Constella Intelligence",Fry,2
78844547,battle-hardened-lucerne-2025,"Oscilio, Constella Intelligence",Fyendal's Spring Tunic,1
78844547,battle-hardened-lucerne-2025,"Oscilio, Constella Intelligence",Glyph Overlay,0
78844547,battle-hardened-lucerne-2025,"Oscilio, Constella Intelligence",Gone in a Flash,3
78844547,battle-hardened-lucerne-2025,"Oscilio, Constella Intelligence",Lightning Greaves,1
78844547,battle-hardened-lucerne-2025,"Oscilio, Constella Intelligence",Lightning Press,2
78844547,battle-hardened-lucerne-2025,"Oscilio, Constella Intelligence",Mind Warp,3
78844547,battle-hardened-lucerne-2025,"Oscilio, Constella Intelligence",Null||Shock,2
78844547,battle-hardened-lucerne-2025,"Oscilio, Constella Intelligence",Oasis Respite,0
78844547,battle-hardened-lucerne-2025,"Oscilio, Constella Intelligence",Old Knocker,1
78844547,battle-hardened-lucerne-2025,"Oscilio, Constella Intelligence",Rewind,0
78844547,battle-hardened-lucerne-2025,"Oscilio, Constella Intelligence",Scour,0
78844547,battle-hardened-lucerne-2025,"Oscilio, Constella Intelligence",Shelter from the Storm,2
78844547,battle-hardened-lucerne-2025,"Oscilio, Constella Intelligence",Shock Charmers,0
78844547,battle-hardened-lucerne-2025,"Oscilio, Constella Intelligence",Sigil of Aether,0
78844547,battle-hardened-lucerne-2025,"Oscilio, Constella Intelligence",Sigil of Brilliance,3
78844547,battle-hardened-lucerne-2025,"Oscilio, Constella Intelligence",Sigil of Conductivity,3
78844547,battle-hardened-lucerne-2025,"Oscilio, Constella Intelligence",Sigil of Lightning,3
78844547,battle-hardened-lucerne-2025,"Oscilio, Constella Intelligence",Sigil of Solace,3
78844547,battle-hardened-lucerne-2025,"Oscilio, Constella Intelligence",Sink Below,3
78844547,battle-hardened-lucerne-2025,"Oscilio, Constella Intelligence",Snag,2
78844547,battle-hardened-lucerne-2025,"Oscilio, Constella Intelligence","Volzar, the Lightning Rod",1
26979662,battle-hardened-lucerne-2025,"Cindra, Dracai of Retribution",Ancestral Empowerment,3
26979662,battle-hardened-lucerne-2025,"Cindra, Dracai of Retribution",Art of the Dragon: Blood,3
26979662,battle-hardened-lucerne-2025,"Cindra, Dracai of Retribution",Art of the Dragon: Fire,3
26979662,battle-hardened-lucerne-2025,"Cindra, Dracai of Retribution",Art of the Dragon: Scale,0
26979662,battle-hardened-lucerne-2025,"Cindra, Dracai of Retribution",Battlefront Bastion,3
26979662,battle-hardened-lucerne-2025,"Cindra, Dracai of Retribution",Blaze Headlong,3
26979662,battle-hardened-lucerne-2025,"Cindra, Dracai of Retribution",Blood Runs Deep,0
26979662,battle-hardened-lucerne-2025,"Cindra, Dracai of Retribution",Blood Splattered Vest,1
26979662,battle-hardened-lucerne-2025,"Cindra, Dracai of Retribution",Brand with Cinderclaw,3
26979662,battle-hardened-lucerne-2025,"Cindra, Dracai of Retribution",Brand with Cinderclaw,3
26979662,battle-hardened-lucerne-2025,"Cindra, Dracai of Retribution",Breaking Point,1
26979662,battle-hardened-lucerne-2025,"Cindra, Dracai of Retribution",Burning Blade Dance,3
26979662,battle-hardened-lucerne-2025,"Cindra, Dracai of Retribution",Claw of Vynserakai,1
26979662,battle-hardened-lucerne-2025,"Cindra, Dracai of Retribution",Command and Conquer,0
26979662,battle-hardened-lucerne-2025,"Cindra, Dracai of Retribution",Concealed Blade,0
26979662,battle-hardened-lucerne-2025,"Cindra, Dracai of Retribution",Cut Through,0
26979662,battle-hardened-lucerne-2025,"Cindra, Dracai of Retribution",Demonstrate Devotion,2
26979662,battle-hardened-lucerne-2025,"Cindra, Dracai of Retribution",Devotion Never Dies,0
26979662,battle-hardened-lucerne-2025,"Cindra, Dracai of Retribution",Display Loyalty,3
26979662,battle-hardened-lucerne-2025,"Cindra, Dracai of Retribution",Double Strike,0
26979662,battle-hardened-lucerne-2025,"Cindra, Dracai of Retribution",Dragon Power,0
26979662,battle-hardened-lucerne-2025,"Cindra, Dracai of Retribution",Dragonscaler Flight Path,1
26979662,battle-hardened-lucerne-2025,"Cindra, Dracai of Retribution",Drop of Dragon Blood,0
26979662,battle-hardened-lucerne-2025,"Cindra, Dracai of Retribution",Enlightened Strike,0
26979662,battle-hardened-lucerne-2025,"Cindra, Dracai of Retribution",Erase Face,0
26979662,battle-hardened-lucerne-2025,"Cindra, Dracai of Retribution",Fate Foreseen,0
26979662,battle-hardened-lucerne-2025,"Cindra, Dracai of Retribution",Fire Tenet: Strike First,3
26979662,battle-hardened-lucerne-2025,"Cindra, Dracai of Retribution",Flamescale Furnace,0
26979662,battle-hardened-lucerne-2025,"Cindra, Dracai of Retribution",Flick Knives,1
26979662,battle-hardened-lucerne-2025,"Cindra, Dracai of Retribution",Hot on Their Heels,3
26979662,battle-hardened-lucerne-2025,"Cindra, Dracai of Retribution",Hunt the Hunter,2
26979662,battle-hardened-lucerne-2025,"Cindra, Dracai of Retribution",Hunt to the Ends of Rathe,0
26979662,battle-hardened-lucerne-2025,"Cindra, Dracai of Retribution",Ignite,3
26979662,battle-hardened-lucerne-2025,"Cindra, Dracai of Retribution",Kunai of Retribution,2
26979662,battle-hardened-lucerne-2025,"Cindra, Dracai of Retribution",Lava Burst,2
26979662,battle-hardened-lucerne-2025,"Cindra, Dracai of Retribution",Lava Vein Loyalty,0
26979662,battle-hardened-lucerne-2025,"Cindra, Dracai of Retribution",Loyalty Beyond the Grave,3
26979662,battle-hardened-lucerne-2025,"Cindra, Dracai of Retribution",Mask of Momentum,1
26979662,battle-hardened-lucerne-2025,"Cindra, Dracai of Retribution",Mask of the Pouncing Lynx,1
26979662,battle-hardened-lucerne-2025,"Cindra, Dracai of Retribution",Oath of Loyalty,2
26979662,battle-hardened-lucerne-2025,"Cindra, Dracai of Retribution",Pain in the Backside,0
26979662,battle-hardened-lucerne-2025,"Cindra, Dracai of Retribution",Prowess of Agility,0
26979662,battle-hardened-lucerne-2025,"Cindra, Dracai of Retribution",Rally the Coast Guard,0
26979662,battle-hardened-lucerne-2025,"Cindra, Dracai of Retribution",Ravenous Rabble,3
26979662,battle-hardened-lucerne-2025,"Cindra, Dracai of Retribution",Rising Resentment,3
26979662,battle-hardened-lucerne-2025,"Cindra, Dracai of Retribution",Ronin Renegade,3
26979662,battle-hardened-lucerne-2025,"Cindra, Dracai of Retribution",Salt the Wound,0
26979662,battle-hardened-lucerne-2025,"Cindra, Dracai of Retribution",Sea Legs,0
26979662,battle-hardened-lucerne-2025,"Cindra, Dracai of Retribution",Shelter from the Storm,3
26979662,battle-hardened-lucerne-2025,"Cindra, Dracai of Retribution",Sink Below,0
26979662,battle-hardened-lucerne-2025,"Cindra, Dracai of Retribution",Snatch,0
26979662,battle-hardened-lucerne-2025,"Cindra, Dracai of Retribution",Spell Fray Cloak,1
26979662,battle-hardened-lucerne-2025,"Cindra, Dracai of Retribution",Spell Fray Leggings,1
26979662,battle-hardened-lucerne-2025,"Cindra, Dracai of Retribution",Spreading Flames,2
26979662,battle-hardened-lucerne-2025,"Cindra, Dracai of Retribution",Tag the Target,0
26979662,battle-hardened-lucerne-2025,"Cindra, Dracai of Retribution",Tenacity,0
26979662,battle-hardened-lucerne-2025,"Cindra, Dracai of Retribution",Thaw,0
26979662,battle-hardened-lucerne-2025,"Cindra, Dracai of Retribution",Throw Dagger,3
26979662,battle-hardened-lucerne-2025,"Cindra, Dracai of Retribution",Tide Flippers,0
26979662,battle-hardened-lucerne-2025,"Cindra, Dracai of Retribution",Tome of Imperial Flame,0
26979662,battle-hardened-lucerne-2025,"Cindra, Dracai of Retribution",Warmonger's Diplomacy,3
26979662,battle-hardened-lucerne-2025,"Cindra, Dracai of Retribution",Wax On,1
26979662,battle-hardened-lucerne-2025,"Cindra, Dracai of Retribution",Wrath of Retribution,1
89655991,battle-hardened-lucerne-2025,"Verdance, Thorn of the Rose",Aether Arc,0
89655991,battle-hardened-lucerne-2025,"Verdance, Thorn of the Rose",Alluvion Constellas,1
89655991,battle-hardened-lucerne-2025,"Verdance, Thorn of the Rose",Arcane Compliance,1
89655991,battle-hardened-lucerne-2025,"Verdance, Thorn of the Rose",Arcane Twining,3
89655991,battle-hardened-lucerne-2025,"Verdance, Thorn of the Rose",Autumn's Touch,3
89655991,battle-hardened-lucerne-2025,"Verdance, Thorn of the Rose",Barkskin of the Millennium Tree,1
89655991,battle-hardened-lucerne-2025,"Verdance, Thorn of the Rose",Blade Beckoner Gauntlets,0
89655991,battle-hardened-lucerne-2025,"Verdance, Thorn of the Rose",Blanch,0
89655991,battle-hardened-lucerne-2025,"Verdance, Thorn of the Rose",Burn Bare,3
89655991,battle-hardened-lucerne-2025,"Verdance, Thorn of the Rose",Cadaverous Tilling,2
89655991,battle-hardened-lucerne-2025,"Verdance, Thorn of the Rose",Calming Breeze,0
89655991,battle-hardened-lucerne-2025,"Verdance, Thorn of the Rose",Command and Conquer,3
89655991,battle-hardened-lucerne-2025,"Verdance, Thorn of the Rose",Crown of Providence,1
89655991,battle-hardened-lucerne-2025,"Verdance, Thorn of the Rose",Destructive Aethertide,0
89655991,battle-hardened-lucerne-2025,"Verdance, Thorn of the Rose",Emeritus Scolding,3
89655991,battle-hardened-lucerne-2025,"Verdance, Thorn of the Rose",Enlightened Strike,3
89655991,battle-hardened-lucerne-2025,"Verdance, Thorn of the Rose",Erase Face,0
89655991,battle-hardened-lucerne-2025,"Verdance, Thorn of the Rose",Everbloom||Life,3
89655991,battle-hardened-lucerne-2025,"Verdance, Thorn of the Rose",Evergreen,0
89655991,battle-hardened-lucerne-2025,"Verdance, Thorn of the Rose",Fate Foreseen,0
89655991,battle-hardened-lucerne-2025,"Verdance, Thorn of the Rose",Felling of the Crown,3
89655991,battle-hardened-lucerne-2025,"Verdance, Thorn of the Rose",Fruits of the Forest,3
89655991,battle-hardened-lucerne-2025,"Verdance, Thorn of the Rose",Fruits of the Forest,3
89655991,battle-hardened-lucerne-2025,"Verdance, Thorn of the Rose",Fyendal's Spring Tunic,0
89655991,battle-hardened-lucerne-2025,"Verdance, Thorn of the Rose",Healing Potion,3
89655991,battle-hardened-lucerne-2025,"Verdance, Thorn of the Rose",Heartbeat of Candlehold,3
89655991,battle-hardened-lucerne-2025,"Verdance, Thorn of the Rose",Mental Block,3
89655991,battle-hardened-lucerne-2025,"Verdance, Thorn of the Rose",Metacarpus Node,1
89655991,battle-hardened-lucerne-2025,"Verdance, Thorn of the Rose",Outed,0
89655991,battle-hardened-lucerne-2025,"Verdance, Thorn of the Rose",Plow Under,3
89655991,battle-hardened-lucerne-2025,"Verdance, Thorn of the Rose",Plume of Evergrowth,1
89655991,battle-hardened-lucerne-2025,"Verdance, Thorn of the Rose",Pounamu Amulet,1
89655991,battle-hardened-lucerne-2025,"Verdance, Thorn of the Rose",Pulsing Aether||Life,3
89655991,battle-hardened-lucerne-2025,"Verdance, Thorn of the Rose",Rampant Growth||Life,3
89655991,battle-hardened-lucerne-2025,"Verdance, Thorn of the Rose",Ring of Roses,1
89655991,battle-hardened-lucerne-2025,"Verdance, Thorn of the Rose",Rootbound Carapace,3
89655991,battle-hardened-lucerne-2025,"Verdance, Thorn of the Rose",Rowdy Locals,0
89655991,battle-hardened-lucerne-2025,"Verdance, Thorn of the Rose",Scar for a Scar,2
89655991,battle-hardened-lucerne-2025,"Verdance, Thorn of the Rose",Scour,3
89655991,battle-hardened-lucerne-2025,"Verdance, Thorn of the Rose",Seeds of Tomorrow,0
89655991,battle-hardened-lucerne-2025,"Verdance, Thorn of the Rose",Shelter from the Storm,3
89655991,battle-hardened-lucerne-2025,"Verdance, Thorn of the Rose",Sigil of Solace,0
89655991,battle-hardened-lucerne-2025,"Verdance, Thorn of the Rose",Sink Below,3
89655991,battle-hardened-lucerne-2025,"Verdance, Thorn of the Rose",Sirens of Safe Harbor,0
89655991,battle-hardened-lucerne-2025,"Verdance, Thorn of the Rose",Stonewall Gauntlet,1
89655991,battle-hardened-lucerne-2025,"Verdance, Thorn of the Rose",Storm Striders,1
89655991,battle-hardened-lucerne-2025,"Verdance, Thorn of the Rose",Summer's Fall,2
89655991,battle-hardened-lucerne-2025,"Verdance, Thorn of the Rose",Surgent Aethertide,1
89655991,battle-hardened-lucerne-2025,"Verdance, Thorn of the Rose",This Round's on Me,0
89655991,battle-hardened-lucerne-2025,"Verdance, Thorn of the Rose",Waning Moon,1
89655991,battle-hardened-lucerne-2025,"Verdance, Thorn of the Rose",Warmonger's Diplomacy,2
53499814,battle-hardened-lucerne-2025,"Cindra, Dracai of Retribution",Ancestral Empowerment,3
53499814,battle-hardened-lucerne-2025,"Cindra, Dracai of Retribution",Art of the Dragon: Blood,3
53499814,battle-hardened-lucerne-2025,"Cindra, Dracai of Retribution",Art of the Dragon: Fire,2
53499814,battle-hardened-lucerne-2025,"Cindra, Dracai of Retribution",Art of the Dragon: Scale,0
53499814,battle-hardened-lucerne-2025,"Cindra, Dracai of Retribution",Battlefront Bastion,3
53499814,battle-hardened-lucerne-2025,"Cindra, Dracai of Retribution",Blaze Headlong,3
53499814,battle-hardened-lucerne-2025,"Cindra, Dracai of Retribution",Blood Runs Deep,2
53499814,battle-hardened-lucerne-2025,"Cindra, Dracai of Retribution",Blood Splattered Vest,1
53499814,battle-hardened-lucerne-2025,"Cindra, Dracai of Retribution",Brand with Cinderclaw,3
53499814,battle-hardened-lucerne-2025,"Cindra, Dracai of Retribution",Breaking Point,2
53499814,battle-hardened-lucerne-2025,"Cindra, Dracai of Retribution",Burning Blade Dance,0
53499814,battle-hardened-lucerne-2025,"Cindra, Dracai of Retribution",Claw of Vynserakai,1
53499814,battle-hardened-lucerne-2025,"Cindra, Dracai of Retribution",Command and Conquer,0
53499814,battle-hardened-lucerne-2025,"Cindra, Dracai of Retribution",Concealed Blade,0
53499814,battle-hardened-lucerne-2025,"Cindra, Dracai of Retribution",Cut Through,3
53499814,battle-hardened-lucerne-2025,"Cindra, Dracai of Retribution",Demonstrate Devotion,2
53499814,battle-hardened-lucerne-2025,"Cindra, Dracai of Retribution",Devotion Never Dies,0
53499814,battle-hardened-lucerne-2025,"Cindra, Dracai of Retribution",Display Loyalty,3
53499814,battle-hardened-lucerne-2025,"Cindra, Dracai of Retribution",Double Strike,0
53499814,battle-hardened-lucerne-2025,"Cindra, Dracai of Retribution",Dragon Power,0
53499814,battle-hardened-lucerne-2025,"Cindra, Dracai of Retribution",Dragonscaler Flight Path,1
53499814,battle-hardened-lucerne-2025,"Cindra, Dracai of Retribution",Drop of Dragon Blood,0
53499814,battle-hardened-lucerne-2025,"Cindra, Dracai of Retribution",Enlightened Strike,0
53499814,battle-hardened-lucerne-2025,"Cindra, Dracai of Retribution",Erase Face,0
53499814,battle-hardened-lucerne-2025,"Cindra, Dracai of Retribution",Fate Foreseen,0
53499814,battle-hardened-lucerne-2025,"Cindra, Dracai of Retribution",Fire Tenet: Strike First,3
53499814,battle-hardened-lucerne-2025,"Cindra, Dracai of Retribution",Flamescale Furnace,0
53499814,battle-hardened-lucerne-2025,"Cindra, Dracai of Retribution",Flick Knives,1
53499814,battle-hardened-lucerne-2025,"Cindra, Dracai of Retribution",Hot on Their Heels,3
53499814,battle-hardened-lucerne-2025,"Cindra, Dracai of Retribution",Hunt the Hunter,2
53499814,battle-hardened-lucerne-2025,"Cindra, Dracai of Retribution",Hunt to the Ends of Rathe,2
53499814,battle-hardened-lucerne-2025,"Cindra, Dracai of Retribution",Ignite,3
53499814,battle-hardened-lucerne-2025,"Cindra, Dracai of Retribution",Kunai of Retribution,2
53499814,battle-hardened-lucerne-2025,"Cindra, Dracai of Retribution",Lava Burst,1
53499814,battle-hardened-lucerne-2025,"Cindra, Dracai of Retribution",Lava Vein Loyalty,0
53499814,battle-hardened-lucerne-2025,"Cindra, Dracai of Retribution",Loyalty Beyond the Grave,0
53499814,battle-hardened-lucerne-2025,"Cindra, Dracai of Retribution",Mask of Momentum,1
53499814,battle-hardened-lucerne-2025,"Cindra, Dracai of Retribution",Mask of the Pouncing Lynx,1
53499814,battle-hardened-lucerne-2025,"Cindra, Dracai of Retribution",Oath of Loyalty,2
53499814,battle-hardened-lucerne-2025,"Cindra, Dracai of Retribution",Pain in the Backside,0
53499814,battle-hardened-lucerne-2025,"Cindra, Dracai of Retribution",Prowess of Agility,0
53499814,battle-hardened-lucerne-2025,"Cindra, Dracai of Retribution",Rally the Coast Guard,0
53499814,battle-hardened-lucerne-2025,"Cindra, Dracai of Retribution",Ravenous Rabble,3
53499814,battle-hardened-lucerne-2025,"Cindra, Dracai of Retribution",Rising Resentment,3
53499814,battle-hardened-lucerne-2025,"Cindra, Dracai of Retribution",Ronin Renegade,3
53499814,battle-hardened-lucerne-2025,"Cindra, Dracai of Retribution",Salt the Wound,1
53499814,battle-hardened-lucerne-2025,"Cindra, Dracai of Retribution",Sea Legs,0
53499814,battle-hardened-lucerne-2025,"Cindra, Dracai of Retribution",Shelter from the Storm,3
53499814,battle-hardened-lucerne-2025,"Cindra, Dracai of Retribution",Sink Below,3
53499814,battle-hardened-lucerne-2025,"Cindra, Dracai of Retribution",Snatch,2
53499814,battle-hardened-lucerne-2025,"Cindra, Dracai of Retribution",Spell Fray Cloak,0
53499814,battle-hardened-lucerne-2025,"Cindra, Dracai of Retribution",Spell Fray Leggings,0
53499814,battle-hardened-lucerne-2025,"Cindra, Dracai of Retribution",Spreading Flames,2
53499814,battle-hardened-lucerne-2025,"Cindra, Dracai of Retribution",Tag the Target,2
53499814,battle-hardened-lucerne-2025,"Cindra, Dracai of Retribution",Tenacity,1
53499814,battle-hardened-lucerne-2025,"Cindra, Dracai of Retribution",Thaw,0
53499814,battle-hardened-lucerne-2025,"Cindra, Dracai of Retribution",Throw Dagger,3
53499814,battle-hardened-lucerne-2025,"Cindra, Dracai of Retribution",Tide Flippers,0
53499814,battle-hardened-lucerne-2025,"Cindra, Dracai of Retribution",Tome of Imperial Flame,0
53499814,battle-hardened-lucerne-2025,"Cindra, Dracai of Retribution",Warmonger's Diplomacy,0
53499814,battle-hardened-lucerne-2025,"Cindra, Dracai of Retribution",Wax On,0
53499814,battle-hardened-lucerne-2025,"Cindra, Dracai of Retribution",Wrath of Retribution,1
39713346,battle-hardened-lucerne-2025,"Cindra, Dracai of Retribution",Ancestral Empowerment,3
39713346,battle-hardened-lucerne-2025,"Cindra, Dracai of Retribution",Art of the Dragon: Blood,3
39713346,battle-hardened-lucerne-2025,"Cindra, Dracai of Retribution",Art of the Dragon: Fire,0
39713346,battle-hardened-lucerne-2025,"Cindra, Dracai of Retribution",Art of the Dragon: Scale,0
39713346,battle-hardened-lucerne-2025,"Cindra, Dracai of Retribution",Battlefront Bastion,0
39713346,battle-hardened-lucerne-2025,"Cindra, Dracai of Retribution",Blaze Headlong,3
39713346,battle-hardened-lucerne-2025,"Cindra, Dracai of Retribution",Blood Runs Deep,1
39713346,battle-hardened-lucerne-2025,"Cindra, Dracai of Retribution",Blood Splattered Vest,1
39713346,battle-hardened-lucerne-2025,"Cindra, Dracai of Retribution",Brand with Cinderclaw,3
39713346,battle-hardened-lucerne-2025,"Cindra, Dracai of Retribution",Brand with Cinderclaw,3
39713346,battle-hardened-lucerne-2025,"Cindra, Dracai of Retribution",Breaking Point,0
39713346,battle-hardened-lucerne-2025,"Cindra, Dracai of Retribution",Burning Blade Dance,3
39713346,battle-hardened-lucerne-2025,"Cindra, Dracai of Retribution",Claw of Vynserakai,1
39713346,battle-hardened-lucerne-2025,"Cindra, Dracai of Retribution",Command and Conquer,0
39713346,battle-hardened-lucerne-2025,"Cindra, Dracai of Retribution",Concealed Blade,0
39713346,battle-hardened-lucerne-2025,"Cindra, Dracai of Retribution",Cut Through,3
39713346,battle-hardened-lucerne-2025,"Cindra, Dracai of Retribution",Demonstrate Devotion,2
39713346,battle-hardened-lucerne-2025,"Cindra, Dracai of Retribution",Devotion Never Dies,0
39713346,battle-hardened-lucerne-2025,"Cindra, Dracai of Retribution",Display Loyalty,3
39713346,battle-hardened-lucerne-2025,"Cindra, Dracai of Retribution",Double Strike,0
39713346,battle-hardened-lucerne-2025,"Cindra, Dracai of Retribution",Dragon Power,0
39713346,battle-hardened-lucerne-2025,"Cindra, Dracai of Retribution",Dragonscaler Flight Path,1
39713346,battle-hardened-lucerne-2025,"Cindra, Dracai of Retribution",Drop of Dragon Blood,0
39713346,battle-hardened-lucerne-2025,"Cindra, Dracai of Retribution",Enlightened Strike,0
39713346,battle-hardened-lucerne-2025,"Cindra, Dracai of Retribution",Erase Face,0
39713346,battle-hardened-lucerne-2025,"Cindra, Dracai of Retribution",Fate Foreseen,0
39713346,battle-hardened-lucerne-2025,"Cindra, Dracai of Retribution",Fire Tenet: Strike First,3
39713346,battle-hardened-lucerne-2025,"Cindra, Dracai of Retribution",Flamescale Furnace,0
39713346,battle-hardened-lucerne-2025,"Cindra, Dracai of Retribution",Flick Knives,1
39713346,battle-hardened-lucerne-2025,"Cindra, Dracai of Retribution",Hot on Their Heels,3
39713346,battle-hardened-lucerne-2025,"Cindra, Dracai of Retribution",Hunt the Hunter,0
39713346,battle-hardened-lucerne-2025,"Cindra, Dracai of Retribution",Hunt to the Ends of Rathe,0
39713346,battle-hardened-lucerne-2025,"Cindra, Dracai of Retribution",Ignite,3
39713346,battle-hardened-lucerne-2025,"Cindra, Dracai of Retribution",Kunai of Retribution,2
39713346,battle-hardened-lucerne-2025,"Cindra, Dracai of Retribution",Lava Burst,3
39713346,battle-hardened-lucerne-2025,"Cindra, Dracai of Retribution",Lava Vein Loyalty,3
39713346,battle-hardened-lucerne-2025,"Cindra, Dracai of Retribution",Loyalty Beyond the Grave,3
39713346,battle-hardened-lucerne-2025,"Cindra, Dracai of Retribution",Mask of Momentum,1
39713346,battle-hardened-lucerne-2025,"Cindra, Dracai of Retribution",Mask of the Pouncing Lynx,0
39713346,battle-hardened-lucerne-2025,"Cindra, Dracai of Retribution",Oath of Loyalty,3
39713346,battle-hardened-lucerne-2025,"Cindra, Dracai of Retribution",Pain in the Backside,3
39713346,battle-hardened-lucerne-2025,"Cindra, Dracai of Retribution",Prowess of Agility,0
39713346,battle-hardened-lucerne-2025,"Cindra, Dracai of Retribution",Rally the Coast Guard,0
39713346,battle-hardened-lucerne-2025,"Cindra, Dracai of Retribution",Ravenous Rabble,3
39713346,battle-hardened-lucerne-2025,"Cindra, Dracai of Retribution",Rising Resentment,3
39713346,battle-hardened-lucerne-2025,"Cindra, Dracai of Retribution",Ronin Renegade,3
39713346,battle-hardened-lucerne-2025,"Cindra, Dracai of Retribution",Salt the Wound,0
39713346,battle-hardened-lucerne-2025,"Cindra, Dracai of Retribution",Sea Legs,0
39713346,battle-hardened-lucerne-2025,"Cindra, Dracai of Retribution",Shelter from the Storm,3
39713346,battle-hardened-lucerne-2025,"Cindra, Dracai of Retribution",Sink Below,3
39713346,battle-hardened-lucerne-2025,"Cindra, Dracai of Retribution",Snatch,0
39713346,battle-hardened-lucerne-2025,"Cindra, Dracai of Retribution",Spell Fray Cloak,0
39713346,battle-hardened-lucerne-2025,"Cindra, Dracai of Retribution",Spell Fray Leggings,0
39713346,battle-hardened-lucerne-2025,"Cindra, Dracai of Retribution",Spreading Flames,3
39713346,battle-hardened-lucerne-2025,"Cindra, Dracai of Retribution",Tag the Target,0
39713346,battle-hardened-lucerne-2025,"Cindra, Dracai of Retribution",Tenacity,0
39713346,battle-hardened-lucerne-2025,"Cindra, Dracai of Retribution",Thaw,0
39713346,battle-hardened-lucerne-2025,"Cindra, Dracai of Retribution",Throw Dagger,0
39713346,battle-hardened-lucerne-2025,"Cindra, Dracai of Retribution",Tide Flippers,0
39713346,battle-hardened-lucerne-2025,"Cindra, Dracai of Retribution",Tome of Imperial Flame,0
39713346,battle-hardened-lucerne-2025,"Cindra, Dracai of Retribution",Warmonger's Diplomacy,3
39713346,battle-hardened-lucerne-2025,"Cindra, Dracai of Retribution",Wax On,0
39713346,battle-hardened-lucerne-2025,"Cindra, Dracai of Retribution",Wrath of Retribution,1
45726979,battle-hardened-lucerne-2025,"Rhinar, Reckless Rampage",Agile Windup,3
45726979,battle-hardened-lucerne-2025,"Rhinar, Reckless Rampage",Apex Bonebreaker,1
45726979,battle-hardened-lucerne-2025,"Rhinar, Reckless Rampage",Bam Bam,3
45726979,battle-hardened-lucerne-2025,"Rhinar, Reckless Rampage",Barraging Beatdown,3
45726979,battle-hardened-lucerne-2025,"Rhinar, Reckless Rampage",Beast Within,3
45726979,battle-hardened-lucerne-2025,"Rhinar, Reckless Rampage",Bloodrush Bellow,3
45726979,battle-hardened-lucerne-2025,"Rhinar, Reckless Rampage",Burdens of the Past,1
45726979,battle-hardened-lucerne-2025,"Rhinar, Reckless Rampage",Command and Conquer,3
45726979,battle-hardened-lucerne-2025,"Rhinar, Reckless Rampage",Erase Face,2
45726979,battle-hardened-lucerne-2025,"Rhinar, Reckless Rampage",Fate Foreseen,2
45726979,battle-hardened-lucerne-2025,"Rhinar, Reckless Rampage",Fyendal's Spring Tunic,1
45726979,battle-hardened-lucerne-2025,"Rhinar, Reckless Rampage",Humble,1
45726979,battle-hardened-lucerne-2025,"Rhinar, Reckless Rampage",Mandible Claw,2
45726979,battle-hardened-lucerne-2025,"Rhinar, Reckless Rampage",Nullrune Gloves,1
45726979,battle-hardened-lucerne-2025,"Rhinar, Reckless Rampage",Pack Hunt,2
45726979,battle-hardened-lucerne-2025,"Rhinar, Reckless Rampage",Pulping,3
45726979,battle-hardened-lucerne-2025,"Rhinar, Reckless Rampage",Pummel,2
45726979,battle-hardened-lucerne-2025,"Rhinar, Reckless Rampage",Reckless Swing,1
45726979,battle-hardened-lucerne-2025,"Rhinar, Reckless Rampage",Remembrance,1
45726979,battle-hardened-lucerne-2025,"Rhinar, Reckless Rampage",Run Roughshod,3
45726979,battle-hardened-lucerne-2025,"Rhinar, Reckless Rampage",Runner Runner,2
45726979,battle-hardened-lucerne-2025,"Rhinar, Reckless Rampage",Savage Sash,1
45726979,battle-hardened-lucerne-2025,"Rhinar, Reckless Rampage",Scabskin Leathers,1
45726979,battle-hardened-lucerne-2025,"Rhinar, Reckless Rampage",Scowling Flesh Bag,1
45726979,battle-hardened-lucerne-2025,"Rhinar, Reckless Rampage",Sea Legs,3
45726979,battle-hardened-lucerne-2025,"Rhinar, Reckless Rampage",Send Packing,3
45726979,battle-hardened-lucerne-2025,"Rhinar, Reckless Rampage",Shelter from the Storm,3
45726979,battle-hardened-lucerne-2025,"Rhinar, Reckless Rampage",Sink Below,3
45726979,battle-hardened-lucerne-2025,"Rhinar, Reckless Rampage",Skullhorn,1
45726979,battle-hardened-lucerne-2025,"Rhinar, Reckless Rampage",Smashback Alehorn,3
45726979,battle-hardened-lucerne-2025,"Rhinar, Reckless Rampage",Snag,2
45726979,battle-hardened-lucerne-2025,"Rhinar, Reckless Rampage",Splatter Skull,3
45726979,battle-hardened-lucerne-2025,"Rhinar, Reckless Rampage",Strength Rules All,1
45726979,battle-hardened-lucerne-2025,"Rhinar, Reckless Rampage",Swing Big,3
45726979,battle-hardened-lucerne-2025,"Rhinar, Reckless Rampage",Trot Along,3
45726979,battle-hardened-lucerne-2025,"Rhinar, Reckless Rampage",Wild Ride,3
45726979,battle-hardened-lucerne-2025,"Rhinar, Reckless Rampage",Wrecker Romp,3
95374148,battle-hardened-lucerne-2025,"Vynnset, Iron Maiden",Beseech the Demigon,3
95374148,battle-hardened-lucerne-2025,"Vynnset, Iron Maiden",Bloodied Oval,0
95374148,battle-hardened-lucerne-2025,"Vynnset, Iron Maiden",Bounding Demigon,0
95374148,battle-hardened-lucerne-2025,"Vynnset, Iron Maiden",Crown of Providence,0
95374148,battle-hardened-lucerne-2025,"Vynnset, Iron Maiden",Cull,3
95374148,battle-hardened-lucerne-2025,"Vynnset, Iron Maiden",Dance of Darkness,0
95374148,battle-hardened-lucerne-2025,"Vynnset, Iron Maiden",Deadwood Dirge,3
95374148,battle-hardened-lucerne-2025,"Vynnset, Iron Maiden",Deathly Delight,3
95374148,battle-hardened-lucerne-2025,"Vynnset, Iron Maiden",Deathly Wail,3
95374148,battle-hardened-lucerne-2025,"Vynnset, Iron Maiden",Deathly Wail,3
95374148,battle-hardened-lucerne-2025,"Vynnset, Iron Maiden",Deathly Wail,3
95374148,battle-hardened-lucerne-2025,"Vynnset, Iron Maiden",Dyadic Carapace,1
95374148,battle-hardened-lucerne-2025,"Vynnset, Iron Maiden",Ebon Fold,0
95374148,battle-hardened-lucerne-2025,"Vynnset, Iron Maiden",Eloquent Eulogy,3
95374148,battle-hardened-lucerne-2025,"Vynnset, Iron Maiden",Envelop in Darkness,0
95374148,battle-hardened-lucerne-2025,"Vynnset, Iron Maiden",Face Purgatory,1
95374148,battle-hardened-lucerne-2025,"Vynnset, Iron Maiden",Flail of Agony,1
95374148,battle-hardened-lucerne-2025,"Vynnset, Iron Maiden",Funeral Moon,3
95374148,battle-hardened-lucerne-2025,"Vynnset, Iron Maiden",Fyendal's Spring Tunic,1
95374148,battle-hardened-lucerne-2025,"Vynnset, Iron Maiden",Grimoire of the Haunt,1
95374148,battle-hardened-lucerne-2025,"Vynnset, Iron Maiden",Haunting Rendition,3
95374148,battle-hardened-lucerne-2025,"Vynnset, Iron Maiden",Invert Existence,3
95374148,battle-hardened-lucerne-2025,"Vynnset, Iron Maiden",Machinations of Dominion,3
95374148,battle-hardened-lucerne-2025,"Vynnset, Iron Maiden",Malefic Incantation,3
95374148,battle-hardened-lucerne-2025,"Vynnset, Iron Maiden",Malefic Incantation,3
95374148,battle-hardened-lucerne-2025,"Vynnset, Iron Maiden",Mauvrion Skies,3
95374148,battle-hardened-lucerne-2025,"Vynnset, Iron Maiden",Oblivion,0
95374148,battle-hardened-lucerne-2025,"Vynnset, Iron Maiden",Read the Runes,3
95374148,battle-hardened-lucerne-2025,"Vynnset, Iron Maiden",Reaping Blade,1
95374148,battle-hardened-lucerne-2025,"Vynnset, Iron Maiden",Reduce to Runechant,3
95374148,battle-hardened-lucerne-2025,"Vynnset, Iron Maiden",Requiem for the Damned,3
95374148,battle-hardened-lucerne-2025,"Vynnset, Iron Maiden",Revel in Runeblood,0
95374148,battle-hardened-lucerne-2025,"Vynnset, Iron Maiden",Shadow Puppetry,3
95374148,battle-hardened-lucerne-2025,"Vynnset, Iron Maiden",Spellbound Creepers,1
95374148,battle-hardened-lucerne-2025,"Vynnset, Iron Maiden",Succumb to Temptation,3
95374148,battle-hardened-lucerne-2025,"Vynnset, Iron Maiden",Swarming Gloomveil,0
95374148,battle-hardened-lucerne-2025,"Vynnset, Iron Maiden",Vantom Banshee,0
95374148,battle-hardened-lucerne-2025,"Vynnset, Iron Maiden",Vantom Wraith,3
95374148,battle-hardened-lucerne-2025,"Vynnset, Iron Maiden",Vexing Quillhand,1
95374148,battle-hardened-lucerne-2025,"Vynnset, Iron Maiden",Widespread Annihilation,3
95374148,battle-hardened-lucerne-2025,"Vynnset, Iron Maiden",Widespread Destruction,3
95374148,battle-hardened-lucerne-2025,"Vynnset, Iron Maiden",Widespread Ruin,3
13564227,battle-hardened-lucerne-2025,"Oscilio, Constella Intelligence",Aether Bindings of the Third Age,1
13564227,battle-hardened-lucerne-2025,"Oscilio, Constella Intelligence",Balance of Justice,0
13564227,battle-hardened-lucerne-2025,"Oscilio, Constella Intelligence",Battlefront Bastion,2
13564227,battle-hardened-lucerne-2025,"Oscilio, Constella Intelligence",Blast to Oblivion,3
13564227,battle-hardened-lucerne-2025,"Oscilio, Constella Intelligence",Blast to Oblivion,3
13564227,battle-hardened-lucerne-2025,"Oscilio, Constella Intelligence",Blink,3
13564227,battle-hardened-lucerne-2025,"Oscilio, Constella Intelligence",Burn Bare,3
13564227,battle-hardened-lucerne-2025,"Oscilio, Constella Intelligence",Calming Breeze,0
13564227,battle-hardened-lucerne-2025,"Oscilio, Constella Intelligence",Cap of Quick Thinking,1
13564227,battle-hardened-lucerne-2025,"Oscilio, Constella Intelligence",Channel Lightning Valley,3
13564227,battle-hardened-lucerne-2025,"Oscilio, Constella Intelligence",Comet Storm||Shock,3
13564227,battle-hardened-lucerne-2025,"Oscilio, Constella Intelligence",Command and Conquer,0
13564227,battle-hardened-lucerne-2025,"Oscilio, Constella Intelligence",Consign to Cosmos||Shock,3
13564227,battle-hardened-lucerne-2025,"Oscilio, Constella Intelligence",Current Funnel,3
13564227,battle-hardened-lucerne-2025,"Oscilio, Constella Intelligence",Eclectic Magnetism,3
13564227,battle-hardened-lucerne-2025,"Oscilio, Constella Intelligence",Electromagnetic Somersault,3
13564227,battle-hardened-lucerne-2025,"Oscilio, Constella Intelligence",Electrostatic Discharge,3
13564227,battle-hardened-lucerne-2025,"Oscilio, Constella Intelligence",Etchings of Arcana,3
13564227,battle-hardened-lucerne-2025,"Oscilio, Constella Intelligence",Flash of Brilliance,1
13564227,battle-hardened-lucerne-2025,"Oscilio, Constella Intelligence",Flittering Charge,3
13564227,battle-hardened-lucerne-2025,"Oscilio, Constella Intelligence",Fry,2
13564227,battle-hardened-lucerne-2025,"Oscilio, Constella Intelligence",Fyendal's Spring Tunic,1
13564227,battle-hardened-lucerne-2025,"Oscilio, Constella Intelligence",Glyph Overlay,0
13564227,battle-hardened-lucerne-2025,"Oscilio, Constella Intelligence",Gone in a Flash,3
13564227,battle-hardened-lucerne-2025,"Oscilio, Constella Intelligence",Lightning Greaves,1
13564227,battle-hardened-lucerne-2025,"Oscilio, Constella Intelligence",Lightning Press,2
13564227,battle-hardened-lucerne-2025,"Oscilio, Constella Intelligence",Mind Warp,3
13564227,battle-hardened-lucerne-2025,"Oscilio, Constella Intelligence",Null||Shock,2
13564227,battle-hardened-lucerne-2025,"Oscilio, Constella Intelligence",Oasis Respite,0
13564227,battle-hardened-lucerne-2025,"Oscilio, Constella Intelligence",Old Knocker,1
13564227,battle-hardened-lucerne-2025,"Oscilio, Constella Intelligence",Rewind,0
13564227,battle-hardened-lucerne-2025,"Oscilio, Constella Intelligence",Scour,0
13564227,battle-hardened-lucerne-2025,"Oscilio, Constella Intelligence",Shelter from the Storm,2
13564227,battle-hardened-lucerne-2025,"Oscilio, Constella Intelligence",Shock Charmers,1
13564227,battle-hardened-lucerne-2025,"Oscilio, Constella Intelligence",Sigil of Aether,0
13564227,battle-hardened-lucerne-2025,"Oscilio, Constella Intelligence",Sigil of Brilliance,3
13564227,battle-hardened-lucerne-2025,"Oscilio, Constella Intelligence",Sigil of Conductivity,3
13564227,battle-hardened-lucerne-2025,"Oscilio, Constella Intelligence",Sigil of Lightning,3
13564227,battle-hardened-lucerne-2025,"Oscilio, Constella Intelligence",Sigil of Solace,3
13564227,battle-hardened-lucerne-2025,"Oscilio, Constella Intelligence",Sink Below,3
13564227,battle-hardened-lucerne-2025,"Oscilio, Constella Intelligence",Snag,2
13564227,battle-hardened-lucerne-2025,"Oscilio, Constella Intelligence","Volzar, the Lightning Rod",1
75431368,battle-hardened-lucerne-2025,"Gravy Bones, Shipwrecked Looter",Amulet of Echoes,0
75431368,battle-hardened-lucerne-2025,"Gravy Bones, Shipwrecked Looter","Anka, Drag Under",2
75431368,battle-hardened-lucerne-2025,"Gravy Bones, Shipwrecked Looter",Arcane Compliance,1
75431368,battle-hardened-lucerne-2025,"Gravy Bones, Shipwrecked Looter",Avast Ye!,3
75431368,battle-hardened-lucerne-2025,"Gravy Bones, Shipwrecked Looter",Back Alley Breakline,1
75431368,battle-hardened-lucerne-2025,"Gravy Bones, Shipwrecked Looter",Balance of Justice,1
75431368,battle-hardened-lucerne-2025,"Gravy Bones, Shipwrecked Looter",Blanch,2
75431368,battle-hardened-lucerne-2025,"Gravy Bones, Shipwrecked Looter",Blood in the Water,0
75431368,battle-hardened-lucerne-2025,"Gravy Bones, Shipwrecked Looter",Call to the Grave,3
75431368,battle-hardened-lucerne-2025,"Gravy Bones, Shipwrecked Looter",Chart the High Seas,3
75431368,battle-hardened-lucerne-2025,"Gravy Bones, Shipwrecked Looter","Chum, Friendly First Mate",3
75431368,battle-hardened-lucerne-2025,"Gravy Bones, Shipwrecked Looter",Command and Conquer,0
75431368,battle-hardened-lucerne-2025,"Gravy Bones, Shipwrecked Looter",Compass of Sunken Depths,1
75431368,battle-hardened-lucerne-2025,"Gravy Bones, Shipwrecked Looter",Conqueror of the High Seas,3
75431368,battle-hardened-lucerne-2025,"Gravy Bones, Shipwrecked Looter",Crown of Dominion,0
75431368,battle-hardened-lucerne-2025,"Gravy Bones, Shipwrecked Looter",Crown of Providence,1
75431368,battle-hardened-lucerne-2025,"Gravy Bones, Shipwrecked Looter","Cutty Shark, Quick Clip",0
75431368,battle-hardened-lucerne-2025,"Gravy Bones, Shipwrecked Looter",Dead Threads,1
75431368,battle-hardened-lucerne-2025,"Gravy Bones, Shipwrecked Looter",Diamond Amulet,0
75431368,battle-hardened-lucerne-2025,"Gravy Bones, Shipwrecked Looter",Eye of Ophidia,1
75431368,battle-hardened-lucerne-2025,"Gravy Bones, Shipwrecked Looter",Fearless Confrontation,0
75431368,battle-hardened-lucerne-2025,"Gravy Bones, Shipwrecked Looter",Fiddler's Green,0
75431368,battle-hardened-lucerne-2025,"Gravy Bones, Shipwrecked Looter",Flying High,0
75431368,battle-hardened-lucerne-2025,"Gravy Bones, Shipwrecked Looter",Give No Quarter,0
75431368,battle-hardened-lucerne-2025,"Gravy Bones, Shipwrecked Looter",Gold-Baited Hook,1
75431368,battle-hardened-lucerne-2025,"Gravy Bones, Shipwrecked Looter",Golden Tipple,2
75431368,battle-hardened-lucerne-2025,"Gravy Bones, Shipwrecked Looter",Golden Tipple,3
75431368,battle-hardened-lucerne-2025,"Gravy Bones, Shipwrecked Looter",Golden Tipple,3
75431368,battle-hardened-lucerne-2025,"Gravy Bones, Shipwrecked Looter",HMS Barracuda,0
75431368,battle-hardened-lucerne-2025,"Gravy Bones, Shipwrecked Looter",Jittery Bones,2
75431368,battle-hardened-lucerne-2025,"Gravy Bones, Shipwrecked Looter","Limpit, Hop-a-long",2
75431368,battle-hardened-lucerne-2025,"Gravy Bones, Shipwrecked Looter",Loot the Hold,0
75431368,battle-hardened-lucerne-2025,"Gravy Bones, Shipwrecked Looter",Mage Master Boots,1
75431368,battle-hardened-lucerne-2025,"Gravy Bones, Shipwrecked Looter",Murderous Rabble,3
75431368,battle-hardened-lucerne-2025,"Gravy Bones, Shipwrecked Looter",Nullrune Boots,1
75431368,battle-hardened-lucerne-2025,"Gravy Bones, Shipwrecked Looter",Nullrune Gloves,0
75431368,battle-hardened-lucerne-2025,"Gravy Bones, Shipwrecked Looter",Nullrune Hood,0
75431368,battle-hardened-lucerne-2025,"Gravy Bones, Shipwrecked Looter",Nullrune Robe,0
75431368,battle-hardened-lucerne-2025,"Gravy Bones, Shipwrecked Looter","Oysten, Heart of Gold",1
75431368,battle-hardened-lucerne-2025,"Gravy Bones, Shipwrecked Looter",Pearl Amulet,0
75431368,battle-hardened-lucerne-2025,"Gravy Bones, Shipwrecked Looter",Portside Exchange,3
75431368,battle-hardened-lucerne-2025,"Gravy Bones, Shipwrecked Looter",Prismatic Leyline,2
75431368,battle-hardened-lucerne-2025,"Gravy Bones, Shipwrecked Looter",Quickdodge Flexors,1
75431368,battle-hardened-lucerne-2025,"Gravy Bones, Shipwrecked Looter",Restless Bones,2
75431368,battle-hardened-lucerne-2025,"Gravy Bones, Shipwrecked Looter",Riches of Trōpal-Dhani,0
75431368,battle-hardened-lucerne-2025,"Gravy Bones, Shipwrecked Looter",Riggermortis,3
75431368,battle-hardened-lucerne-2025,"Gravy Bones, Shipwrecked Looter",Saltwater Swell,3
75431368,battle-hardened-lucerne-2025,"Gravy Bones, Shipwrecked Looter",Saltwater Swell,3
75431368,battle-hardened-lucerne-2025,"Gravy Bones, Shipwrecked Looter","Sawbones, Dockhand",3
75431368,battle-hardened-lucerne-2025,"Gravy Bones, Shipwrecked Looter","Scooba, Salty Sea Dog",0
75431368,battle-hardened-lucerne-2025,"Gravy Bones, Shipwrecked Looter",Sea Legs,0
75431368,battle-hardened-lucerne-2025,"Gravy Bones, Shipwrecked Looter","Shelly, Hardened Traveler",1
75431368,battle-hardened-lucerne-2025,"Gravy Bones, Shipwrecked Looter",Sink Below,2
75431368,battle-hardened-lucerne-2025,"Gravy Bones, Shipwrecked Looter",Snag,2
75431368,battle-hardened-lucerne-2025,"Gravy Bones, Shipwrecked Looter",Sunken Treasure,2
75431368,battle-hardened-lucerne-2025,"Gravy Bones, Shipwrecked Looter",Swabbie,2
75431368,battle-hardened-lucerne-2025,"Gravy Bones, Shipwrecked Looter",Swiftwater Sloop,2
75431368,battle-hardened-lucerne-2025,"Gravy Bones, Shipwrecked Looter",Throw Caution to the Wind,0
75431368,battle-hardened-lucerne-2025,"Gravy Bones, Shipwrecked Looter",Tip the Barkeep,3
75431368,battle-hardened-lucerne-2025,"Gravy Bones, Shipwrecked Looter",Wailer Humperdinck,1
99472431,battle-hardened-lucerne-2025,"Verdance, Thorn of the Rose",Aether Arc,1
99472431,battle-hardened-lucerne-2025,"Verdance, Thorn of the Rose",Alluvion Constellas,0
99472431,battle-hardened-lucerne-2025,"Verdance, Thorn of the Rose",Arcane Compliance,0
99472431,battle-hardened-lucerne-2025,"Verdance, Thorn of the Rose",Arcane Twining,3
99472431,battle-hardened-lucerne-2025,"Verdance, Thorn of the Rose",Autumn's Touch,3
99472431,battle-hardened-lucerne-2025,"Verdance, Thorn of the Rose",Barkskin of the Millennium Tree,1
99472431,battle-hardened-lucerne-2025,"Verdance, Thorn of the Rose",Blade Beckoner Gauntlets,0
99472431,battle-hardened-lucerne-2025,"Verdance, Thorn of the Rose",Blanch,0
99472431,battle-hardened-lucerne-2025,"Verdance, Thorn of the Rose",Burn Bare,3
99472431,battle-hardened-lucerne-2025,"Verdance, Thorn of the Rose",Cadaverous Tilling,3
99472431,battle-hardened-lucerne-2025,"Verdance, Thorn of the Rose",Cadaverous Tilling,2
99472431,battle-hardened-lucerne-2025,"Verdance, Thorn of the Rose",Calming Breeze,0
99472431,battle-hardened-lucerne-2025,"Verdance, Thorn of the Rose",Command and Conquer,0
99472431,battle-hardened-lucerne-2025,"Verdance, Thorn of the Rose",Crown of Providence,1
99472431,battle-hardened-lucerne-2025,"Verdance, Thorn of the Rose",Destructive Aethertide,2
99472431,battle-hardened-lucerne-2025,"Verdance, Thorn of the Rose",Emeritus Scolding,3
99472431,battle-hardened-lucerne-2025,"Verdance, Thorn of the Rose",Enlightened Strike,1
99472431,battle-hardened-lucerne-2025,"Verdance, Thorn of the Rose",Erase Face,0
99472431,battle-hardened-lucerne-2025,"Verdance, Thorn of the Rose",Everbloom||Life,3
99472431,battle-hardened-lucerne-2025,"Verdance, Thorn of the Rose",Evergreen,2
99472431,battle-hardened-lucerne-2025,"Verdance, Thorn of the Rose",Fate Foreseen,3
99472431,battle-hardened-lucerne-2025,"Verdance, Thorn of the Rose",Felling of the Crown,3
99472431,battle-hardened-lucerne-2025,"Verdance, Thorn of the Rose",Fruits of the Forest,3
99472431,battle-hardened-lucerne-2025,"Verdance, Thorn of the Rose",Fruits of the Forest,3
99472431,battle-hardened-lucerne-2025,"Verdance, Thorn of the Rose",Fyendal's Spring Tunic,0
99472431,battle-hardened-lucerne-2025,"Verdance, Thorn of the Rose",Healing Potion,3
99472431,battle-hardened-lucerne-2025,"Verdance, Thorn of the Rose",Heartbeat of Candlehold,3
99472431,battle-hardened-lucerne-2025,"Verdance, Thorn of the Rose",Mental Block,2
99472431,battle-hardened-lucerne-2025,"Verdance, Thorn of the Rose",Metacarpus Node,1
99472431,battle-hardened-lucerne-2025,"Verdance, Thorn of the Rose",Outed,0
99472431,battle-hardened-lucerne-2025,"Verdance, Thorn of the Rose",Plow Under,3
99472431,battle-hardened-lucerne-2025,"Verdance, Thorn of the Rose",Plume of Evergrowth,1
99472431,battle-hardened-lucerne-2025,"Verdance, Thorn of the Rose",Pounamu Amulet,1
99472431,battle-hardened-lucerne-2025,"Verdance, Thorn of the Rose",Pulsing Aether||Life,3
99472431,battle-hardened-lucerne-2025,"Verdance, Thorn of the Rose",Rampant Growth||Life,3
99472431,battle-hardened-lucerne-2025,"Verdance, Thorn of the Rose",Ring of Roses,1
99472431,battle-hardened-lucerne-2025,"Verdance, Thorn of the Rose",Rootbound Carapace,3
99472431,battle-hardened-lucerne-2025,"Verdance, Thorn of the Rose",Rowdy Locals,0
99472431,battle-hardened-lucerne-2025,"Verdance, Thorn of the Rose",Scar for a Scar,3
99472431,battle-hardened-lucerne-2025,"Verdance, Thorn of the Rose",Scour,2
99472431,battle-hardened-lucerne-2025,"Verdance, Thorn of the Rose",Seeds of Tomorrow,1
99472431,battle-hardened-lucerne-2025,"Verdance, Thorn of the Rose",Shelter from the Storm,0
99472431,battle-hardened-lucerne-2025,"Verdance, Thorn of the Rose",Sigil of Solace,1
99472431,battle-hardened-lucerne-2025,"Verdance, Thorn of the Rose",Sink Below,3
99472431,battle-hardened-lucerne-2025,"Verdance, Thorn of the Rose",Sirens of Safe Harbor,3
99472431,battle-hardened-lucerne-2025,"Verdance, Thorn of the Rose",Stonewall Gauntlet,1
99472431,battle-hardened-lucerne-2025,"Verdance, Thorn of the Rose",Storm Striders,1
99472431,battle-hardened-lucerne-2025,"Verdance, Thorn of the Rose",Summer's Fall,0
99472431,battle-hardened-lucerne-2025,"Verdance, Thorn of the Rose",Surgent Aethertide,0
99472431,battle-hardened-lucerne-2025,"Verdance, Thorn of the Rose",This Round's on Me,0
99472431,battle-hardened-lucerne-2025,"Verdance, Thorn of the Rose",Waning Moon,1
99472431,battle-hardened-lucerne-2025,"Verdance, Thorn of the Rose",Warmonger's Diplomacy,0
89213328,battle-hardened-lucerne-2025,"Arakni, 5L!p3d 7hRu 7h3 cR4X",Art of Desire: Body,3
89213328,battle-hardened-lucerne-2025,"Arakni, 5L!p3d 7hRu 7h3 cR4X",Art of Desire: Mind,0
89213328,battle-hardened-lucerne-2025,"Arakni, 5L!p3d 7hRu 7h3 cR4X",Balance of Justice,0
89213328,battle-hardened-lucerne-2025,"Arakni, 5L!p3d 7hRu 7h3 cR4X",Blacktek Whisperers,1
89213328,battle-hardened-lucerne-2025,"Arakni, 5L!p3d 7hRu 7h3 cR4X",Blanch,0
89213328,battle-hardened-lucerne-2025,"Arakni, 5L!p3d 7hRu 7h3 cR4X",Bonds of Agony,3
89213328,battle-hardened-lucerne-2025,"Arakni, 5L!p3d 7hRu 7h3 cR4X",Bonds of Attraction,3
89213328,battle-hardened-lucerne-2025,"Arakni, 5L!p3d 7hRu 7h3 cR4X",Censor,0
89213328,battle-hardened-lucerne-2025,"Arakni, 5L!p3d 7hRu 7h3 cR4X",Codex of Bloodrot,0
89213328,battle-hardened-lucerne-2025,"Arakni, 5L!p3d 7hRu 7h3 cR4X",Codex of Frailty,3
89213328,battle-hardened-lucerne-2025,"Arakni, 5L!p3d 7hRu 7h3 cR4X",Command and Conquer,3
89213328,battle-hardened-lucerne-2025,"Arakni, 5L!p3d 7hRu 7h3 cR4X",Concealed Blade,0
89213328,battle-hardened-lucerne-2025,"Arakni, 5L!p3d 7hRu 7h3 cR4X",Crown of Providence,1
89213328,battle-hardened-lucerne-2025,"Arakni, 5L!p3d 7hRu 7h3 cR4X",Double Trouble,0
89213328,battle-hardened-lucerne-2025,"Arakni, 5L!p3d 7hRu 7h3 cR4X",Enlightened Strike,3
89213328,battle-hardened-lucerne-2025,"Arakni, 5L!p3d 7hRu 7h3 cR4X",Eradicate,0
89213328,battle-hardened-lucerne-2025,"Arakni, 5L!p3d 7hRu 7h3 cR4X",Erase Face,0
89213328,battle-hardened-lucerne-2025,"Arakni, 5L!p3d 7hRu 7h3 cR4X",Fate Foreseen,0
89213328,battle-hardened-lucerne-2025,"Arakni, 5L!p3d 7hRu 7h3 cR4X",Flick Knives,1
89213328,battle-hardened-lucerne-2025,"Arakni, 5L!p3d 7hRu 7h3 cR4X",Fyendal's Spring Tunic,1
89213328,battle-hardened-lucerne-2025,"Arakni, 5L!p3d 7hRu 7h3 cR4X",Hunter's Klaive,1
89213328,battle-hardened-lucerne-2025,"Arakni, 5L!p3d 7hRu 7h3 cR4X",Hurl,3
89213328,battle-hardened-lucerne-2025,"Arakni, 5L!p3d 7hRu 7h3 cR4X",Infect,3
89213328,battle-hardened-lucerne-2025,"Arakni, 5L!p3d 7hRu 7h3 cR4X",Infiltrate,2
89213328,battle-hardened-lucerne-2025,"Arakni, 5L!p3d 7hRu 7h3 cR4X",Just a Nick,3
89213328,battle-hardened-lucerne-2025,"Arakni, 5L!p3d 7hRu 7h3 cR4X",Kiss of Death,3
89213328,battle-hardened-lucerne-2025,"Arakni, 5L!p3d 7hRu 7h3 cR4X",Leave No Witnesses,3
89213328,battle-hardened-lucerne-2025,"Arakni, 5L!p3d 7hRu 7h3 cR4X",Mark of the Black Widow,3
89213328,battle-hardened-lucerne-2025,"Arakni, 5L!p3d 7hRu 7h3 cR4X",Mark of the Huntsman,1
89213328,battle-hardened-lucerne-2025,"Arakni, 5L!p3d 7hRu 7h3 cR4X",Mask of Deceit,1
89213328,battle-hardened-lucerne-2025,"Arakni, 5L!p3d 7hRu 7h3 cR4X",Mask of Perdition,0
89213328,battle-hardened-lucerne-2025,"Arakni, 5L!p3d 7hRu 7h3 cR4X",Oasis Respite,0
89213328,battle-hardened-lucerne-2025,"Arakni, 5L!p3d 7hRu 7h3 cR4X",Orb-Weaver Spinneret,3
89213328,battle-hardened-lucerne-2025,"Arakni, 5L!p3d 7hRu 7h3 cR4X",Pain in the Backside,3
89213328,battle-hardened-lucerne-2025,"Arakni, 5L!p3d 7hRu 7h3 cR4X",Perforate,0
89213328,battle-hardened-lucerne-2025,"Arakni, 5L!p3d 7hRu 7h3 cR4X",Persuasive Prognosis,3
89213328,battle-hardened-lucerne-2025,"Arakni, 5L!p3d 7hRu 7h3 cR4X",Pick Up the Point,2
89213328,battle-hardened-lucerne-2025,"Arakni, 5L!p3d 7hRu 7h3 cR4X",Plague Hive,1
89213328,battle-hardened-lucerne-2025,"Arakni, 5L!p3d 7hRu 7h3 cR4X",Prismatic Leyline,0
89213328,battle-hardened-lucerne-2025,"Arakni, 5L!p3d 7hRu 7h3 cR4X",Razor's Edge,3
89213328,battle-hardened-lucerne-2025,"Arakni, 5L!p3d 7hRu 7h3 cR4X",Redback Shroud,0
89213328,battle-hardened-lucerne-2025,"Arakni, 5L!p3d 7hRu 7h3 cR4X",Savor Bloodshed,0
89213328,battle-hardened-lucerne-2025,"Arakni, 5L!p3d 7hRu 7h3 cR4X",Schism of Chaos,1
89213328,battle-hardened-lucerne-2025,"Arakni, 5L!p3d 7hRu 7h3 cR4X",Shelter from the Storm,3
89213328,battle-hardened-lucerne-2025,"Arakni, 5L!p3d 7hRu 7h3 cR4X",Shred,2
89213328,battle-hardened-lucerne-2025,"Arakni, 5L!p3d 7hRu 7h3 cR4X",Sink Below,3
89213328,battle-hardened-lucerne-2025,"Arakni, 5L!p3d 7hRu 7h3 cR4X",Sirens of Safe Harbor,0
89213328,battle-hardened-lucerne-2025,"Arakni, 5L!p3d 7hRu 7h3 cR4X",Snag,0
89213328,battle-hardened-lucerne-2025,"Arakni, 5L!p3d 7hRu 7h3 cR4X",Snapdragon Scalers,1
89213328,battle-hardened-lucerne-2025,"Arakni, 5L!p3d 7hRu 7h3 cR4X",Spike with Bloodrot,0
89213328,battle-hardened-lucerne-2025,"Arakni, 5L!p3d 7hRu 7h3 cR4X",Spreading Plague,1
89213328,battle-hardened-lucerne-2025,"Arakni, 5L!p3d 7hRu 7h3 cR4X",Surgical Extraction,0
89213328,battle-hardened-lucerne-2025,"Arakni, 5L!p3d 7hRu 7h3 cR4X",Take Up the Mantle,3
89213328,battle-hardened-lucerne-2025,"Arakni, 5L!p3d 7hRu 7h3 cR4X",Tarantula Toxin,3
89213328,battle-hardened-lucerne-2025,"Arakni, 5L!p3d 7hRu 7h3 cR4X",Undercover Acquisition,0
89213328,battle-hardened-lucerne-2025,"Arakni, 5L!p3d 7hRu 7h3 cR4X",Widow Back Abdomen,0
89213328,battle-hardened-lucerne-2025,"Arakni, 5L!p3d 7hRu 7h3 cR4X",Widow Claw Tarsus,1
89213328,battle-hardened-lucerne-2025,"Arakni, 5L!p3d 7hRu 7h3 cR4X",Widow Veil Respirator,1
89213328,battle-hardened-lucerne-2025,"Arakni, 5L!p3d 7hRu 7h3 cR4X",Widow Web Crawler,1
56924861,battle-hardened-lucerne-2025,Kassai of the Golden Sand,Balance of Justice,1
56924861,battle-hardened-lucerne-2025,Kassai of the Golden Sand,Blade Flurry,3
56924861,battle-hardened-lucerne-2025,Kassai of the Golden Sand,Blade Runner,3
56924861,battle-hardened-lucerne-2025,Kassai of the Golden Sand,Blade Runner,3
56924861,battle-hardened-lucerne-2025,Kassai of the Golden Sand,Blade Runner,2
56924861,battle-hardened-lucerne-2025,Kassai of the Golden Sand,Blanch,2
56924861,battle-hardened-lucerne-2025,Kassai of the Golden Sand,Blood on Her Hands,3
56924861,battle-hardened-lucerne-2025,Kassai of the Golden Sand,Braveforge Bracers,1
56924861,battle-hardened-lucerne-2025,Kassai of the Golden Sand,Cintari Saber,2
56924861,battle-hardened-lucerne-2025,Kassai of the Golden Sand,Crown of Dominion,1
56924861,battle-hardened-lucerne-2025,Kassai of the Golden Sand,Crown of Providence,1
56924861,battle-hardened-lucerne-2025,Kassai of the Golden Sand,Eye of Ophidia,1
56924861,battle-hardened-lucerne-2025,Kassai of the Golden Sand,Glint the Quicksilver,3
56924861,battle-hardened-lucerne-2025,Kassai of the Golden Sand,Gorganian Tome,1
56924861,battle-hardened-lucerne-2025,Kassai of the Golden Sand,Grains of Bloodspill,1
56924861,battle-hardened-lucerne-2025,Kassai of the Golden Sand,Hit and Run,1
56924861,battle-hardened-lucerne-2025,Kassai of the Golden Sand,Hit and Run,3
56924861,battle-hardened-lucerne-2025,Kassai of the Golden Sand,In the Swing,3
56924861,battle-hardened-lucerne-2025,Kassai of the Golden Sand,Ironsong Response,1
56924861,battle-hardened-lucerne-2025,Kassai of the Golden Sand,Jagged Edge,1
56924861,battle-hardened-lucerne-2025,Kassai of the Golden Sand,Kabuto of Imperial Authority,1
56924861,battle-hardened-lucerne-2025,Kassai of the Golden Sand,Nullrune Gloves,1
56924861,battle-hardened-lucerne-2025,Kassai of the Golden Sand,Outland Skirmish,3
56924861,battle-hardened-lucerne-2025,Kassai of the Golden Sand,Outland Skirmish,3
56924861,battle-hardened-lucerne-2025,Kassai of the Golden Sand,Performance Bonus,3
56924861,battle-hardened-lucerne-2025,Kassai of the Golden Sand,Provoke,3
56924861,battle-hardened-lucerne-2025,Kassai of the Golden Sand,Raise an Army,3
56924861,battle-hardened-lucerne-2025,Kassai of the Golden Sand,Riches of Trōpal-Dhani,1
56924861,battle-hardened-lucerne-2025,Kassai of the Golden Sand,Run Through,3
56924861,battle-hardened-lucerne-2025,Kassai of the Golden Sand,Sharpened Senses,3
56924861,battle-hardened-lucerne-2025,Kassai of the Golden Sand,Shelter from the Storm,3
56924861,battle-hardened-lucerne-2025,Kassai of the Golden Sand,Sink Below,3
56924861,battle-hardened-lucerne-2025,Kassai of the Golden Sand,Slice and Dice,3
56924861,battle-hardened-lucerne-2025,Kassai of the Golden Sand,Spoils of War,3
56924861,battle-hardened-lucerne-2025,Kassai of the Golden Sand,Trot Along,3
56924861,battle-hardened-lucerne-2025,Kassai of the Golden Sand,Unsheathed,3
56924861,battle-hardened-lucerne-2025,Kassai of the Golden Sand,Valiant Dynamo,1
84936665,battle-hardened-lucerne-2025,"Gravy Bones, Shipwrecked Looter",Amulet of Echoes,0
84936665,battle-hardened-lucerne-2025,"Gravy Bones, Shipwrecked Looter","Anka, Drag Under",2
84936665,battle-hardened-lucerne-2025,"Gravy Bones, Shipwrecked Looter",Arcane Compliance,0
84936665,battle-hardened-lucerne-2025,"Gravy Bones, Shipwrecked Looter",Avast Ye!,3
84936665,battle-hardened-lucerne-2025,"Gravy Bones, Shipwrecked Looter",Back Alley Breakline,1
84936665,battle-hardened-lucerne-2025,"Gravy Bones, Shipwrecked Looter",Balance of Justice,1
84936665,battle-hardened-lucerne-2025,"Gravy Bones, Shipwrecked Looter",Blanch,1
84936665,battle-hardened-lucerne-2025,"Gravy Bones, Shipwrecked Looter",Blood in the Water,2
84936665,battle-hardened-lucerne-2025,"Gravy Bones, Shipwrecked Looter",Call to the Grave,3
84936665,battle-hardened-lucerne-2025,"Gravy Bones, Shipwrecked Looter",Chart the High Seas,3
84936665,battle-hardened-lucerne-2025,"Gravy Bones, Shipwrecked Looter","Chum, Friendly First Mate",3
84936665,battle-hardened-lucerne-2025,"Gravy Bones, Shipwrecked Looter",Command and Conquer,0
84936665,battle-hardened-lucerne-2025,"Gravy Bones, Shipwrecked Looter",Compass of Sunken Depths,1
84936665,battle-hardened-lucerne-2025,"Gravy Bones, Shipwrecked Looter",Conqueror of the High Seas,3
84936665,battle-hardened-lucerne-2025,"Gravy Bones, Shipwrecked Looter",Crown of Dominion,1
84936665,battle-hardened-lucerne-2025,"Gravy Bones, Shipwrecked Looter",Crown of Providence,0
84936665,battle-hardened-lucerne-2025,"Gravy Bones, Shipwrecked Looter","Cutty Shark, Quick Clip",0
84936665,battle-hardened-lucerne-2025,"Gravy Bones, Shipwrecked Looter",Dead Threads,1
84936665,battle-hardened-lucerne-2025,"Gravy Bones, Shipwrecked Looter",Diamond Amulet,0
84936665,battle-hardened-lucerne-2025,"Gravy Bones, Shipwrecked Looter",Eye of Ophidia,1
84936665,battle-hardened-lucerne-2025,"Gravy Bones, Shipwrecked Looter",Fearless Confrontation,0
84936665,battle-hardened-lucerne-2025,"Gravy Bones, Shipwrecked Looter",Fiddler's Green,1
84936665,battle-hardened-lucerne-2025,"Gravy Bones, Shipwrecked Looter",Flying High,0
84936665,battle-hardened-lucerne-2025,"Gravy Bones, Shipwrecked Looter",Give No Quarter,1
84936665,battle-hardened-lucerne-2025,"Gravy Bones, Shipwrecked Looter",Gold-Baited Hook,1
84936665,battle-hardened-lucerne-2025,"Gravy Bones, Shipwrecked Looter",Golden Tipple,3
84936665,battle-hardened-lucerne-2025,"Gravy Bones, Shipwrecked Looter",Golden Tipple,3
84936665,battle-hardened-lucerne-2025,"Gravy Bones, Shipwrecked Looter",Golden Tipple,3
84936665,battle-hardened-lucerne-2025,"Gravy Bones, Shipwrecked Looter",HMS Barracuda,0
84936665,battle-hardened-lucerne-2025,"Gravy Bones, Shipwrecked Looter",Jittery Bones,0
84936665,battle-hardened-lucerne-2025,"Gravy Bones, Shipwrecked Looter","Limpit, Hop-a-long",2
84936665,battle-hardened-lucerne-2025,"Gravy Bones, Shipwrecked Looter",Loot the Hold,2
84936665,battle-hardened-lucerne-2025,"Gravy Bones, Shipwrecked Looter",Mage Master Boots,1
84936665,battle-hardened-lucerne-2025,"Gravy Bones, Shipwrecked Looter",Murderous Rabble,3
84936665,battle-hardened-lucerne-2025,"Gravy Bones, Shipwrecked Looter",Nullrune Boots,1
84936665,battle-hardened-lucerne-2025,"Gravy Bones, Shipwrecked Looter",Nullrune Gloves,0
84936665,battle-hardened-lucerne-2025,"Gravy Bones, Shipwrecked Looter",Nullrune Hood,1
84936665,battle-hardened-lucerne-2025,"Gravy Bones, Shipwrecked Looter",Nullrune Robe,1
84936665,battle-hardened-lucerne-2025,"Gravy Bones, Shipwrecked Looter","Oysten, Heart of Gold",1
84936665,battle-hardened-lucerne-2025,"Gravy Bones, Shipwrecked Looter",Pearl Amulet,0
84936665,battle-hardened-lucerne-2025,"Gravy Bones, Shipwrecked Looter",Portside Exchange,3
84936665,battle-hardened-lucerne-2025,"Gravy Bones, Shipwrecked Looter",Prismatic Leyline,0
84936665,battle-hardened-lucerne-2025,"Gravy Bones, Shipwrecked Looter",Quickdodge Flexors,1
84936665,battle-hardened-lucerne-2025,"Gravy Bones, Shipwrecked Looter",Restless Bones,0
84936665,battle-hardened-lucerne-2025,"Gravy Bones, Shipwrecked Looter",Riches of Trōpal-Dhani,0
84936665,battle-hardened-lucerne-2025,"Gravy Bones, Shipwrecked Looter",Riggermortis,3
84936665,battle-hardened-lucerne-2025,"Gravy Bones, Shipwrecked Looter",Saltwater Swell,3
84936665,battle-hardened-lucerne-2025,"Gravy Bones, Shipwrecked Looter",Saltwater Swell,3
84936665,battle-hardened-lucerne-2025,"Gravy Bones, Shipwrecked Looter","Sawbones, Dockhand",3
84936665,battle-hardened-lucerne-2025,"Gravy Bones, Shipwrecked Looter","Scooba, Salty Sea Dog",0
84936665,battle-hardened-lucerne-2025,"Gravy Bones, Shipwrecked Looter",Sea Legs,2
84936665,battle-hardened-lucerne-2025,"Gravy Bones, Shipwrecked Looter","Shelly, Hardened Traveler",0
84936665,battle-hardened-lucerne-2025,"Gravy Bones, Shipwrecked Looter",Sink Below,0
84936665,battle-hardened-lucerne-2025,"Gravy Bones, Shipwrecked Looter",Snag,1
84936665,battle-hardened-lucerne-2025,"Gravy Bones, Shipwrecked Looter",Sunken Treasure,3
84936665,battle-hardened-lucerne-2025,"Gravy Bones, Shipwrecked Looter",Swabbie,2
84936665,battle-hardened-lucerne-2025,"Gravy Bones, Shipwrecked Looter",Swiftwater Sloop,2
84936665,battle-hardened-lucerne-2025,"Gravy Bones, Shipwrecked Looter",Throw Caution to the Wind,0
84936665,battle-hardened-lucerne-2025,"Gravy Bones, Shipwrecked Looter",Tip the Barkeep,3
84936665,battle-hardened-lucerne-2025,"Gravy Bones, Shipwrecked Looter",Wailer Humperdinck,1
52766714,battle-hardened-lucerne-2025,"Ira, Scarlet Revenger",Ancestral Empowerment,0
52766714,battle-hardened-lucerne-2025,"Ira, Scarlet Revenger",Ancestral Harmony,0
52766714,battle-hardened-lucerne-2025,"Ira, Scarlet Revenger",Aspect of Tiger: Mind,3
52766714,battle-hardened-lucerne-2025,"Ira, Scarlet Revenger",Back Heel Kick,0
52766714,battle-hardened-lucerne-2025,"Ira, Scarlet Revenger",Biting Breeze,0
52766714,battle-hardened-lucerne-2025,"Ira, Scarlet Revenger",Bittering Thorns,3
52766714,battle-hardened-lucerne-2025,"Ira, Scarlet Revenger",Blazen Yoroi,0
52766714,battle-hardened-lucerne-2025,"Ira, Scarlet Revenger",Censor,3
52766714,battle-hardened-lucerne-2025,"Ira, Scarlet Revenger",Command and Conquer,3
52766714,battle-hardened-lucerne-2025,"Ira, Scarlet Revenger",Concealed Blade,0
52766714,battle-hardened-lucerne-2025,"Ira, Scarlet Revenger",Crane Dance,1
52766714,battle-hardened-lucerne-2025,"Ira, Scarlet Revenger",Cut Down to Size,0
52766714,battle-hardened-lucerne-2025,"Ira, Scarlet Revenger",Cut Through,3
52766714,battle-hardened-lucerne-2025,"Ira, Scarlet Revenger",Double Strike,0
52766714,battle-hardened-lucerne-2025,"Ira, Scarlet Revenger",Dual Threat,3
52766714,battle-hardened-lucerne-2025,"Ira, Scarlet Revenger",Edge of Autumn,0
52766714,battle-hardened-lucerne-2025,"Ira, Scarlet Revenger",Enact Vengeance,0
52766714,battle-hardened-lucerne-2025,"Ira, Scarlet Revenger",Enlightened Strike,3
52766714,battle-hardened-lucerne-2025,"Ira, Scarlet Revenger",Erase Face,3
52766714,battle-hardened-lucerne-2025,"Ira, Scarlet Revenger",Even Bigger Than That!,3
52766714,battle-hardened-lucerne-2025,"Ira, Scarlet Revenger",Fate Foreseen,0
52766714,battle-hardened-lucerne-2025,"Ira, Scarlet Revenger",Fiddler's Green,0
52766714,battle-hardened-lucerne-2025,"Ira, Scarlet Revenger",Find Center,1
52766714,battle-hardened-lucerne-2025,"Ira, Scarlet Revenger",Flex Claws,0
52766714,battle-hardened-lucerne-2025,"Ira, Scarlet Revenger",Flic Flak,3
52766714,battle-hardened-lucerne-2025,"Ira, Scarlet Revenger",Fyendal's Spring Tunic,1
52766714,battle-hardened-lucerne-2025,"Ira, Scarlet Revenger",Give and Take,0
52766714,battle-hardened-lucerne-2025,"Ira, Scarlet Revenger",Harmonized Kodachi,2
52766714,battle-hardened-lucerne-2025,"Ira, Scarlet Revenger",Humble,0
52766714,battle-hardened-lucerne-2025,"Ira, Scarlet Revenger",Iris of the Blossom,0
52766714,battle-hardened-lucerne-2025,"Ira, Scarlet Revenger",Knives Out,0
52766714,battle-hardened-lucerne-2025,"Ira, Scarlet Revenger",Legacy of Ikaru,0
52766714,battle-hardened-lucerne-2025,"Ira, Scarlet Revenger",Looking for a Scrap,2
52766714,battle-hardened-lucerne-2025,"Ira, Scarlet Revenger",Mask of Momentum,1
52766714,battle-hardened-lucerne-2025,"Ira, Scarlet Revenger",Mauling Qi,1
52766714,battle-hardened-lucerne-2025,"Ira, Scarlet Revenger",Nasty Surprise,0
52766714,battle-hardened-lucerne-2025,"Ira, Scarlet Revenger",Nip at the Heels,0
52766714,battle-hardened-lucerne-2025,"Ira, Scarlet Revenger",Nullrune Gloves,1
52766714,battle-hardened-lucerne-2025,"Ira, Scarlet Revenger",Nullrune Robe,0
52766714,battle-hardened-lucerne-2025,"Ira, Scarlet Revenger",Okana Scar Wraps,0
52766714,battle-hardened-lucerne-2025,"Ira, Scarlet Revenger",One-Two Punch,1
52766714,battle-hardened-lucerne-2025,"Ira, Scarlet Revenger",Pain in the Backside,3
52766714,battle-hardened-lucerne-2025,"Ira, Scarlet Revenger",Pouncing Paws,1
52766714,battle-hardened-lucerne-2025,"Ira, Scarlet Revenger",Pouncing Qi,3
52766714,battle-hardened-lucerne-2025,"Ira, Scarlet Revenger",Prismatic Leyline,0
52766714,battle-hardened-lucerne-2025,"Ira, Scarlet Revenger",Pummel,0
52766714,battle-hardened-lucerne-2025,"Ira, Scarlet Revenger",Pursuit of Knowledge,0
52766714,battle-hardened-lucerne-2025,"Ira, Scarlet Revenger",Razor Reflex,0
52766714,battle-hardened-lucerne-2025,"Ira, Scarlet Revenger",Recoil,1
52766714,battle-hardened-lucerne-2025,"Ira, Scarlet Revenger",Remembrance,0
52766714,battle-hardened-lucerne-2025,"Ira, Scarlet Revenger",Rising Knee Thrust,0
52766714,battle-hardened-lucerne-2025,"Ira, Scarlet Revenger",Robe of Autumn's Fall,0
52766714,battle-hardened-lucerne-2025,"Ira, Scarlet Revenger",Rotten Remains,0
52766714,battle-hardened-lucerne-2025,"Ira, Scarlet Revenger",Rowdy Locals,3
52766714,battle-hardened-lucerne-2025,"Ira, Scarlet Revenger",Rushing River,3
52766714,battle-hardened-lucerne-2025,"Ira, Scarlet Revenger",Salt the Wound,0
52766714,battle-hardened-lucerne-2025,"Ira, Scarlet Revenger",Scar for a Scar,1
52766714,battle-hardened-lucerne-2025,"Ira, Scarlet Revenger",Seek Vengeance,0
52766714,battle-hardened-lucerne-2025,"Ira, Scarlet Revenger",Shelter from the Storm,3
52766714,battle-hardened-lucerne-2025,"Ira, Scarlet Revenger",Sigil of Solace,0
52766714,battle-hardened-lucerne-2025,"Ira, Scarlet Revenger",Sink Below,3
52766714,battle-hardened-lucerne-2025,"Ira, Scarlet Revenger",Sirens of Safe Harbor,0
52766714,battle-hardened-lucerne-2025,"Ira, Scarlet Revenger",Snag,2
52766714,battle-hardened-lucerne-2025,"Ira, Scarlet Revenger",Snapdragon Scalers,0
52766714,battle-hardened-lucerne-2025,"Ira, Scarlet Revenger",Snatch,1
52766714,battle-hardened-lucerne-2025,"Ira, Scarlet Revenger",Soulbead Strike,0
52766714,battle-hardened-lucerne-2025,"Ira, Scarlet Revenger",Sound the Alarm,2
52766714,battle-hardened-lucerne-2025,"Ira, Scarlet Revenger",Stab Wound,0
52766714,battle-hardened-lucerne-2025,"Ira, Scarlet Revenger",Take the Tempo,0
52766714,battle-hardened-lucerne-2025,"Ira, Scarlet Revenger",The Weakest Link,2
52766714,battle-hardened-lucerne-2025,"Ira, Scarlet Revenger",Throw Dagger,0
52766714,battle-hardened-lucerne-2025,"Ira, Scarlet Revenger",Tide Flippers,1
52766714,battle-hardened-lucerne-2025,"Ira, Scarlet Revenger",Tiger Stripe Shuko,1
52766714,battle-hardened-lucerne-2025,"Ira, Scarlet Revenger",Torrent of Tempo,3
52766714,battle-hardened-lucerne-2025,"Ira, Scarlet Revenger",Vengeance Never Rests,0
52766714,battle-hardened-lucerne-2025,"Ira, Scarlet Revenger",Warmonger's Diplomacy,2
52766714,battle-hardened-lucerne-2025,"Ira, Scarlet Revenger",Wax On,0
52766714,battle-hardened-lucerne-2025,"Ira, Scarlet Revenger",Whelming Gustwave,1
52766714,battle-hardened-lucerne-2025,"Ira, Scarlet Revenger",Whirling Mist Blossom,3
37922496,battle-hardened-lucerne-2025,"Gravy Bones, Shipwrecked Looter",Amulet of Echoes,0
37922496,battle-hardened-lucerne-2025,"Gravy Bones, Shipwrecked Looter","Anka, Drag Under",2
37922496,battle-hardened-lucerne-2025,"Gravy Bones, Shipwrecked Looter",Arcane Compliance,1
37922496,battle-hardened-lucerne-2025,"Gravy Bones, Shipwrecked Looter",Avast Ye!,3
37922496,battle-hardened-lucerne-2025,"Gravy Bones, Shipwrecked Looter",Back Alley Breakline,1
37922496,battle-hardened-lucerne-2025,"Gravy Bones, Shipwrecked Looter",Balance of Justice,0
37922496,battle-hardened-lucerne-2025,"Gravy Bones, Shipwrecked Looter",Blanch,0
37922496,battle-hardened-lucerne-2025,"Gravy Bones, Shipwrecked Looter",Blood in the Water,1
37922496,battle-hardened-lucerne-2025,"Gravy Bones, Shipwrecked Looter",Call to the Grave,3
37922496,battle-hardened-lucerne-2025,"Gravy Bones, Shipwrecked Looter",Chart the High Seas,3
37922496,battle-hardened-lucerne-2025,"Gravy Bones, Shipwrecked Looter","Chum, Friendly First Mate",3
37922496,battle-hardened-lucerne-2025,"Gravy Bones, Shipwrecked Looter",Command and Conquer,0
37922496,battle-hardened-lucerne-2025,"Gravy Bones, Shipwrecked Looter",Compass of Sunken Depths,1
37922496,battle-hardened-lucerne-2025,"Gravy Bones, Shipwrecked Looter",Conqueror of the High Seas,3
37922496,battle-hardened-lucerne-2025,"Gravy Bones, Shipwrecked Looter",Crown of Dominion,1
37922496,battle-hardened-lucerne-2025,"Gravy Bones, Shipwrecked Looter",Crown of Providence,0
37922496,battle-hardened-lucerne-2025,"Gravy Bones, Shipwrecked Looter","Cutty Shark, Quick Clip",0
37922496,battle-hardened-lucerne-2025,"Gravy Bones, Shipwrecked Looter",Dead Threads,1
37922496,battle-hardened-lucerne-2025,"Gravy Bones, Shipwrecked Looter",Diamond Amulet,0
37922496,battle-hardened-lucerne-2025,"Gravy Bones, Shipwrecked Looter",Eye of Ophidia,0
37922496,battle-hardened-lucerne-2025,"Gravy Bones, Shipwrecked Looter",Fearless Confrontation,0
37922496,battle-hardened-lucerne-2025,"Gravy Bones, Shipwrecked Looter",Fiddler's Green,1
37922496,battle-hardened-lucerne-2025,"Gravy Bones, Shipwrecked Looter",Flying High,0
37922496,battle-hardened-lucerne-2025,"Gravy Bones, Shipwrecked Looter",Give No Quarter,3
37922496,battle-hardened-lucerne-2025,"Gravy Bones, Shipwrecked Looter",Gold-Baited Hook,1
37922496,battle-hardened-lucerne-2025,"Gravy Bones, Shipwrecked Looter",Golden Tipple,3
37922496,battle-hardened-lucerne-2025,"Gravy Bones, Shipwrecked Looter",Golden Tipple,3
37922496,battle-hardened-lucerne-2025,"Gravy Bones, Shipwrecked Looter",Golden Tipple,3
37922496,battle-hardened-lucerne-2025,"Gravy Bones, Shipwrecked Looter",HMS Barracuda,0
37922496,battle-hardened-lucerne-2025,"Gravy Bones, Shipwrecked Looter",Jittery Bones,0
37922496,battle-hardened-lucerne-2025,"Gravy Bones, Shipwrecked Looter","Limpit, Hop-a-long",2
37922496,battle-hardened-lucerne-2025,"Gravy Bones, Shipwrecked Looter",Loot the Hold,3
37922496,battle-hardened-lucerne-2025,"Gravy Bones, Shipwrecked Looter",Mage Master Boots,1
37922496,battle-hardened-lucerne-2025,"Gravy Bones, Shipwrecked Looter",Murderous Rabble,3
37922496,battle-hardened-lucerne-2025,"Gravy Bones, Shipwrecked Looter",Nullrune Boots,0
37922496,battle-hardened-lucerne-2025,"Gravy Bones, Shipwrecked Looter",Nullrune Gloves,0
37922496,battle-hardened-lucerne-2025,"Gravy Bones, Shipwrecked Looter",Nullrune Hood,1
37922496,battle-hardened-lucerne-2025,"Gravy Bones, Shipwrecked Looter",Nullrune Robe,1
37922496,battle-hardened-lucerne-2025,"Gravy Bones, Shipwrecked Looter","Oysten, Heart of Gold",1
37922496,battle-hardened-lucerne-2025,"Gravy Bones, Shipwrecked Looter",Pearl Amulet,0
37922496,battle-hardened-lucerne-2025,"Gravy Bones, Shipwrecked Looter",Portside Exchange,3
37922496,battle-hardened-lucerne-2025,"Gravy Bones, Shipwrecked Looter",Prismatic Leyline,0
37922496,battle-hardened-lucerne-2025,"Gravy Bones, Shipwrecked Looter",Quickdodge Flexors,0
37922496,battle-hardened-lucerne-2025,"Gravy Bones, Shipwrecked Looter",Restless Bones,0
37922496,battle-hardened-lucerne-2025,"Gravy Bones, Shipwrecked Looter",Riches of Trōpal-Dhani,1
37922496,battle-hardened-lucerne-2025,"Gravy Bones, Shipwrecked Looter",Riggermortis,3
37922496,battle-hardened-lucerne-2025,"Gravy Bones, Shipwrecked Looter",Saltwater Swell,3
37922496,battle-hardened-lucerne-2025,"Gravy Bones, Shipwrecked Looter",Saltwater Swell,3
37922496,battle-hardened-lucerne-2025,"Gravy Bones, Shipwrecked Looter","Sawbones, Dockhand",3
37922496,battle-hardened-lucerne-2025,"Gravy Bones, Shipwrecked Looter","Scooba, Salty Sea Dog",1
37922496,battle-hardened-lucerne-2025,"Gravy Bones, Shipwrecked Looter",Sea Legs,2
37922496,battle-hardened-lucerne-2025,"Gravy Bones, Shipwrecked Looter","Shelly, Hardened Traveler",0
37922496,battle-hardened-lucerne-2025,"Gravy Bones, Shipwrecked Looter",Sink Below,0
37922496,battle-hardened-lucerne-2025,"Gravy Bones, Shipwrecked Looter",Snag,0
37922496,battle-hardened-lucerne-2025,"Gravy Bones, Shipwrecked Looter",Sunken Treasure,3
37922496,battle-hardened-lucerne-2025,"Gravy Bones, Shipwrecked Looter",Swabbie,3
37922496,battle-hardened-lucerne-2025,"Gravy Bones, Shipwrecked Looter",Swiftwater Sloop,2
37922496,battle-hardened-lucerne-2025,"Gravy Bones, Shipwrecked Looter",Throw Caution to the Wind,1
37922496,battle-hardened-lucerne-2025,"Gravy Bones, Shipwrecked Looter",Tip the Barkeep,1
37922496,battle-hardened-lucerne-2025,"Gravy Bones, Shipwrecked Looter",Wailer Humperdinck,2
78594864,battle-hardened-lucerne-2025,"Arakni, 5L!p3d 7hRu 7h3 cR4X",Art of Desire: Body,3
78594864,battle-hardened-lucerne-2025,"Arakni, 5L!p3d 7hRu 7h3 cR4X",Art of Desire: Mind,3
78594864,battle-hardened-lucerne-2025,"Arakni, 5L!p3d 7hRu 7h3 cR4X",Balance of Justice,0
78594864,battle-hardened-lucerne-2025,"Arakni, 5L!p3d 7hRu 7h3 cR4X",Blacktek Whisperers,1
78594864,battle-hardened-lucerne-2025,"Arakni, 5L!p3d 7hRu 7h3 cR4X",Blanch,0
78594864,battle-hardened-lucerne-2025,"Arakni, 5L!p3d 7hRu 7h3 cR4X",Bonds of Agony,3
78594864,battle-hardened-lucerne-2025,"Arakni, 5L!p3d 7hRu 7h3 cR4X",Bonds of Attraction,0
78594864,battle-hardened-lucerne-2025,"Arakni, 5L!p3d 7hRu 7h3 cR4X",Censor,0
78594864,battle-hardened-lucerne-2025,"Arakni, 5L!p3d 7hRu 7h3 cR4X",Codex of Bloodrot,0
78594864,battle-hardened-lucerne-2025,"Arakni, 5L!p3d 7hRu 7h3 cR4X",Codex of Frailty,3
78594864,battle-hardened-lucerne-2025,"Arakni, 5L!p3d 7hRu 7h3 cR4X",Command and Conquer,3
78594864,battle-hardened-lucerne-2025,"Arakni, 5L!p3d 7hRu 7h3 cR4X",Concealed Blade,0
78594864,battle-hardened-lucerne-2025,"Arakni, 5L!p3d 7hRu 7h3 cR4X",Crown of Providence,1
78594864,battle-hardened-lucerne-2025,"Arakni, 5L!p3d 7hRu 7h3 cR4X",Double Trouble,3
78594864,battle-hardened-lucerne-2025,"Arakni, 5L!p3d 7hRu 7h3 cR4X",Enlightened Strike,0
78594864,battle-hardened-lucerne-2025,"Arakni, 5L!p3d 7hRu 7h3 cR4X",Eradicate,2
78594864,battle-hardened-lucerne-2025,"Arakni, 5L!p3d 7hRu 7h3 cR4X",Erase Face,0
78594864,battle-hardened-lucerne-2025,"Arakni, 5L!p3d 7hRu 7h3 cR4X",Fate Foreseen,0
78594864,battle-hardened-lucerne-2025,"Arakni, 5L!p3d 7hRu 7h3 cR4X",Flick Knives,1
78594864,battle-hardened-lucerne-2025,"Arakni, 5L!p3d 7hRu 7h3 cR4X",Fyendal's Spring Tunic,1
78594864,battle-hardened-lucerne-2025,"Arakni, 5L!p3d 7hRu 7h3 cR4X",Hunter's Klaive,2
78594864,battle-hardened-lucerne-2025,"Arakni, 5L!p3d 7hRu 7h3 cR4X",Hurl,0
78594864,battle-hardened-lucerne-2025,"Arakni, 5L!p3d 7hRu 7h3 cR4X",Infect,3
78594864,battle-hardened-lucerne-2025,"Arakni, 5L!p3d 7hRu 7h3 cR4X",Infiltrate,3
78594864,battle-hardened-lucerne-2025,"Arakni, 5L!p3d 7hRu 7h3 cR4X",Just a Nick,3
78594864,battle-hardened-lucerne-2025,"Arakni, 5L!p3d 7hRu 7h3 cR4X",Kiss of Death,3
78594864,battle-hardened-lucerne-2025,"Arakni, 5L!p3d 7hRu 7h3 cR4X",Leave No Witnesses,3
78594864,battle-hardened-lucerne-2025,"Arakni, 5L!p3d 7hRu 7h3 cR4X",Mark of the Black Widow,3
78594864,battle-hardened-lucerne-2025,"Arakni, 5L!p3d 7hRu 7h3 cR4X",Mark of the Huntsman,0
78594864,battle-hardened-lucerne-2025,"Arakni, 5L!p3d 7hRu 7h3 cR4X",Mask of Deceit,0
78594864,battle-hardened-lucerne-2025,"Arakni, 5L!p3d 7hRu 7h3 cR4X",Mask of Perdition,0
78594864,battle-hardened-lucerne-2025,"Arakni, 5L!p3d 7hRu 7h3 cR4X",Oasis Respite,0
78594864,battle-hardened-lucerne-2025,"Arakni, 5L!p3d 7hRu 7h3 cR4X",Orb-Weaver Spinneret,3
78594864,battle-hardened-lucerne-2025,"Arakni, 5L!p3d 7hRu 7h3 cR4X",Pain in the Backside,3
78594864,battle-hardened-lucerne-2025,"Arakni, 5L!p3d 7hRu 7h3 cR4X",Perforate,0
78594864,battle-hardened-lucerne-2025,"Arakni, 5L!p3d 7hRu 7h3 cR4X",Persuasive Prognosis,3
78594864,battle-hardened-lucerne-2025,"Arakni, 5L!p3d 7hRu 7h3 cR4X",Pick Up the Point,2
78594864,battle-hardened-lucerne-2025,"Arakni, 5L!p3d 7hRu 7h3 cR4X",Plague Hive,0
78594864,battle-hardened-lucerne-2025,"Arakni, 5L!p3d 7hRu 7h3 cR4X",Prismatic Leyline,0
78594864,battle-hardened-lucerne-2025,"Arakni, 5L!p3d 7hRu 7h3 cR4X",Razor's Edge,3
78594864,battle-hardened-lucerne-2025,"Arakni, 5L!p3d 7hRu 7h3 cR4X",Redback Shroud,1
78594864,battle-hardened-lucerne-2025,"Arakni, 5L!p3d 7hRu 7h3 cR4X",Savor Bloodshed,3
78594864,battle-hardened-lucerne-2025,"Arakni, 5L!p3d 7hRu 7h3 cR4X",Schism of Chaos,0
78594864,battle-hardened-lucerne-2025,"Arakni, 5L!p3d 7hRu 7h3 cR4X",Shelter from the Storm,3
78594864,battle-hardened-lucerne-2025,"Arakni, 5L!p3d 7hRu 7h3 cR4X",Shred,1
78594864,battle-hardened-lucerne-2025,"Arakni, 5L!p3d 7hRu 7h3 cR4X",Sink Below,3
78594864,battle-hardened-lucerne-2025,"Arakni, 5L!p3d 7hRu 7h3 cR4X",Sirens of Safe Harbor,0
78594864,battle-hardened-lucerne-2025,"Arakni, 5L!p3d 7hRu 7h3 cR4X",Snag,0
78594864,battle-hardened-lucerne-2025,"Arakni, 5L!p3d 7hRu 7h3 cR4X",Snapdragon Scalers,0
78594864,battle-hardened-lucerne-2025,"Arakni, 5L!p3d 7hRu 7h3 cR4X",Spike with Bloodrot,2
78594864,battle-hardened-lucerne-2025,"Arakni, 5L!p3d 7hRu 7h3 cR4X",Spreading Plague,0
78594864,battle-hardened-lucerne-2025,"Arakni, 5L!p3d 7hRu 7h3 cR4X",Surgical Extraction,0
78594864,battle-hardened-lucerne-2025,"Arakni, 5L!p3d 7hRu 7h3 cR4X",Take Up the Mantle,3
78594864,battle-hardened-lucerne-2025,"Arakni, 5L!p3d 7hRu 7h3 cR4X",Tarantula Toxin,3
78594864,battle-hardened-lucerne-2025,"Arakni, 5L!p3d 7hRu 7h3 cR4X",Undercover Acquisition,0
78594864,battle-hardened-lucerne-2025,"Arakni, 5L!p3d 7hRu 7h3 cR4X",Widow Back Abdomen,1
78594864,battle-hardened-lucerne-2025,"Arakni, 5L!p3d 7hRu 7h3 cR4X",Widow Claw Tarsus,0
78594864,battle-hardened-lucerne-2025,"Arakni, 5L!p3d 7hRu 7h3 cR4X",Widow Veil Respirator,1
78594864,battle-hardened-lucerne-2025,"Arakni, 5L!p3d 7hRu 7h3 cR4X",Widow Web Crawler,1
57246191,battle-hardened-lucerne-2025,"Gravy Bones, Shipwrecked Looter",Amulet of Echoes,0
57246191,battle-hardened-lucerne-2025,"Gravy Bones, Shipwrecked Looter","Anka, Drag Under",1
57246191,battle-hardened-lucerne-2025,"Gravy Bones, Shipwrecked Looter",Arcane Compliance,0
57246191,battle-hardened-lucerne-2025,"Gravy Bones, Shipwrecked Looter",Avast Ye!,3
57246191,battle-hardened-lucerne-2025,"Gravy Bones, Shipwrecked Looter",Back Alley Breakline,2
57246191,battle-hardened-lucerne-2025,"Gravy Bones, Shipwrecked Looter",Balance of Justice,1
57246191,battle-hardened-lucerne-2025,"Gravy Bones, Shipwrecked Looter",Blanch,0
57246191,battle-hardened-lucerne-2025,"Gravy Bones, Shipwrecked Looter",Blood in the Water,2
57246191,battle-hardened-lucerne-2025,"Gravy Bones, Shipwrecked Looter",Call to the Grave,3
57246191,battle-hardened-lucerne-2025,"Gravy Bones, Shipwrecked Looter",Chart the High Seas,3
57246191,battle-hardened-lucerne-2025,"Gravy Bones, Shipwrecked Looter","Chum, Friendly First Mate",3
57246191,battle-hardened-lucerne-2025,"Gravy Bones, Shipwrecked Looter",Command and Conquer,0
57246191,battle-hardened-lucerne-2025,"Gravy Bones, Shipwrecked Looter",Compass of Sunken Depths,1
57246191,battle-hardened-lucerne-2025,"Gravy Bones, Shipwrecked Looter",Conqueror of the High Seas,3
57246191,battle-hardened-lucerne-2025,"Gravy Bones, Shipwrecked Looter",Crown of Dominion,0
57246191,battle-hardened-lucerne-2025,"Gravy Bones, Shipwrecked Looter",Crown of Providence,1
57246191,battle-hardened-lucerne-2025,"Gravy Bones, Shipwrecked Looter","Cutty Shark, Quick Clip",0
57246191,battle-hardened-lucerne-2025,"Gravy Bones, Shipwrecked Looter",Dead Threads,1
57246191,battle-hardened-lucerne-2025,"Gravy Bones, Shipwrecked Looter",Diamond Amulet,0
57246191,battle-hardened-lucerne-2025,"Gravy Bones, Shipwrecked Looter",Eye of Ophidia,1
57246191,battle-hardened-lucerne-2025,"Gravy Bones, Shipwrecked Looter",Fearless Confrontation,0
57246191,battle-hardened-lucerne-2025,"Gravy Bones, Shipwrecked Looter",Fiddler's Green,0
57246191,battle-hardened-lucerne-2025,"Gravy Bones, Shipwrecked Looter",Flying High,0
57246191,battle-hardened-lucerne-2025,"Gravy Bones, Shipwrecked Looter",Give No Quarter,0
57246191,battle-hardened-lucerne-2025,"Gravy Bones, Shipwrecked Looter",Gold-Baited Hook,1
57246191,battle-hardened-lucerne-2025,"Gravy Bones, Shipwrecked Looter",Golden Tipple,3
57246191,battle-hardened-lucerne-2025,"Gravy Bones, Shipwrecked Looter",Golden Tipple,3
57246191,battle-hardened-lucerne-2025,"Gravy Bones, Shipwrecked Looter",Golden Tipple,3
57246191,battle-hardened-lucerne-2025,"Gravy Bones, Shipwrecked Looter",HMS Barracuda,0
57246191,battle-hardened-lucerne-2025,"Gravy Bones, Shipwrecked Looter",Jittery Bones,0
57246191,battle-hardened-lucerne-2025,"Gravy Bones, Shipwrecked Looter","Limpit, Hop-a-long",2
57246191,battle-hardened-lucerne-2025,"Gravy Bones, Shipwrecked Looter",Loot the Hold,3
57246191,battle-hardened-lucerne-2025,"Gravy Bones, Shipwrecked Looter",Mage Master Boots,1
57246191,battle-hardened-lucerne-2025,"Gravy Bones, Shipwrecked Looter",Murderous Rabble,3
57246191,battle-hardened-lucerne-2025,"Gravy Bones, Shipwrecked Looter",Nullrune Boots,1
57246191,battle-hardened-lucerne-2025,"Gravy Bones, Shipwrecked Looter",Nullrune Gloves,0
57246191,battle-hardened-lucerne-2025,"Gravy Bones, Shipwrecked Looter",Nullrune Hood,1
57246191,battle-hardened-lucerne-2025,"Gravy Bones, Shipwrecked Looter",Nullrune Robe,1
57246191,battle-hardened-lucerne-2025,"Gravy Bones, Shipwrecked Looter","Oysten, Heart of Gold",1
57246191,battle-hardened-lucerne-2025,"Gravy Bones, Shipwrecked Looter",Pearl Amulet,0
57246191,battle-hardened-lucerne-2025,"Gravy Bones, Shipwrecked Looter",Portside Exchange,3
57246191,battle-hardened-lucerne-2025,"Gravy Bones, Shipwrecked Looter",Prismatic Leyline,0
57246191,battle-hardened-lucerne-2025,"Gravy Bones, Shipwrecked Looter",Quickdodge Flexors,1
57246191,battle-hardened-lucerne-2025,"Gravy Bones, Shipwrecked Looter",Restless Bones,0
57246191,battle-hardened-lucerne-2025,"Gravy Bones, Shipwrecked Looter",Riches of Trōpal-Dhani,0
57246191,battle-hardened-lucerne-2025,"Gravy Bones, Shipwrecked Looter",Riggermortis,3
57246191,battle-hardened-lucerne-2025,"Gravy Bones, Shipwrecked Looter",Saltwater Swell,3
57246191,battle-hardened-lucerne-2025,"Gravy Bones, Shipwrecked Looter",Saltwater Swell,3
57246191,battle-hardened-lucerne-2025,"Gravy Bones, Shipwrecked Looter","Sawbones, Dockhand",3
57246191,battle-hardened-lucerne-2025,"Gravy Bones, Shipwrecked Looter","Scooba, Salty Sea Dog",1
57246191,battle-hardened-lucerne-2025,"Gravy Bones, Shipwrecked Looter",Sea Legs,2
57246191,battle-hardened-lucerne-2025,"Gravy Bones, Shipwrecked Looter","Shelly, Hardened Traveler",0
57246191,battle-hardened-lucerne-2025,"Gravy Bones, Shipwrecked Looter",Sink Below,0
57246191,battle-hardened-lucerne-2025,"Gravy Bones, Shipwrecked Looter",Snag,0
57246191,battle-hardened-lucerne-2025,"Gravy Bones, Shipwrecked Looter",Sunken Treasure,3
57246191,battle-hardened-lucerne-2025,"Gravy Bones, Shipwrecked Looter",Swabbie,3
57246191,battle-hardened-lucerne-2025,"Gravy Bones, Shipwrecked Looter",Swiftwater Sloop,2
57246191,battle-hardened-lucerne-2025,"Gravy Bones, Shipwrecked Looter",Swiftwater Sloop,1
57246191,battle-hardened-lucerne-2025,"Gravy Bones, Shipwrecked Looter",Throw Caution to the Wind,0
57246191,battle-hardened-lucerne-2025,"Gravy Bones, Shipwrecked Looter",Tip the Barkeep,3
57246191,battle-hardened-lucerne-2025,"Gravy Bones, Shipwrecked Looter",Wailer Humperdinck,1
38796132,battle-hardened-lucerne-2025,"Arakni, Marionette",Art of Desire: Body,3
38796132,battle-hardened-lucerne-2025,"Arakni, Marionette",Art of Desire: Mind,3
38796132,battle-hardened-lucerne-2025,"Arakni, Marionette",Battlefront Bastion,0
38796132,battle-hardened-lucerne-2025,"Arakni, Marionette",Blanch,2
38796132,battle-hardened-lucerne-2025,"Arakni, Marionette",Bonds of Agony,3
38796132,battle-hardened-lucerne-2025,"Arakni, Marionette",Codex of Bloodrot,0
38796132,battle-hardened-lucerne-2025,"Arakni, Marionette",Codex of Frailty,3
38796132,battle-hardened-lucerne-2025,"Arakni, Marionette",Command and Conquer,3
38796132,battle-hardened-lucerne-2025,"Arakni, Marionette",Cut from the Same Cloth,3
38796132,battle-hardened-lucerne-2025,"Arakni, Marionette",Den of the Spider,1
38796132,battle-hardened-lucerne-2025,"Arakni, Marionette",Enlightened Strike,3
38796132,battle-hardened-lucerne-2025,"Arakni, Marionette",Exposed,1
38796132,battle-hardened-lucerne-2025,"Arakni, Marionette",Flick Knives,1
38796132,battle-hardened-lucerne-2025,"Arakni, Marionette",Frailty Trap,0
38796132,battle-hardened-lucerne-2025,"Arakni, Marionette",Fyendal's Spring Tunic,1
38796132,battle-hardened-lucerne-2025,"Arakni, Marionette",Hunter's Klaive,2
38796132,battle-hardened-lucerne-2025,"Arakni, Marionette",Infiltrate,3
38796132,battle-hardened-lucerne-2025,"Arakni, Marionette",Just a Nick,1
38796132,battle-hardened-lucerne-2025,"Arakni, Marionette",Kiss of Death,3
38796132,battle-hardened-lucerne-2025,"Arakni, Marionette",Lair of the Spider,2
38796132,battle-hardened-lucerne-2025,"Arakni, Marionette",Leave No Witnesses,3
38796132,battle-hardened-lucerne-2025,"Arakni, Marionette",Mark of the Black Widow,2
38796132,battle-hardened-lucerne-2025,"Arakni, Marionette",Mask of Deceit,1
38796132,battle-hardened-lucerne-2025,"Arakni, Marionette",Orb-Weaver Spinneret,3
38796132,battle-hardened-lucerne-2025,"Arakni, Marionette",Pain in the Backside,2
38796132,battle-hardened-lucerne-2025,"Arakni, Marionette",Persuasive Prognosis,3
38796132,battle-hardened-lucerne-2025,"Arakni, Marionette",Pick Up the Point,3
38796132,battle-hardened-lucerne-2025,"Arakni, Marionette",Public Bounty,2
38796132,battle-hardened-lucerne-2025,"Arakni, Marionette",Reaper's Call,1
38796132,battle-hardened-lucerne-2025,"Arakni, Marionette",Regicide,1
38796132,battle-hardened-lucerne-2025,"Arakni, Marionette",Savor Bloodshed,3
38796132,battle-hardened-lucerne-2025,"Arakni, Marionette",Shelter from the Storm,0
38796132,battle-hardened-lucerne-2025,"Arakni, Marionette",Sink Below,3
38796132,battle-hardened-lucerne-2025,"Arakni, Marionette",Snapdragon Scalers,1
38796132,battle-hardened-lucerne-2025,"Arakni, Marionette",Stains of the Redback,3
38796132,battle-hardened-lucerne-2025,"Arakni, Marionette",Starting Point,0
38796132,battle-hardened-lucerne-2025,"Arakni, Marionette",Surgical Extraction,3
38796132,battle-hardened-lucerne-2025,"Arakni, Marionette",Take Up the Mantle,2
38796132,battle-hardened-lucerne-2025,"Arakni, Marionette",Tarantula Toxin,3
38796132,battle-hardened-lucerne-2025,"Arakni, Marionette",Under the Trap-Door,1
38796132,battle-hardened-lucerne-2025,"Arakni, Marionette",Up Sticks and Run,0
38796132,battle-hardened-lucerne-2025,"Arakni, Marionette",Widow Back Abdomen,1
38796132,battle-hardened-lucerne-2025,"Arakni, Marionette",Widow Veil Respirator,1
38796132,battle-hardened-lucerne-2025,"Arakni, Marionette",Widow Web Crawler,0
24189837,battle-hardened-lucerne-2025,"Oscilio, Constella Intelligence",Aether Bindings of the Third Age,1
24189837,battle-hardened-lucerne-2025,"Oscilio, Constella Intelligence",Balance of Justice,1
24189837,battle-hardened-lucerne-2025,"Oscilio, Constella Intelligence",Battlefront Bastion,0
24189837,battle-hardened-lucerne-2025,"Oscilio, Constella Intelligence",Blast to Oblivion,3
24189837,battle-hardened-lucerne-2025,"Oscilio, Constella Intelligence",Blast to Oblivion,3
24189837,battle-hardened-lucerne-2025,"Oscilio, Constella Intelligence",Blink,3
24189837,battle-hardened-lucerne-2025,"Oscilio, Constella Intelligence",Burn Bare,2
24189837,battle-hardened-lucerne-2025,"Oscilio, Constella Intelligence",Calming Breeze,0
24189837,battle-hardened-lucerne-2025,"Oscilio, Constella Intelligence",Cap of Quick Thinking,0
24189837,battle-hardened-lucerne-2025,"Oscilio, Constella Intelligence",Channel Lightning Valley,3
24189837,battle-hardened-lucerne-2025,"Oscilio, Constella Intelligence",Comet Storm||Shock,3
24189837,battle-hardened-lucerne-2025,"Oscilio, Constella Intelligence",Command and Conquer,2
24189837,battle-hardened-lucerne-2025,"Oscilio, Constella Intelligence",Consign to Cosmos||Shock,3
24189837,battle-hardened-lucerne-2025,"Oscilio, Constella Intelligence",Current Funnel,3
24189837,battle-hardened-lucerne-2025,"Oscilio, Constella Intelligence",Eclectic Magnetism,3
24189837,battle-hardened-lucerne-2025,"Oscilio, Constella Intelligence",Electromagnetic Somersault,3
24189837,battle-hardened-lucerne-2025,"Oscilio, Constella Intelligence",Electrostatic Discharge,3
24189837,battle-hardened-lucerne-2025,"Oscilio, Constella Intelligence",Etchings of Arcana,3
24189837,battle-hardened-lucerne-2025,"Oscilio, Constella Intelligence",Flash of Brilliance,1
24189837,battle-hardened-lucerne-2025,"Oscilio, Constella Intelligence",Flittering Charge,3
24189837,battle-hardened-lucerne-2025,"Oscilio, Constella Intelligence",Fry,2
24189837,battle-hardened-lucerne-2025,"Oscilio, Constella Intelligence",Fyendal's Spring Tunic,1
24189837,battle-hardened-lucerne-2025,"Oscilio, Constella Intelligence",Glyph Overlay,3
24189837,battle-hardened-lucerne-2025,"Oscilio, Constella Intelligence",Gone in a Flash,3
24189837,battle-hardened-lucerne-2025,"Oscilio, Constella Intelligence",Lightning Greaves,1
24189837,battle-hardened-lucerne-2025,"Oscilio, Constella Intelligence",Lightning Press,0
24189837,battle-hardened-lucerne-2025,"Oscilio, Constella Intelligence",Mind Warp,3
24189837,battle-hardened-lucerne-2025,"Oscilio, Constella Intelligence",Null||Shock,2
24189837,battle-hardened-lucerne-2025,"Oscilio, Constella Intelligence",Oasis Respite,2
24189837,battle-hardened-lucerne-2025,"Oscilio, Constella Intelligence",Old Knocker,1
24189837,battle-hardened-lucerne-2025,"Oscilio, Constella Intelligence",Rewind,0
24189837,battle-hardened-lucerne-2025,"Oscilio, Constella Intelligence",Scour,0
24189837,battle-hardened-lucerne-2025,"Oscilio, Constella Intelligence",Shelter from the Storm,0
24189837,battle-hardened-lucerne-2025,"Oscilio, Constella Intelligence",Shock Charmers,1
24189837,battle-hardened-lucerne-2025,"Oscilio, Constella Intelligence",Sigil of Aether,2
24189837,battle-hardened-lucerne-2025,"Oscilio, Constella Intelligence",Sigil of Brilliance,3
24189837,battle-hardened-lucerne-2025,"Oscilio, Constella Intelligence",Sigil of Conductivity,3
24189837,battle-hardened-lucerne-2025,"Oscilio, Constella Intelligence",Sigil of Lightning,3
24189837,battle-hardened-lucerne-2025,"Oscilio, Constella Intelligence",Sigil of Solace,3
24189837,battle-hardened-lucerne-2025,"Oscilio, Constella Intelligence",Sink Below,3
24189837,battle-hardened-lucerne-2025,"Oscilio, Constella Intelligence",Snag,0
24189837,battle-hardened-lucerne-2025,"Oscilio, Constella Intelligence","Volzar, the Lightning Rod",1
38167858,battle-hardened-lucerne-2025,"Oscilio, Constella Intelligence",Aether Bindings of the Third Age,1
38167858,battle-hardened-lucerne-2025,"Oscilio, Constella Intelligence",Balance of Justice,0
38167858,battle-hardened-lucerne-2025,"Oscilio, Constella Intelligence",Battlefront Bastion,3
38167858,battle-hardened-lucerne-2025,"Oscilio, Constella Intelligence",Blast to Oblivion,3
38167858,battle-hardened-lucerne-2025,"Oscilio, Constella Intelligence",Blast to Oblivion,3
38167858,battle-hardened-lucerne-2025,"Oscilio, Constella Intelligence",Blink,3
38167858,battle-hardened-lucerne-2025,"Oscilio, Constella Intelligence",Burn Bare,3
38167858,battle-hardened-lucerne-2025,"Oscilio, Constella Intelligence",Calming Breeze,0
38167858,battle-hardened-lucerne-2025,"Oscilio, Constella Intelligence",Cap of Quick Thinking,1
38167858,battle-hardened-lucerne-2025,"Oscilio, Constella Intelligence",Channel Lightning Valley,3
38167858,battle-hardened-lucerne-2025,"Oscilio, Constella Intelligence",Comet Storm||Shock,3
38167858,battle-hardened-lucerne-2025,"Oscilio, Constella Intelligence",Command and Conquer,0
38167858,battle-hardened-lucerne-2025,"Oscilio, Constella Intelligence",Consign to Cosmos||Shock,3
38167858,battle-hardened-lucerne-2025,"Oscilio, Constella Intelligence",Current Funnel,3
38167858,battle-hardened-lucerne-2025,"Oscilio, Constella Intelligence",Eclectic Magnetism,3
38167858,battle-hardened-lucerne-2025,"Oscilio, Constella Intelligence",Electromagnetic Somersault,3
38167858,battle-hardened-lucerne-2025,"Oscilio, Constella Intelligence",Electrostatic Discharge,3
38167858,battle-hardened-lucerne-2025,"Oscilio, Constella Intelligence",Etchings of Arcana,3
38167858,battle-hardened-lucerne-2025,"Oscilio, Constella Intelligence",Flash of Brilliance,1
38167858,battle-hardened-lucerne-2025,"Oscilio, Constella Intelligence",Flittering Charge,3
38167858,battle-hardened-lucerne-2025,"Oscilio, Constella Intelligence",Fry,2
38167858,battle-hardened-lucerne-2025,"Oscilio, Constella Intelligence",Fyendal's Spring Tunic,1
38167858,battle-hardened-lucerne-2025,"Oscilio, Constella Intelligence",Glyph Overlay,0
38167858,battle-hardened-lucerne-2025,"Oscilio, Constella Intelligence",Gone in a Flash,3
38167858,battle-hardened-lucerne-2025,"Oscilio, Constella Intelligence",Lightning Greaves,1
38167858,battle-hardened-lucerne-2025,"Oscilio, Constella Intelligence",Lightning Press,2
38167858,battle-hardened-lucerne-2025,"Oscilio, Constella Intelligence",Mind Warp,3
38167858,battle-hardened-lucerne-2025,"Oscilio, Constella Intelligence",Null||Shock,2
38167858,battle-hardened-lucerne-2025,"Oscilio, Constella Intelligence",Oasis Respite,0
38167858,battle-hardened-lucerne-2025,"Oscilio, Constella Intelligence",Old Knocker,1
38167858,battle-hardened-lucerne-2025,"Oscilio, Constella Intelligence",Rewind,0
38167858,battle-hardened-lucerne-2025,"Oscilio, Constella Intelligence",Scour,0
38167858,battle-hardened-lucerne-2025,"Oscilio, Constella Intelligence",Shelter from the Storm,2
38167858,battle-hardened-lucerne-2025,"Oscilio, Constella Intelligence",Shock Charmers,0
38167858,battle-hardened-lucerne-2025,"Oscilio, Constella Intelligence",Sigil of Aether,0
38167858,battle-hardened-lucerne-2025,"Oscilio, Constella Intelligence",Sigil of Brilliance,3
38167858,battle-hardened-lucerne-2025,"Oscilio, Constella Intelligence",Sigil of Conductivity,3
38167858,battle-hardened-lucerne-2025,"Oscilio, Constella Intelligence",Sigil of Lightning,3
38167858,battle-hardened-lucerne-2025,"Oscilio, Constella Intelligence",Sigil of Solace,3
38167858,battle-hardened-lucerne-2025,"Oscilio, Constella Intelligence",Sink Below,3
38167858,battle-hardened-lucerne-2025,"Oscilio, Constella Intelligence",Snag,2
38167858,battle-hardened-lucerne-2025,"Oscilio, Constella Intelligence","Volzar, the Lightning Rod",1
13187531,battle-hardened-lucerne-2025,"Arakni, 5L!p3d 7hRu 7h3 cR4X",Art of Desire: Body,3
13187531,battle-hardened-lucerne-2025,"Arakni, 5L!p3d 7hRu 7h3 cR4X",Art of Desire: Mind,3
13187531,battle-hardened-lucerne-2025,"Arakni, 5L!p3d 7hRu 7h3 cR4X",Balance of Justice,0
13187531,battle-hardened-lucerne-2025,"Arakni, 5L!p3d 7hRu 7h3 cR4X",Blacktek Whisperers,1
13187531,battle-hardened-lucerne-2025,"Arakni, 5L!p3d 7hRu 7h3 cR4X",Blanch,2
13187531,battle-hardened-lucerne-2025,"Arakni, 5L!p3d 7hRu 7h3 cR4X",Bonds of Agony,3
13187531,battle-hardened-lucerne-2025,"Arakni, 5L!p3d 7hRu 7h3 cR4X",Bonds of Attraction,0
13187531,battle-hardened-lucerne-2025,"Arakni, 5L!p3d 7hRu 7h3 cR4X",Censor,0
13187531,battle-hardened-lucerne-2025,"Arakni, 5L!p3d 7hRu 7h3 cR4X",Codex of Bloodrot,0
13187531,battle-hardened-lucerne-2025,"Arakni, 5L!p3d 7hRu 7h3 cR4X",Codex of Frailty,3
13187531,battle-hardened-lucerne-2025,"Arakni, 5L!p3d 7hRu 7h3 cR4X",Command and Conquer,3
13187531,battle-hardened-lucerne-2025,"Arakni, 5L!p3d 7hRu 7h3 cR4X",Concealed Blade,0
13187531,battle-hardened-lucerne-2025,"Arakni, 5L!p3d 7hRu 7h3 cR4X",Crown of Providence,1
13187531,battle-hardened-lucerne-2025,"Arakni, 5L!p3d 7hRu 7h3 cR4X",Double Trouble,3
13187531,battle-hardened-lucerne-2025,"Arakni, 5L!p3d 7hRu 7h3 cR4X",Enlightened Strike,0
13187531,battle-hardened-lucerne-2025,"Arakni, 5L!p3d 7hRu 7h3 cR4X",Eradicate,0
13187531,battle-hardened-lucerne-2025,"Arakni, 5L!p3d 7hRu 7h3 cR4X",Erase Face,0
13187531,battle-hardened-lucerne-2025,"Arakni, 5L!p3d 7hRu 7h3 cR4X",Fate Foreseen,0
13187531,battle-hardened-lucerne-2025,"Arakni, 5L!p3d 7hRu 7h3 cR4X",Flick Knives,1
13187531,battle-hardened-lucerne-2025,"Arakni, 5L!p3d 7hRu 7h3 cR4X",Fyendal's Spring Tunic,1
13187531,battle-hardened-lucerne-2025,"Arakni, 5L!p3d 7hRu 7h3 cR4X",Hunter's Klaive,2
13187531,battle-hardened-lucerne-2025,"Arakni, 5L!p3d 7hRu 7h3 cR4X",Hurl,0
13187531,battle-hardened-lucerne-2025,"Arakni, 5L!p3d 7hRu 7h3 cR4X",Infect,3
13187531,battle-hardened-lucerne-2025,"Arakni, 5L!p3d 7hRu 7h3 cR4X",Infiltrate,3
13187531,battle-hardened-lucerne-2025,"Arakni, 5L!p3d 7hRu 7h3 cR4X",Just a Nick,3
13187531,battle-hardened-lucerne-2025,"Arakni, 5L!p3d 7hRu 7h3 cR4X",Kiss of Death,3
13187531,battle-hardened-lucerne-2025,"Arakni, 5L!p3d 7hRu 7h3 cR4X",Leave No Witnesses,3
13187531,battle-hardened-lucerne-2025,"Arakni, 5L!p3d 7hRu 7h3 cR4X",Mark of the Black Widow,3
13187531,battle-hardened-lucerne-2025,"Arakni, 5L!p3d 7hRu 7h3 cR4X",Mark of the Huntsman,0
13187531,battle-hardened-lucerne-2025,"Arakni, 5L!p3d 7hRu 7h3 cR4X",Mask of Deceit,0
13187531,battle-hardened-lucerne-2025,"Arakni, 5L!p3d 7hRu 7h3 cR4X",Mask of Perdition,0
13187531,battle-hardened-lucerne-2025,"Arakni, 5L!p3d 7hRu 7h3 cR4X",Oasis Respite,0
13187531,battle-hardened-lucerne-2025,"Arakni, 5L!p3d 7hRu 7h3 cR4X",Orb-Weaver Spinneret,3
13187531,battle-hardened-lucerne-2025,"Arakni, 5L!p3d 7hRu 7h3 cR4X",Pain in the Backside,3
13187531,battle-hardened-lucerne-2025,"Arakni, 5L!p3d 7hRu 7h3 cR4X",Perforate,0
13187531,battle-hardened-lucerne-2025,"Arakni, 5L!p3d 7hRu 7h3 cR4X",Persuasive Prognosis,3
13187531,battle-hardened-lucerne-2025,"Arakni, 5L!p3d 7hRu 7h3 cR4X",Pick Up the Point,2
13187531,battle-hardened-lucerne-2025,"Arakni, 5L!p3d 7hRu 7h3 cR4X",Plague Hive,0
13187531,battle-hardened-lucerne-2025,"Arakni, 5L!p3d 7hRu 7h3 cR4X",Prismatic Leyline,0
13187531,battle-hardened-lucerne-2025,"Arakni, 5L!p3d 7hRu 7h3 cR4X",Razor's Edge,3
13187531,battle-hardened-lucerne-2025,"Arakni, 5L!p3d 7hRu 7h3 cR4X",Redback Shroud,1
13187531,battle-hardened-lucerne-2025,"Arakni, 5L!p3d 7hRu 7h3 cR4X",Savor Bloodshed,3
13187531,battle-hardened-lucerne-2025,"Arakni, 5L!p3d 7hRu 7h3 cR4X",Schism of Chaos,0
13187531,battle-hardened-lucerne-2025,"Arakni, 5L!p3d 7hRu 7h3 cR4X",Shelter from the Storm,3
13187531,battle-hardened-lucerne-2025,"Arakni, 5L!p3d 7hRu 7h3 cR4X",Shred,1
13187531,battle-hardened-lucerne-2025,"Arakni, 5L!p3d 7hRu 7h3 cR4X",Sink Below,3
13187531,battle-hardened-lucerne-2025,"Arakni, 5L!p3d 7hRu 7h3 cR4X",Sirens of Safe Harbor,0
13187531,battle-hardened-lucerne-2025,"Arakni, 5L!p3d 7hRu 7h3 cR4X",Snag,0
13187531,battle-hardened-lucerne-2025,"Arakni, 5L!p3d 7hRu 7h3 cR4X",Snapdragon Scalers,0
13187531,battle-hardened-lucerne-2025,"Arakni, 5L!p3d 7hRu 7h3 cR4X",Spike with Bloodrot,2
13187531,battle-hardened-lucerne-2025,"Arakni, 5L!p3d 7hRu 7h3 cR4X",Spreading Plague,0
13187531,battle-hardened-lucerne-2025,"Arakni, 5L!p3d 7hRu 7h3 cR4X",Surgical Extraction,0
13187531,battle-hardened-lucerne-2025,"Arakni, 5L!p3d 7hRu 7h3 cR4X",Take Up the Mantle,3
13187531,battle-hardened-lucerne-2025,"Arakni, 5L!p3d 7hRu 7h3 cR4X",Tarantula Toxin,3
13187531,battle-hardened-lucerne-2025,"Arakni, 5L!p3d 7hRu 7h3 cR4X",Undercover Acquisition,0
13187531,battle-hardened-lucerne-2025,"Arakni, 5L!p3d 7hRu 7h3 cR4X",Widow Back Abdomen,1
13187531,battle-hardened-lucerne-2025,"Arakni, 5L!p3d 7hRu 7h3 cR4X",Widow Claw Tarsus,0
13187531,battle-hardened-lucerne-2025,"Arakni, 5L!p3d 7hRu 7h3 cR4X",Widow Veil Respirator,1
13187531,battle-hardened-lucerne-2025,"Arakni, 5L!p3d 7hRu 7h3 cR4X",Widow Web Crawler,1
44446213,battle-hardened-lucerne-2025,"Oscilio, Constella Intelligence",Aether Bindings of the Third Age,1
44446213,battle-hardened-lucerne-2025,"Oscilio, Constella Intelligence",Balance of Justice,0
44446213,battle-hardened-lucerne-2025,"Oscilio, Constella Intelligence",Battlefront Bastion,0
44446213,battle-hardened-lucerne-2025,"Oscilio, Constella Intelligence",Blast to Oblivion,3
44446213,battle-hardened-lucerne-2025,"Oscilio, Constella Intelligence",Blast to Oblivion,3
44446213,battle-hardened-lucerne-2025,"Oscilio, Constella Intelligence",Blast to Oblivion,3
44446213,battle-hardened-lucerne-2025,"Oscilio, Constella Intelligence",Blink,3
44446213,battle-hardened-lucerne-2025,"Oscilio, Constella Intelligence",Burn Bare,3
44446213,battle-hardened-lucerne-2025,"Oscilio, Constella Intelligence",Calming Breeze,3
44446213,battle-hardened-lucerne-2025,"Oscilio, Constella Intelligence",Cap of Quick Thinking,1
44446213,battle-hardened-lucerne-2025,"Oscilio, Constella Intelligence",Channel Lightning Valley,3
44446213,battle-hardened-lucerne-2025,"Oscilio, Constella Intelligence",Comet Storm||Shock,3
44446213,battle-hardened-lucerne-2025,"Oscilio, Constella Intelligence",Command and Conquer,0
44446213,battle-hardened-lucerne-2025,"Oscilio, Constella Intelligence",Consign to Cosmos||Shock,3
44446213,battle-hardened-lucerne-2025,"Oscilio, Constella Intelligence",Current Funnel,3
44446213,battle-hardened-lucerne-2025,"Oscilio, Constella Intelligence",Eclectic Magnetism,0
44446213,battle-hardened-lucerne-2025,"Oscilio, Constella Intelligence",Electromagnetic Somersault,3
44446213,battle-hardened-lucerne-2025,"Oscilio, Constella Intelligence",Electrostatic Discharge,3
44446213,battle-hardened-lucerne-2025,"Oscilio, Constella Intelligence",Etchings of Arcana,3
44446213,battle-hardened-lucerne-2025,"Oscilio, Constella Intelligence",Flash of Brilliance,1
44446213,battle-hardened-lucerne-2025,"Oscilio, Constella Intelligence",Flittering Charge,3
44446213,battle-hardened-lucerne-2025,"Oscilio, Constella Intelligence",Fry,0
44446213,battle-hardened-lucerne-2025,"Oscilio, Constella Intelligence",Fyendal's Spring Tunic,0
44446213,battle-hardened-lucerne-2025,"Oscilio, Constella Intelligence",Glyph Overlay,0
44446213,battle-hardened-lucerne-2025,"Oscilio, Constella Intelligence",Gone in a Flash,3
44446213,battle-hardened-lucerne-2025,"Oscilio, Constella Intelligence",Lightning Greaves,1
44446213,battle-hardened-lucerne-2025,"Oscilio, Constella Intelligence",Lightning Press,3
44446213,battle-hardened-lucerne-2025,"Oscilio, Constella Intelligence",Mind Warp,3
44446213,battle-hardened-lucerne-2025,"Oscilio, Constella Intelligence",Null||Shock,0
44446213,battle-hardened-lucerne-2025,"Oscilio, Constella Intelligence",Oasis Respite,0
44446213,battle-hardened-lucerne-2025,"Oscilio, Constella Intelligence",Old Knocker,1
44446213,battle-hardened-lucerne-2025,"Oscilio, Constella Intelligence",Rewind,2
44446213,battle-hardened-lucerne-2025,"Oscilio, Constella Intelligence",Scour,2
44446213,battle-hardened-lucerne-2025,"Oscilio, Constella Intelligence",Shelter from the Storm,0
44446213,battle-hardened-lucerne-2025,"Oscilio, Constella Intelligence",Shock Charmers,1
44446213,battle-hardened-lucerne-2025,"Oscilio, Constella Intelligence",Sigil of Aether,3
44446213,battle-hardened-lucerne-2025,"Oscilio, Constella Intelligence",Sigil of Brilliance,3
44446213,battle-hardened-lucerne-2025,"Oscilio, Constella Intelligence",Sigil of Conductivity,3
44446213,battle-hardened-lucerne-2025,"Oscilio, Constella Intelligence",Sigil of Lightning,3
44446213,battle-hardened-lucerne-2025,"Oscilio, Constella Intelligence",Sigil of Solace,3
44446213,battle-hardened-lucerne-2025,"Oscilio, Constella Intelligence",Sink Below,3
44446213,battle-hardened-lucerne-2025,"Oscilio, Constella Intelligence",Snag,0
44446213,battle-hardened-lucerne-2025,"Oscilio, Constella Intelligence","Volzar, the Lightning Rod",1
72579217,battle-hardened-lucerne-2025,"Oscilio, Constella Intelligence",Aether Bindings of the Third Age,1
72579217,battle-hardened-lucerne-2025,"Oscilio, Constella Intelligence",Balance of Justice,0
72579217,battle-hardened-lucerne-2025,"Oscilio, Constella Intelligence",Battlefront Bastion,2
72579217,battle-hardened-lucerne-2025,"Oscilio, Constella Intelligence",Blast to Oblivion,3
72579217,battle-hardened-lucerne-2025,"Oscilio, Constella Intelligence",Blast to Oblivion,3
72579217,battle-hardened-lucerne-2025,"Oscilio, Constella Intelligence",Blink,3
72579217,battle-hardened-lucerne-2025,"Oscilio, Constella Intelligence",Burn Bare,3
72579217,battle-hardened-lucerne-2025,"Oscilio, Constella Intelligence",Calming Breeze,0
72579217,battle-hardened-lucerne-2025,"Oscilio, Constella Intelligence",Cap of Quick Thinking,1
72579217,battle-hardened-lucerne-2025,"Oscilio, Constella Intelligence",Channel Lightning Valley,3
72579217,battle-hardened-lucerne-2025,"Oscilio, Constella Intelligence",Comet Storm||Shock,3
72579217,battle-hardened-lucerne-2025,"Oscilio, Constella Intelligence",Command and Conquer,0
72579217,battle-hardened-lucerne-2025,"Oscilio, Constella Intelligence",Consign to Cosmos||Shock,3
72579217,battle-hardened-lucerne-2025,"Oscilio, Constella Intelligence",Current Funnel,3
72579217,battle-hardened-lucerne-2025,"Oscilio, Constella Intelligence",Eclectic Magnetism,3
72579217,battle-hardened-lucerne-2025,"Oscilio, Constella Intelligence",Electromagnetic Somersault,3
72579217,battle-hardened-lucerne-2025,"Oscilio, Constella Intelligence",Electrostatic Discharge,3
72579217,battle-hardened-lucerne-2025,"Oscilio, Constella Intelligence",Etchings of Arcana,3
72579217,battle-hardened-lucerne-2025,"Oscilio, Constella Intelligence",Flash of Brilliance,1
72579217,battle-hardened-lucerne-2025,"Oscilio, Constella Intelligence",Flittering Charge,3
72579217,battle-hardened-lucerne-2025,"Oscilio, Constella Intelligence",Fry,0
72579217,battle-hardened-lucerne-2025,"Oscilio, Constella Intelligence",Fyendal's Spring Tunic,1
72579217,battle-hardened-lucerne-2025,"Oscilio, Constella Intelligence",Glyph Overlay,0
72579217,battle-hardened-lucerne-2025,"Oscilio, Constella Intelligence",Gone in a Flash,3
72579217,battle-hardened-lucerne-2025,"Oscilio, Constella Intelligence",Lightning Greaves,1
72579217,battle-hardened-lucerne-2025,"Oscilio, Constella Intelligence",Lightning Press,0
72579217,battle-hardened-lucerne-2025,"Oscilio, Constella Intelligence",Mind Warp,3
72579217,battle-hardened-lucerne-2025,"Oscilio, Constella Intelligence",Null||Shock,2
72579217,battle-hardened-lucerne-2025,"Oscilio, Constella Intelligence",Oasis Respite,0
72579217,battle-hardened-lucerne-2025,"Oscilio, Constella Intelligence",Old Knocker,1
72579217,battle-hardened-lucerne-2025,"Oscilio, Constella Intelligence",Rewind,2
72579217,battle-hardened-lucerne-2025,"Oscilio, Constella Intelligence",Scour,0
72579217,battle-hardened-lucerne-2025,"Oscilio, Constella Intelligence",Shelter from the Storm,2
72579217,battle-hardened-lucerne-2025,"Oscilio, Constella Intelligence",Shock Charmers,1
72579217,battle-hardened-lucerne-2025,"Oscilio, Constella Intelligence",Sigil of Aether,2
72579217,battle-hardened-lucerne-2025,"Oscilio, Constella Intelligence",Sigil of Brilliance,3
72579217,battle-hardened-lucerne-2025,"Oscilio, Constella Intelligence",Sigil of Conductivity,3
72579217,battle-hardened-lucerne-2025,"Oscilio, Constella Intelligence",Sigil of Lightning,3
72579217,battle-hardened-lucerne-2025,"Oscilio, Constella Intelligence",Sigil of Solace,3
72579217,battle-hardened-lucerne-2025,"Oscilio, Constella Intelligence",Sink Below,3
72579217,battle-hardened-lucerne-2025,"Oscilio, Constella Intelligence",Snag,2
72579217,battle-hardened-lucerne-2025,"Oscilio, Constella Intelligence","Volzar, the Lightning Rod",1
89652654,battle-hardened-lucerne-2025,"Arakni, 5L!p3d 7hRu 7h3 cR4X",Art of Desire: Body,3
89652654,battle-hardened-lucerne-2025,"Arakni, 5L!p3d 7hRu 7h3 cR4X",Art of Desire: Mind,0
89652654,battle-hardened-lucerne-2025,"Arakni, 5L!p3d 7hRu 7h3 cR4X",Balance of Justice,1
89652654,battle-hardened-lucerne-2025,"Arakni, 5L!p3d 7hRu 7h3 cR4X",Blacktek Whisperers,1
89652654,battle-hardened-lucerne-2025,"Arakni, 5L!p3d 7hRu 7h3 cR4X",Blanch,0
89652654,battle-hardened-lucerne-2025,"Arakni, 5L!p3d 7hRu 7h3 cR4X",Bonds of Agony,3
89652654,battle-hardened-lucerne-2025,"Arakni, 5L!p3d 7hRu 7h3 cR4X",Bonds of Attraction,1
89652654,battle-hardened-lucerne-2025,"Arakni, 5L!p3d 7hRu 7h3 cR4X",Censor,0
89652654,battle-hardened-lucerne-2025,"Arakni, 5L!p3d 7hRu 7h3 cR4X",Codex of Bloodrot,0
89652654,battle-hardened-lucerne-2025,"Arakni, 5L!p3d 7hRu 7h3 cR4X",Codex of Frailty,3
89652654,battle-hardened-lucerne-2025,"Arakni, 5L!p3d 7hRu 7h3 cR4X",Command and Conquer,3
89652654,battle-hardened-lucerne-2025,"Arakni, 5L!p3d 7hRu 7h3 cR4X",Concealed Blade,2
89652654,battle-hardened-lucerne-2025,"Arakni, 5L!p3d 7hRu 7h3 cR4X",Crown of Providence,1
89652654,battle-hardened-lucerne-2025,"Arakni, 5L!p3d 7hRu 7h3 cR4X",Double Trouble,3
89652654,battle-hardened-lucerne-2025,"Arakni, 5L!p3d 7hRu 7h3 cR4X",Enlightened Strike,3
89652654,battle-hardened-lucerne-2025,"Arakni, 5L!p3d 7hRu 7h3 cR4X",Eradicate,0
89652654,battle-hardened-lucerne-2025,"Arakni, 5L!p3d 7hRu 7h3 cR4X",Erase Face,0
89652654,battle-hardened-lucerne-2025,"Arakni, 5L!p3d 7hRu 7h3 cR4X",Fate Foreseen,1
89652654,battle-hardened-lucerne-2025,"Arakni, 5L!p3d 7hRu 7h3 cR4X",Flick Knives,1
89652654,battle-hardened-lucerne-2025,"Arakni, 5L!p3d 7hRu 7h3 cR4X",Fyendal's Spring Tunic,1
89652654,battle-hardened-lucerne-2025,"Arakni, 5L!p3d 7hRu 7h3 cR4X",Hunter's Klaive,3
89652654,battle-hardened-lucerne-2025,"Arakni, 5L!p3d 7hRu 7h3 cR4X",Hurl,0
89652654,battle-hardened-lucerne-2025,"Arakni, 5L!p3d 7hRu 7h3 cR4X",Infect,3
89652654,battle-hardened-lucerne-2025,"Arakni, 5L!p3d 7hRu 7h3 cR4X",Infiltrate,0
89652654,battle-hardened-lucerne-2025,"Arakni, 5L!p3d 7hRu 7h3 cR4X",Just a Nick,3
89652654,battle-hardened-lucerne-2025,"Arakni, 5L!p3d 7hRu 7h3 cR4X",Kiss of Death,3
89652654,battle-hardened-lucerne-2025,"Arakni, 5L!p3d 7hRu 7h3 cR4X",Leave No Witnesses,3
89652654,battle-hardened-lucerne-2025,"Arakni, 5L!p3d 7hRu 7h3 cR4X",Mark of the Black Widow,3
89652654,battle-hardened-lucerne-2025,"Arakni, 5L!p3d 7hRu 7h3 cR4X",Mark of the Huntsman,0
89652654,battle-hardened-lucerne-2025,"Arakni, 5L!p3d 7hRu 7h3 cR4X",Mask of Deceit,0
89652654,battle-hardened-lucerne-2025,"Arakni, 5L!p3d 7hRu 7h3 cR4X",Mask of Perdition,1
89652654,battle-hardened-lucerne-2025,"Arakni, 5L!p3d 7hRu 7h3 cR4X",Oasis Respite,0
89652654,battle-hardened-lucerne-2025,"Arakni, 5L!p3d 7hRu 7h3 cR4X",Orb-Weaver Spinneret,3
89652654,battle-hardened-lucerne-2025,"Arakni, 5L!p3d 7hRu 7h3 cR4X",Pain in the Backside,3
89652654,battle-hardened-lucerne-2025,"Arakni, 5L!p3d 7hRu 7h3 cR4X",Perforate,0
89652654,battle-hardened-lucerne-2025,"Arakni, 5L!p3d 7hRu 7h3 cR4X",Persuasive Prognosis,3
89652654,battle-hardened-lucerne-2025,"Arakni, 5L!p3d 7hRu 7h3 cR4X",Pick Up the Point,0
89652654,battle-hardened-lucerne-2025,"Arakni, 5L!p3d 7hRu 7h3 cR4X",Plague Hive,0
89652654,battle-hardened-lucerne-2025,"Arakni, 5L!p3d 7hRu 7h3 cR4X",Prismatic Leyline,0
89652654,battle-hardened-lucerne-2025,"Arakni, 5L!p3d 7hRu 7h3 cR4X",Razor's Edge,3
89652654,battle-hardened-lucerne-2025,"Arakni, 5L!p3d 7hRu 7h3 cR4X",Redback Shroud,1
89652654,battle-hardened-lucerne-2025,"Arakni, 5L!p3d 7hRu 7h3 cR4X",Savor Bloodshed,0
89652654,battle-hardened-lucerne-2025,"Arakni, 5L!p3d 7hRu 7h3 cR4X",Schism of Chaos,0
89652654,battle-hardened-lucerne-2025,"Arakni, 5L!p3d 7hRu 7h3 cR4X",Shelter from the Storm,2
89652654,battle-hardened-lucerne-2025,"Arakni, 5L!p3d 7hRu 7h3 cR4X",Shred,3
89652654,battle-hardened-lucerne-2025,"Arakni, 5L!p3d 7hRu 7h3 cR4X",Sink Below,3
89652654,battle-hardened-lucerne-2025,"Arakni, 5L!p3d 7hRu 7h3 cR4X",Sirens of Safe Harbor,0
89652654,battle-hardened-lucerne-2025,"Arakni, 5L!p3d 7hRu 7h3 cR4X",Snag,0
89652654,battle-hardened-lucerne-2025,"Arakni, 5L!p3d 7hRu 7h3 cR4X",Snapdragon Scalers,1
89652654,battle-hardened-lucerne-2025,"Arakni, 5L!p3d 7hRu 7h3 cR4X",Spike with Bloodrot,3
89652654,battle-hardened-lucerne-2025,"Arakni, 5L!p3d 7hRu 7h3 cR4X",Spreading Plague,0
89652654,battle-hardened-lucerne-2025,"Arakni, 5L!p3d 7hRu 7h3 cR4X",Surgical Extraction,0
89652654,battle-hardened-lucerne-2025,"Arakni, 5L!p3d 7hRu 7h3 cR4X",Take Up the Mantle,3
89652654,battle-hardened-lucerne-2025,"Arakni, 5L!p3d 7hRu 7h3 cR4X",Tarantula Toxin,3
89652654,battle-hardened-lucerne-2025,"Arakni, 5L!p3d 7hRu 7h3 cR4X",Undercover Acquisition,0
89652654,battle-hardened-lucerne-2025,"Arakni, 5L!p3d 7hRu 7h3 cR4X",Widow Back Abdomen,1
89652654,battle-hardened-lucerne-2025,"Arakni, 5L!p3d 7hRu 7h3 cR4X",Widow Claw Tarsus,0
89652654,battle-hardened-lucerne-2025,"Arakni, 5L!p3d 7hRu 7h3 cR4X",Widow Veil Respirator,1
89652654,battle-hardened-lucerne-2025,"Arakni, 5L!p3d 7hRu 7h3 cR4X",Widow Web Crawler,1
95774175,battle-hardened-lucerne-2025,"Verdance, Thorn of the Rose",Aether Arc,0
95774175,battle-hardened-lucerne-2025,"Verdance, Thorn of the Rose",Alluvion Constellas,0
95774175,battle-hardened-lucerne-2025,"Verdance, Thorn of the Rose",Arcane Compliance,0
95774175,battle-hardened-lucerne-2025,"Verdance, Thorn of the Rose",Arcane Twining,3
95774175,battle-hardened-lucerne-2025,"Verdance, Thorn of the Rose",Autumn's Touch,3
95774175,battle-hardened-lucerne-2025,"Verdance, Thorn of the Rose",Barkskin of the Millennium Tree,1
95774175,battle-hardened-lucerne-2025,"Verdance, Thorn of the Rose",Blade Beckoner Gauntlets,0
95774175,battle-hardened-lucerne-2025,"Verdance, Thorn of the Rose",Blanch,0
95774175,battle-hardened-lucerne-2025,"Verdance, Thorn of the Rose",Burn Bare,3
95774175,battle-hardened-lucerne-2025,"Verdance, Thorn of the Rose",Cadaverous Tilling,3
95774175,battle-hardened-lucerne-2025,"Verdance, Thorn of the Rose",Calming Breeze,2
95774175,battle-hardened-lucerne-2025,"Verdance, Thorn of the Rose",Command and Conquer,3
95774175,battle-hardened-lucerne-2025,"Verdance, Thorn of the Rose",Crown of Providence,1
95774175,battle-hardened-lucerne-2025,"Verdance, Thorn of the Rose",Destructive Aethertide,0
95774175,battle-hardened-lucerne-2025,"Verdance, Thorn of the Rose",Emeritus Scolding,3
95774175,battle-hardened-lucerne-2025,"Verdance, Thorn of the Rose",Enlightened Strike,3
95774175,battle-hardened-lucerne-2025,"Verdance, Thorn of the Rose",Erase Face,0
95774175,battle-hardened-lucerne-2025,"Verdance, Thorn of the Rose",Everbloom||Life,3
95774175,battle-hardened-lucerne-2025,"Verdance, Thorn of the Rose",Evergreen,0
95774175,battle-hardened-lucerne-2025,"Verdance, Thorn of the Rose",Fate Foreseen,0
95774175,battle-hardened-lucerne-2025,"Verdance, Thorn of the Rose",Felling of the Crown,3
95774175,battle-hardened-lucerne-2025,"Verdance, Thorn of the Rose",Fruits of the Forest,3
95774175,battle-hardened-lucerne-2025,"Verdance, Thorn of the Rose",Fruits of the Forest,3
95774175,battle-hardened-lucerne-2025,"Verdance, Thorn of the Rose",Fyendal's Spring Tunic,0
95774175,battle-hardened-lucerne-2025,"Verdance, Thorn of the Rose",Healing Potion,3
95774175,battle-hardened-lucerne-2025,"Verdance, Thorn of the Rose",Heartbeat of Candlehold,3
95774175,battle-hardened-lucerne-2025,"Verdance, Thorn of the Rose",Mental Block,3
95774175,battle-hardened-lucerne-2025,"Verdance, Thorn of the Rose",Metacarpus Node,1
95774175,battle-hardened-lucerne-2025,"Verdance, Thorn of the Rose",Outed,3
95774175,battle-hardened-lucerne-2025,"Verdance, Thorn of the Rose",Plow Under,3
95774175,battle-hardened-lucerne-2025,"Verdance, Thorn of the Rose",Plume of Evergrowth,1
95774175,battle-hardened-lucerne-2025,"Verdance, Thorn of the Rose",Pounamu Amulet,1
95774175,battle-hardened-lucerne-2025,"Verdance, Thorn of the Rose",Pulsing Aether||Life,3
95774175,battle-hardened-lucerne-2025,"Verdance, Thorn of the Rose",Rampant Growth||Life,3
95774175,battle-hardened-lucerne-2025,"Verdance, Thorn of the Rose",Ring of Roses,1
95774175,battle-hardened-lucerne-2025,"Verdance, Thorn of the Rose",Rootbound Carapace,3
95774175,battle-hardened-lucerne-2025,"Verdance, Thorn of the Rose",Rowdy Locals,3
95774175,battle-hardened-lucerne-2025,"Verdance, Thorn of the Rose",Scar for a Scar,0
95774175,battle-hardened-lucerne-2025,"Verdance, Thorn of the Rose",Scour,2
95774175,battle-hardened-lucerne-2025,"Verdance, Thorn of the Rose",Seeds of Tomorrow,0
95774175,battle-hardened-lucerne-2025,"Verdance, Thorn of the Rose",Shelter from the Storm,3
95774175,battle-hardened-lucerne-2025,"Verdance, Thorn of the Rose",Sigil of Solace,0
95774175,battle-hardened-lucerne-2025,"Verdance, Thorn of the Rose",Sink Below,3
95774175,battle-hardened-lucerne-2025,"Verdance, Thorn of the Rose",Sirens of Safe Harbor,0
95774175,battle-hardened-lucerne-2025,"Verdance, Thorn of the Rose",Stonewall Gauntlet,1
95774175,battle-hardened-lucerne-2025,"Verdance, Thorn of the Rose",Storm Striders,1
95774175,battle-hardened-lucerne-2025,"Verdance, Thorn of the Rose",Summer's Fall,1
95774175,battle-hardened-lucerne-2025,"Verdance, Thorn of the Rose",Surgent Aethertide,0
95774175,battle-hardened-lucerne-2025,"Verdance, Thorn of the Rose",This Round's on Me,0
95774175,battle-hardened-lucerne-2025,"Verdance, Thorn of the Rose",Waning Moon,1
95774175,battle-hardened-lucerne-2025,"Verdance, Thorn of the Rose",Warmonger's Diplomacy,0
54291163,battle-hardened-lucerne-2025,"Cindra, Dracai of Retribution",Ancestral Empowerment,3
54291163,battle-hardened-lucerne-2025,"Cindra, Dracai of Retribution",Art of the Dragon: Blood,3
54291163,battle-hardened-lucerne-2025,"Cindra, Dracai of Retribution",Art of the Dragon: Fire,2
54291163,battle-hardened-lucerne-2025,"Cindra, Dracai of Retribution",Art of the Dragon: Scale,0
54291163,battle-hardened-lucerne-2025,"Cindra, Dracai of Retribution",Battlefront Bastion,0
54291163,battle-hardened-lucerne-2025,"Cindra, Dracai of Retribution",Blaze Headlong,3
54291163,battle-hardened-lucerne-2025,"Cindra, Dracai of Retribution",Blood Runs Deep,2
54291163,battle-hardened-lucerne-2025,"Cindra, Dracai of Retribution",Blood Splattered Vest,1
54291163,battle-hardened-lucerne-2025,"Cindra, Dracai of Retribution",Brand with Cinderclaw,3
54291163,battle-hardened-lucerne-2025,"Cindra, Dracai of Retribution",Brand with Cinderclaw,2
54291163,battle-hardened-lucerne-2025,"Cindra, Dracai of Retribution",Breaking Point,2
54291163,battle-hardened-lucerne-2025,"Cindra, Dracai of Retribution",Burning Blade Dance,0
54291163,battle-hardened-lucerne-2025,"Cindra, Dracai of Retribution",Claw of Vynserakai,1
54291163,battle-hardened-lucerne-2025,"Cindra, Dracai of Retribution",Command and Conquer,0
54291163,battle-hardened-lucerne-2025,"Cindra, Dracai of Retribution",Concealed Blade,0
54291163,battle-hardened-lucerne-2025,"Cindra, Dracai of Retribution",Cut Through,3
54291163,battle-hardened-lucerne-2025,"Cindra, Dracai of Retribution",Demonstrate Devotion,3
54291163,battle-hardened-lucerne-2025,"Cindra, Dracai of Retribution",Devotion Never Dies,0
54291163,battle-hardened-lucerne-2025,"Cindra, Dracai of Retribution",Display Loyalty,3
54291163,battle-hardened-lucerne-2025,"Cindra, Dracai of Retribution",Double Strike,0
54291163,battle-hardened-lucerne-2025,"Cindra, Dracai of Retribution",Dragon Power,0
54291163,battle-hardened-lucerne-2025,"Cindra, Dracai of Retribution",Dragonscaler Flight Path,1
54291163,battle-hardened-lucerne-2025,"Cindra, Dracai of Retribution",Drop of Dragon Blood,0
54291163,battle-hardened-lucerne-2025,"Cindra, Dracai of Retribution",Enlightened Strike,0
54291163,battle-hardened-lucerne-2025,"Cindra, Dracai of Retribution",Erase Face,0
54291163,battle-hardened-lucerne-2025,"Cindra, Dracai of Retribution",Fate Foreseen,0
54291163,battle-hardened-lucerne-2025,"Cindra, Dracai of Retribution",Fire Tenet: Strike First,3
54291163,battle-hardened-lucerne-2025,"Cindra, Dracai of Retribution",Flamescale Furnace,0
54291163,battle-hardened-lucerne-2025,"Cindra, Dracai of Retribution",Flick Knives,1
54291163,battle-hardened-lucerne-2025,"Cindra, Dracai of Retribution",Hot on Their Heels,3
54291163,battle-hardened-lucerne-2025,"Cindra, Dracai of Retribution",Hunt the Hunter,2
54291163,battle-hardened-lucerne-2025,"Cindra, Dracai of Retribution",Hunt to the Ends of Rathe,2
54291163,battle-hardened-lucerne-2025,"Cindra, Dracai of Retribution",Ignite,3
54291163,battle-hardened-lucerne-2025,"Cindra, Dracai of Retribution",Kunai of Retribution,2
54291163,battle-hardened-lucerne-2025,"Cindra, Dracai of Retribution",Lava Burst,2
54291163,battle-hardened-lucerne-2025,"Cindra, Dracai of Retribution",Lava Vein Loyalty,0
54291163,battle-hardened-lucerne-2025,"Cindra, Dracai of Retribution",Loyalty Beyond the Grave,0
54291163,battle-hardened-lucerne-2025,"Cindra, Dracai of Retribution",Mask of Momentum,1
54291163,battle-hardened-lucerne-2025,"Cindra, Dracai of Retribution",Mask of the Pouncing Lynx,1
54291163,battle-hardened-lucerne-2025,"Cindra, Dracai of Retribution",Oath of Loyalty,2
54291163,battle-hardened-lucerne-2025,"Cindra, Dracai of Retribution",Pain in the Backside,0
54291163,battle-hardened-lucerne-2025,"Cindra, Dracai of Retribution",Prowess of Agility,0
54291163,battle-hardened-lucerne-2025,"Cindra, Dracai of Retribution",Rally the Coast Guard,3
54291163,battle-hardened-lucerne-2025,"Cindra, Dracai of Retribution",Ravenous Rabble,3
54291163,battle-hardened-lucerne-2025,"Cindra, Dracai of Retribution",Rising Resentment,3
54291163,battle-hardened-lucerne-2025,"Cindra, Dracai of Retribution",Ronin Renegade,3
54291163,battle-hardened-lucerne-2025,"Cindra, Dracai of Retribution",Salt the Wound,1
54291163,battle-hardened-lucerne-2025,"Cindra, Dracai of Retribution",Sea Legs,0
54291163,battle-hardened-lucerne-2025,"Cindra, Dracai of Retribution",Shelter from the Storm,3
54291163,battle-hardened-lucerne-2025,"Cindra, Dracai of Retribution",Sink Below,3
54291163,battle-hardened-lucerne-2025,"Cindra, Dracai of Retribution",Snatch,2
54291163,battle-hardened-lucerne-2025,"Cindra, Dracai of Retribution",Spell Fray Cloak,0
54291163,battle-hardened-lucerne-2025,"Cindra, Dracai of Retribution",Spell Fray Leggings,0
54291163,battle-hardened-lucerne-2025,"Cindra, Dracai of Retribution",Spreading Flames,0
54291163,battle-hardened-lucerne-2025,"Cindra, Dracai of Retribution",Tag the Target,0
54291163,battle-hardened-lucerne-2025,"Cindra, Dracai of Retribution",Tenacity,1
54291163,battle-hardened-lucerne-2025,"Cindra, Dracai of Retribution",Thaw,0
54291163,battle-hardened-lucerne-2025,"Cindra, Dracai of Retribution",Throw Dagger,3
54291163,battle-hardened-lucerne-2025,"Cindra, Dracai of Retribution",Tide Flippers,0
54291163,battle-hardened-lucerne-2025,"Cindra, Dracai of Retribution",Tome of Imperial Flame,0
54291163,battle-hardened-lucerne-2025,"Cindra, Dracai of Retribution",Warmonger's Diplomacy,0
54291163,battle-hardened-lucerne-2025,"Cindra, Dracai of Retribution",Wax On,0
54291163,battle-hardened-lucerne-2025,"Cindra, Dracai of Retribution",Wrath of Retribution,1
91622689,battle-hardened-lucerne-2025,"Ira, Scarlet Revenger",Ancestral Empowerment,3
91622689,battle-hardened-lucerne-2025,"Ira, Scarlet Revenger",Ancestral Harmony,3
91622689,battle-hardened-lucerne-2025,"Ira, Scarlet Revenger",Aspect of Tiger: Mind,0
91622689,battle-hardened-lucerne-2025,"Ira, Scarlet Revenger",Back Heel Kick,0
91622689,battle-hardened-lucerne-2025,"Ira, Scarlet Revenger",Biting Breeze,0
91622689,battle-hardened-lucerne-2025,"Ira, Scarlet Revenger",Bittering Thorns,3
91622689,battle-hardened-lucerne-2025,"Ira, Scarlet Revenger",Bittering Thorns,3
91622689,battle-hardened-lucerne-2025,"Ira, Scarlet Revenger",Bittering Thorns,3
91622689,battle-hardened-lucerne-2025,"Ira, Scarlet Revenger",Blazen Yoroi,0
91622689,battle-hardened-lucerne-2025,"Ira, Scarlet Revenger",Censor,0
91622689,battle-hardened-lucerne-2025,"Ira, Scarlet Revenger",Command and Conquer,3
91622689,battle-hardened-lucerne-2025,"Ira, Scarlet Revenger",Concealed Blade,2
91622689,battle-hardened-lucerne-2025,"Ira, Scarlet Revenger",Crane Dance,0
91622689,battle-hardened-lucerne-2025,"Ira, Scarlet Revenger",Cut Down to Size,3
91622689,battle-hardened-lucerne-2025,"Ira, Scarlet Revenger",Cut Through,0
91622689,battle-hardened-lucerne-2025,"Ira, Scarlet Revenger",Double Strike,2
91622689,battle-hardened-lucerne-2025,"Ira, Scarlet Revenger",Dual Threat,0
91622689,battle-hardened-lucerne-2025,"Ira, Scarlet Revenger",Edge of Autumn,1
91622689,battle-hardened-lucerne-2025,"Ira, Scarlet Revenger",Enact Vengeance,3
91622689,battle-hardened-lucerne-2025,"Ira, Scarlet Revenger",Enlightened Strike,0
91622689,battle-hardened-lucerne-2025,"Ira, Scarlet Revenger",Erase Face,3
91622689,battle-hardened-lucerne-2025,"Ira, Scarlet Revenger",Even Bigger Than That!,2
91622689,battle-hardened-lucerne-2025,"Ira, Scarlet Revenger",Fate Foreseen,0
91622689,battle-hardened-lucerne-2025,"Ira, Scarlet Revenger",Fiddler's Green,0
91622689,battle-hardened-lucerne-2025,"Ira, Scarlet Revenger",Find Center,0
91622689,battle-hardened-lucerne-2025,"Ira, Scarlet Revenger",Flex Claws,0
91622689,battle-hardened-lucerne-2025,"Ira, Scarlet Revenger",Flic Flak,0
91622689,battle-hardened-lucerne-2025,"Ira, Scarlet Revenger",Fyendal's Spring Tunic,1
91622689,battle-hardened-lucerne-2025,"Ira, Scarlet Revenger",Give and Take,2
91622689,battle-hardened-lucerne-2025,"Ira, Scarlet Revenger",Harmonized Kodachi,0
91622689,battle-hardened-lucerne-2025,"Ira, Scarlet Revenger",Humble,0
91622689,battle-hardened-lucerne-2025,"Ira, Scarlet Revenger",Iris of the Blossom,1
91622689,battle-hardened-lucerne-2025,"Ira, Scarlet Revenger",Knives Out,0
91622689,battle-hardened-lucerne-2025,"Ira, Scarlet Revenger",Legacy of Ikaru,3
91622689,battle-hardened-lucerne-2025,"Ira, Scarlet Revenger",Looking for a Scrap,0
91622689,battle-hardened-lucerne-2025,"Ira, Scarlet Revenger",Mask of Momentum,1
91622689,battle-hardened-lucerne-2025,"Ira, Scarlet Revenger",Mauling Qi,0
91622689,battle-hardened-lucerne-2025,"Ira, Scarlet Revenger",Nasty Surprise,2
91622689,battle-hardened-lucerne-2025,"Ira, Scarlet Revenger",Nip at the Heels,0
91622689,battle-hardened-lucerne-2025,"Ira, Scarlet Revenger",Nullrune Gloves,1
91622689,battle-hardened-lucerne-2025,"Ira, Scarlet Revenger",Nullrune Robe,0
91622689,battle-hardened-lucerne-2025,"Ira, Scarlet Revenger",Okana Scar Wraps,1
91622689,battle-hardened-lucerne-2025,"Ira, Scarlet Revenger",One-Two Punch,0
91622689,battle-hardened-lucerne-2025,"Ira, Scarlet Revenger",Pain in the Backside,0
91622689,battle-hardened-lucerne-2025,"Ira, Scarlet Revenger",Pouncing Paws,0
91622689,battle-hardened-lucerne-2025,"Ira, Scarlet Revenger",Pouncing Qi,0
91622689,battle-hardened-lucerne-2025,"Ira, Scarlet Revenger",Prismatic Leyline,3
91622689,battle-hardened-lucerne-2025,"Ira, Scarlet Revenger",Pummel,1
91622689,battle-hardened-lucerne-2025,"Ira, Scarlet Revenger",Pursuit of Knowledge,1
91622689,battle-hardened-lucerne-2025,"Ira, Scarlet Revenger",Razor Reflex,1
91622689,battle-hardened-lucerne-2025,"Ira, Scarlet Revenger",Recoil,0
91622689,battle-hardened-lucerne-2025,"Ira, Scarlet Revenger",Remembrance,1
91622689,battle-hardened-lucerne-2025,"Ira, Scarlet Revenger",Rising Knee Thrust,0
91622689,battle-hardened-lucerne-2025,"Ira, Scarlet Revenger",Robe of Autumn's Fall,1
91622689,battle-hardened-lucerne-2025,"Ira, Scarlet Revenger",Rotten Remains,0
91622689,battle-hardened-lucerne-2025,"Ira, Scarlet Revenger",Rowdy Locals,3
91622689,battle-hardened-lucerne-2025,"Ira, Scarlet Revenger",Rushing River,0
91622689,battle-hardened-lucerne-2025,"Ira, Scarlet Revenger",Salt the Wound,1
91622689,battle-hardened-lucerne-2025,"Ira, Scarlet Revenger",Scar for a Scar,0
91622689,battle-hardened-lucerne-2025,"Ira, Scarlet Revenger",Seek Vengeance,3
91622689,battle-hardened-lucerne-2025,"Ira, Scarlet Revenger",Seek Vengeance,3
91622689,battle-hardened-lucerne-2025,"Ira, Scarlet Revenger",Shelter from the Storm,0
91622689,battle-hardened-lucerne-2025,"Ira, Scarlet Revenger",Sigil of Solace,0
91622689,battle-hardened-lucerne-2025,"Ira, Scarlet Revenger",Sink Below,0
91622689,battle-hardened-lucerne-2025,"Ira, Scarlet Revenger",Sirens of Safe Harbor,0
91622689,battle-hardened-lucerne-2025,"Ira, Scarlet Revenger",Snag,2
91622689,battle-hardened-lucerne-2025,"Ira, Scarlet Revenger",Snapdragon Scalers,1
91622689,battle-hardened-lucerne-2025,"Ira, Scarlet Revenger",Snatch,3
91622689,battle-hardened-lucerne-2025,"Ira, Scarlet Revenger",Soulbead Strike,0
91622689,battle-hardened-lucerne-2025,"Ira, Scarlet Revenger",Sound the Alarm,0
91622689,battle-hardened-lucerne-2025,"Ira, Scarlet Revenger",Stab Wound,0
91622689,battle-hardened-lucerne-2025,"Ira, Scarlet Revenger",Take the Tempo,3
91622689,battle-hardened-lucerne-2025,"Ira, Scarlet Revenger",The Weakest Link,0
91622689,battle-hardened-lucerne-2025,"Ira, Scarlet Revenger",Throw Dagger,0
91622689,battle-hardened-lucerne-2025,"Ira, Scarlet Revenger",Tide Flippers,1
91622689,battle-hardened-lucerne-2025,"Ira, Scarlet Revenger",Tiger Stripe Shuko,0
91622689,battle-hardened-lucerne-2025,"Ira, Scarlet Revenger",Torrent of Tempo,0
91622689,battle-hardened-lucerne-2025,"Ira, Scarlet Revenger",Vengeance Never Rests,3
91622689,battle-hardened-lucerne-2025,"Ira, Scarlet Revenger",Warmonger's Diplomacy,0
91622689,battle-hardened-lucerne-2025,"Ira, Scarlet Revenger",Wax On,0
91622689,battle-hardened-lucerne-2025,"Ira, Scarlet Revenger",Whelming Gustwave,0
91622689,battle-hardened-lucerne-2025,"Ira, Scarlet Revenger",Whirling Mist Blossom,3
88641725,battle-hardened-lucerne-2025,Dash I/O,Achilles Accelerator,1
88641725,battle-hardened-lucerne-2025,Dash I/O,Adaptive Plating,1
88641725,battle-hardened-lucerne-2025,Dash I/O,Backup Protocol: BLU,1
88641725,battle-hardened-lucerne-2025,Dash I/O,Backup Protocol: RED,2
88641725,battle-hardened-lucerne-2025,Dash I/O,Bios Update,3
88641725,battle-hardened-lucerne-2025,Dash I/O,Boom Grenade,3
88641725,battle-hardened-lucerne-2025,Dash I/O,Boom Grenade,3
88641725,battle-hardened-lucerne-2025,Dash I/O,Bracers of Belief,0
88641725,battle-hardened-lucerne-2025,Dash I/O,Cerebellum Processor,3
88641725,battle-hardened-lucerne-2025,Dash I/O,Cog in the Machine,0
88641725,battle-hardened-lucerne-2025,Dash I/O,Cogwerx Tinker Rings,0
88641725,battle-hardened-lucerne-2025,Dash I/O,Convection Amplifier,0
88641725,battle-hardened-lucerne-2025,Dash I/O,Crown of Providence,1
88641725,battle-hardened-lucerne-2025,Dash I/O,Data Link,0
88641725,battle-hardened-lucerne-2025,Dash I/O,Dissolution Sphere,1
88641725,battle-hardened-lucerne-2025,Dash I/O,Dissolving Shield,2
88641725,battle-hardened-lucerne-2025,Dash I/O,Expedite,0
88641725,battle-hardened-lucerne-2025,Dash I/O,Fast and Furious,3
88641725,battle-hardened-lucerne-2025,Dash I/O,Fender Bender,3
88641725,battle-hardened-lucerne-2025,Dash I/O,Goliath Gauntlet,1
88641725,battle-hardened-lucerne-2025,Dash I/O,Hanabi Blaster,0
88641725,battle-hardened-lucerne-2025,Dash I/O,Heavy Industry Gear Shift,1
88641725,battle-hardened-lucerne-2025,Dash I/O,Heavy Industry Power Plant,1
88641725,battle-hardened-lucerne-2025,Dash I/O,Heist,1
88641725,battle-hardened-lucerne-2025,Dash I/O,Maximum Velocity,2
88641725,battle-hardened-lucerne-2025,Dash I/O,MetEx,0
88641725,battle-hardened-lucerne-2025,Dash I/O,Misfire Dampener,0
88641725,battle-hardened-lucerne-2025,Dash I/O,Null Time Zone,0
88641725,battle-hardened-lucerne-2025,Dash I/O,Out Pace,3
88641725,battle-hardened-lucerne-2025,Dash I/O,Out Pace,3
88641725,battle-hardened-lucerne-2025,Dash I/O,Payload,3
88641725,battle-hardened-lucerne-2025,Dash I/O,Penetration Script,0
88641725,battle-hardened-lucerne-2025,Dash I/O,Pulsewave Harpoon,3
88641725,battle-hardened-lucerne-2025,Dash I/O,Signal Jammer,1
88641725,battle-hardened-lucerne-2025,Dash I/O,Spark of Genius,3
88641725,battle-hardened-lucerne-2025,Dash I/O,Sprocket Rocket,0
88641725,battle-hardened-lucerne-2025,Dash I/O,Symbiosis Shot,1
88641725,battle-hardened-lucerne-2025,Dash I/O,T-Bone,3
88641725,battle-hardened-lucerne-2025,Dash I/O,T-Bone,3
88641725,battle-hardened-lucerne-2025,Dash I/O,Teklo Core,3
88641725,battle-hardened-lucerne-2025,Dash I/O,Teklo Foundry Heart,1
88641725,battle-hardened-lucerne-2025,Dash I/O,Teklo Pounder,3
88641725,battle-hardened-lucerne-2025,Dash I/O,Throttle,3
88641725,battle-hardened-lucerne-2025,Dash I/O,Tick Tock Clock,1
88641725,battle-hardened-lucerne-2025,Dash I/O,Twin Drive,0
88641725,battle-hardened-lucerne-2025,Dash I/O,Under Loop,0
88641725,battle-hardened-lucerne-2025,Dash I/O,Viziertronic Model i,1
88641725,battle-hardened-lucerne-2025,Dash I/O,Zero to Sixty,3
88641725,battle-hardened-lucerne-2025,Dash I/O,Zero to Sixty,3
88641725,battle-hardened-lucerne-2025,Dash I/O,Zipper Hit,3
88641725,battle-hardened-lucerne-2025,Dash I/O,Zipper Hit,3
65273658,battle-hardened-lucerne-2025,"Arakni, 5L!p3d 7hRu 7h3 cR4X",Art of Desire: Body,3
65273658,battle-hardened-lucerne-2025,"Arakni, 5L!p3d 7hRu 7h3 cR4X",Art of Desire: Mind,2
65273658,battle-hardened-lucerne-2025,"Arakni, 5L!p3d 7hRu 7h3 cR4X",Balance of Justice,1
65273658,battle-hardened-lucerne-2025,"Arakni, 5L!p3d 7hRu 7h3 cR4X",Blacktek Whisperers,1
65273658,battle-hardened-lucerne-2025,"Arakni, 5L!p3d 7hRu 7h3 cR4X",Blanch,2
65273658,battle-hardened-lucerne-2025,"Arakni, 5L!p3d 7hRu 7h3 cR4X",Bonds of Agony,3
65273658,battle-hardened-lucerne-2025,"Arakni, 5L!p3d 7hRu 7h3 cR4X",Bonds of Attraction,0
65273658,battle-hardened-lucerne-2025,"Arakni, 5L!p3d 7hRu 7h3 cR4X",Censor,0
65273658,battle-hardened-lucerne-2025,"Arakni, 5L!p3d 7hRu 7h3 cR4X",Codex of Bloodrot,0
65273658,battle-hardened-lucerne-2025,"Arakni, 5L!p3d 7hRu 7h3 cR4X",Codex of Frailty,3
65273658,battle-hardened-lucerne-2025,"Arakni, 5L!p3d 7hRu 7h3 cR4X",Command and Conquer,3
65273658,battle-hardened-lucerne-2025,"Arakni, 5L!p3d 7hRu 7h3 cR4X",Concealed Blade,2
65273658,battle-hardened-lucerne-2025,"Arakni, 5L!p3d 7hRu 7h3 cR4X",Crown of Providence,1
65273658,battle-hardened-lucerne-2025,"Arakni, 5L!p3d 7hRu 7h3 cR4X",Double Trouble,3
65273658,battle-hardened-lucerne-2025,"Arakni, 5L!p3d 7hRu 7h3 cR4X",Double Trouble,3
65273658,battle-hardened-lucerne-2025,"Arakni, 5L!p3d 7hRu 7h3 cR4X",Enlightened Strike,0
65273658,battle-hardened-lucerne-2025,"Arakni, 5L!p3d 7hRu 7h3 cR4X",Eradicate,0
65273658,battle-hardened-lucerne-2025,"Arakni, 5L!p3d 7hRu 7h3 cR4X",Erase Face,0
65273658,battle-hardened-lucerne-2025,"Arakni, 5L!p3d 7hRu 7h3 cR4X",Fate Foreseen,0
65273658,battle-hardened-lucerne-2025,"Arakni, 5L!p3d 7hRu 7h3 cR4X",Flick Knives,1
65273658,battle-hardened-lucerne-2025,"Arakni, 5L!p3d 7hRu 7h3 cR4X",Fyendal's Spring Tunic,1
65273658,battle-hardened-lucerne-2025,"Arakni, 5L!p3d 7hRu 7h3 cR4X",Hunter's Klaive,3
65273658,battle-hardened-lucerne-2025,"Arakni, 5L!p3d 7hRu 7h3 cR4X",Hurl,0
65273658,battle-hardened-lucerne-2025,"Arakni, 5L!p3d 7hRu 7h3 cR4X",Infect,3
65273658,battle-hardened-lucerne-2025,"Arakni, 5L!p3d 7hRu 7h3 cR4X",Infiltrate,2
65273658,battle-hardened-lucerne-2025,"Arakni, 5L!p3d 7hRu 7h3 cR4X",Just a Nick,3
65273658,battle-hardened-lucerne-2025,"Arakni, 5L!p3d 7hRu 7h3 cR4X",Kiss of Death,3
65273658,battle-hardened-lucerne-2025,"Arakni, 5L!p3d 7hRu 7h3 cR4X",Leave No Witnesses,3
65273658,battle-hardened-lucerne-2025,"Arakni, 5L!p3d 7hRu 7h3 cR4X",Mark of the Black Widow,2
65273658,battle-hardened-lucerne-2025,"Arakni, 5L!p3d 7hRu 7h3 cR4X",Mark of the Huntsman,0
65273658,battle-hardened-lucerne-2025,"Arakni, 5L!p3d 7hRu 7h3 cR4X",Mask of Deceit,0
65273658,battle-hardened-lucerne-2025,"Arakni, 5L!p3d 7hRu 7h3 cR4X",Mask of Perdition,0
65273658,battle-hardened-lucerne-2025,"Arakni, 5L!p3d 7hRu 7h3 cR4X",Oasis Respite,0
65273658,battle-hardened-lucerne-2025,"Arakni, 5L!p3d 7hRu 7h3 cR4X",Orb-Weaver Spinneret,3
65273658,battle-hardened-lucerne-2025,"Arakni, 5L!p3d 7hRu 7h3 cR4X",Pain in the Backside,2
65273658,battle-hardened-lucerne-2025,"Arakni, 5L!p3d 7hRu 7h3 cR4X",Perforate,0
65273658,battle-hardened-lucerne-2025,"Arakni, 5L!p3d 7hRu 7h3 cR4X",Persuasive Prognosis,3
65273658,battle-hardened-lucerne-2025,"Arakni, 5L!p3d 7hRu 7h3 cR4X",Pick Up the Point,0
65273658,battle-hardened-lucerne-2025,"Arakni, 5L!p3d 7hRu 7h3 cR4X",Plague Hive,0
65273658,battle-hardened-lucerne-2025,"Arakni, 5L!p3d 7hRu 7h3 cR4X",Prismatic Leyline,0
65273658,battle-hardened-lucerne-2025,"Arakni, 5L!p3d 7hRu 7h3 cR4X",Razor's Edge,3
65273658,battle-hardened-lucerne-2025,"Arakni, 5L!p3d 7hRu 7h3 cR4X",Redback Shroud,1
65273658,battle-hardened-lucerne-2025,"Arakni, 5L!p3d 7hRu 7h3 cR4X",Savor Bloodshed,0
65273658,battle-hardened-lucerne-2025,"Arakni, 5L!p3d 7hRu 7h3 cR4X",Schism of Chaos,0
65273658,battle-hardened-lucerne-2025,"Arakni, 5L!p3d 7hRu 7h3 cR4X",Shelter from the Storm,3
65273658,battle-hardened-lucerne-2025,"Arakni, 5L!p3d 7hRu 7h3 cR4X",Shred,1
65273658,battle-hardened-lucerne-2025,"Arakni, 5L!p3d 7hRu 7h3 cR4X",Sink Below,3
65273658,battle-hardened-lucerne-2025,"Arakni, 5L!p3d 7hRu 7h3 cR4X",Sirens of Safe Harbor,0
65273658,battle-hardened-lucerne-2025,"Arakni, 5L!p3d 7hRu 7h3 cR4X",Snag,0
65273658,battle-hardened-lucerne-2025,"Arakni, 5L!p3d 7hRu 7h3 cR4X",Snapdragon Scalers,0
65273658,battle-hardened-lucerne-2025,"Arakni, 5L!p3d 7hRu 7h3 cR4X",Spike with Bloodrot,3
65273658,battle-hardened-lucerne-2025,"Arakni, 5L!p3d 7hRu 7h3 cR4X",Spreading Plague,0
65273658,battle-hardened-lucerne-2025,"Arakni, 5L!p3d 7hRu 7h3 cR4X",Surgical Extraction,0
65273658,battle-hardened-lucerne-2025,"Arakni, 5L!p3d 7hRu 7h3 cR4X",Take Up the Mantle,3
65273658,battle-hardened-lucerne-2025,"Arakni, 5L!p3d 7hRu 7h3 cR4X",Tarantula Toxin,3
65273658,battle-hardened-lucerne-2025,"Arakni, 5L!p3d 7hRu 7h3 cR4X",Undercover Acquisition,2
65273658,battle-hardened-lucerne-2025,"Arakni, 5L!p3d 7hRu 7h3 cR4X",Widow Back Abdomen,0
65273658,battle-hardened-lucerne-2025,"Arakni, 5L!p3d 7hRu 7h3 cR4X",Widow Claw Tarsus,0
65273658,battle-hardened-lucerne-2025,"Arakni, 5L!p3d 7hRu 7h3 cR4X",Widow Veil Respirator,1
65273658,battle-hardened-lucerne-2025,"Arakni, 5L!p3d 7hRu 7h3 cR4X",Widow Web Crawler,1
74352656,battle-hardened-lucerne-2025,"Prism, Awakener of Sol",Angelic Wrath,1
74352656,battle-hardened-lucerne-2025,"Prism, Awakener of Sol",Angelic Wrath,3
74352656,battle-hardened-lucerne-2025,"Prism, Awakener of Sol",Angelic Wrath,2
74352656,battle-hardened-lucerne-2025,"Prism, Awakener of Sol",Arc Light Sentinel,3
74352656,battle-hardened-lucerne-2025,"Prism, Awakener of Sol",Calming Gesture,1
74352656,battle-hardened-lucerne-2025,"Prism, Awakener of Sol",Dream Weavers,1
74352656,battle-hardened-lucerne-2025,"Prism, Awakener of Sol",Empyrean Rapture,1
74352656,battle-hardened-lucerne-2025,"Prism, Awakener of Sol",Figment of Erudition,1
74352656,battle-hardened-lucerne-2025,"Prism, Awakener of Sol",Figment of Judgment,1
74352656,battle-hardened-lucerne-2025,"Prism, Awakener of Sol",Figment of Protection,1
74352656,battle-hardened-lucerne-2025,"Prism, Awakener of Sol",Figment of Ravages,1
74352656,battle-hardened-lucerne-2025,"Prism, Awakener of Sol",Figment of Rebirth,1
74352656,battle-hardened-lucerne-2025,"Prism, Awakener of Sol",Figment of Triumph,1
74352656,battle-hardened-lucerne-2025,"Prism, Awakener of Sol",Figment of War,1
74352656,battle-hardened-lucerne-2025,"Prism, Awakener of Sol",Genesis,3
74352656,battle-hardened-lucerne-2025,"Prism, Awakener of Sol",Great Library of Solana,1
74352656,battle-hardened-lucerne-2025,"Prism, Awakener of Sol",Halo of Illumination,1
74352656,battle-hardened-lucerne-2025,"Prism, Awakener of Sol",Herald of Erudition,3
74352656,battle-hardened-lucerne-2025,"Prism, Awakener of Sol",Herald of Judgment,3
74352656,battle-hardened-lucerne-2025,"Prism, Awakener of Sol",Herald of Protection,3
74352656,battle-hardened-lucerne-2025,"Prism, Awakener of Sol",Herald of Protection,3
74352656,battle-hardened-lucerne-2025,"Prism, Awakener of Sol",Herald of Protection,3
74352656,battle-hardened-lucerne-2025,"Prism, Awakener of Sol",Herald of Ravages,3
74352656,battle-hardened-lucerne-2025,"Prism, Awakener of Sol",Herald of Sekem,3
74352656,battle-hardened-lucerne-2025,"Prism, Awakener of Sol",Herald of Triumph,3
74352656,battle-hardened-lucerne-2025,"Prism, Awakener of Sol",Herald of Triumph,3
74352656,battle-hardened-lucerne-2025,"Prism, Awakener of Sol",Herald of Triumph,3
74352656,battle-hardened-lucerne-2025,"Prism, Awakener of Sol",Light of Sol,1
74352656,battle-hardened-lucerne-2025,"Prism, Awakener of Sol","Luminaris, Angel's Glow",1
74352656,battle-hardened-lucerne-2025,"Prism, Awakener of Sol",Merciful Retribution,3
74352656,battle-hardened-lucerne-2025,"Prism, Awakener of Sol",Passing Mirage,3
74352656,battle-hardened-lucerne-2025,"Prism, Awakener of Sol",Phantasmal Footsteps,1
74352656,battle-hardened-lucerne-2025,"Prism, Awakener of Sol",Pierce Reality,3
74352656,battle-hardened-lucerne-2025,"Prism, Awakener of Sol",Riches of Trōpal-Dhani,1
74352656,battle-hardened-lucerne-2025,"Prism, Awakener of Sol",Soul Shield,3
74352656,battle-hardened-lucerne-2025,"Prism, Awakener of Sol",Vestige of Sol,1
74352656,battle-hardened-lucerne-2025,"Prism, Awakener of Sol",Wartune Herald,3
74352656,battle-hardened-lucerne-2025,"Prism, Awakener of Sol",Wartune Herald,3
74352656,battle-hardened-lucerne-2025,"Prism, Awakener of Sol",Wartune Herald,3
48729449,battle-hardened-lucerne-2025,"Cindra, Dracai of Retribution",Ancestral Empowerment,0
48729449,battle-hardened-lucerne-2025,"Cindra, Dracai of Retribution",Art of the Dragon: Blood,3
48729449,battle-hardened-lucerne-2025,"Cindra, Dracai of Retribution",Art of the Dragon: Fire,3
48729449,battle-hardened-lucerne-2025,"Cindra, Dracai of Retribution",Art of the Dragon: Scale,0
48729449,battle-hardened-lucerne-2025,"Cindra, Dracai of Retribution",Battlefront Bastion,3
48729449,battle-hardened-lucerne-2025,"Cindra, Dracai of Retribution",Blaze Headlong,3
48729449,battle-hardened-lucerne-2025,"Cindra, Dracai of Retribution",Blood Runs Deep,2
48729449,battle-hardened-lucerne-2025,"Cindra, Dracai of Retribution",Blood Splattered Vest,1
48729449,battle-hardened-lucerne-2025,"Cindra, Dracai of Retribution",Brand with Cinderclaw,3
48729449,battle-hardened-lucerne-2025,"Cindra, Dracai of Retribution",Brand with Cinderclaw,3
48729449,battle-hardened-lucerne-2025,"Cindra, Dracai of Retribution",Breaking Point,0
48729449,battle-hardened-lucerne-2025,"Cindra, Dracai of Retribution",Burning Blade Dance,3
48729449,battle-hardened-lucerne-2025,"Cindra, Dracai of Retribution",Claw of Vynserakai,1
48729449,battle-hardened-lucerne-2025,"Cindra, Dracai of Retribution",Command and Conquer,0
48729449,battle-hardened-lucerne-2025,"Cindra, Dracai of Retribution",Concealed Blade,0
48729449,battle-hardened-lucerne-2025,"Cindra, Dracai of Retribution",Cut Through,0
48729449,battle-hardened-lucerne-2025,"Cindra, Dracai of Retribution",Demonstrate Devotion,3
48729449,battle-hardened-lucerne-2025,"Cindra, Dracai of Retribution",Devotion Never Dies,0
48729449,battle-hardened-lucerne-2025,"Cindra, Dracai of Retribution",Display Loyalty,3
48729449,battle-hardened-lucerne-2025,"Cindra, Dracai of Retribution",Double Strike,0
48729449,battle-hardened-lucerne-2025,"Cindra, Dracai of Retribution",Dragon Power,1
48729449,battle-hardened-lucerne-2025,"Cindra, Dracai of Retribution",Dragonscaler Flight Path,1
48729449,battle-hardened-lucerne-2025,"Cindra, Dracai of Retribution",Drop of Dragon Blood,1
48729449,battle-hardened-lucerne-2025,"Cindra, Dracai of Retribution",Enlightened Strike,0
48729449,battle-hardened-lucerne-2025,"Cindra, Dracai of Retribution",Erase Face,2
48729449,battle-hardened-lucerne-2025,"Cindra, Dracai of Retribution",Fate Foreseen,0
48729449,battle-hardened-lucerne-2025,"Cindra, Dracai of Retribution",Fire Tenet: Strike First,3
48729449,battle-hardened-lucerne-2025,"Cindra, Dracai of Retribution",Flamescale Furnace,0
48729449,battle-hardened-lucerne-2025,"Cindra, Dracai of Retribution",Flick Knives,1
48729449,battle-hardened-lucerne-2025,"Cindra, Dracai of Retribution",Hot on Their Heels,3
48729449,battle-hardened-lucerne-2025,"Cindra, Dracai of Retribution",Hunt the Hunter,0
48729449,battle-hardened-lucerne-2025,"Cindra, Dracai of Retribution",Hunt to the Ends of Rathe,0
48729449,battle-hardened-lucerne-2025,"Cindra, Dracai of Retribution",Ignite,3
48729449,battle-hardened-lucerne-2025,"Cindra, Dracai of Retribution",Kunai of Retribution,2
48729449,battle-hardened-lucerne-2025,"Cindra, Dracai of Retribution",Lava Burst,3
48729449,battle-hardened-lucerne-2025,"Cindra, Dracai of Retribution",Lava Vein Loyalty,0
48729449,battle-hardened-lucerne-2025,"Cindra, Dracai of Retribution",Loyalty Beyond the Grave,3
48729449,battle-hardened-lucerne-2025,"Cindra, Dracai of Retribution",Mask of Momentum,1
48729449,battle-hardened-lucerne-2025,"Cindra, Dracai of Retribution",Mask of the Pouncing Lynx,0
48729449,battle-hardened-lucerne-2025,"Cindra, Dracai of Retribution",Oath of Loyalty,3
48729449,battle-hardened-lucerne-2025,"Cindra, Dracai of Retribution",Pain in the Backside,0
48729449,battle-hardened-lucerne-2025,"Cindra, Dracai of Retribution",Prowess of Agility,2
48729449,battle-hardened-lucerne-2025,"Cindra, Dracai of Retribution",Rally the Coast Guard,0
48729449,battle-hardened-lucerne-2025,"Cindra, Dracai of Retribution",Ravenous Rabble,2
48729449,battle-hardened-lucerne-2025,"Cindra, Dracai of Retribution",Rising Resentment,3
48729449,battle-hardened-lucerne-2025,"Cindra, Dracai of Retribution",Ronin Renegade,3
48729449,battle-hardened-lucerne-2025,"Cindra, Dracai of Retribution",Salt the Wound,0
48729449,battle-hardened-lucerne-2025,"Cindra, Dracai of Retribution",Sea Legs,0
48729449,battle-hardened-lucerne-2025,"Cindra, Dracai of Retribution",Shelter from the Storm,2
48729449,battle-hardened-lucerne-2025,"Cindra, Dracai of Retribution",Sink Below,0
48729449,battle-hardened-lucerne-2025,"Cindra, Dracai of Retribution",Snatch,0
48729449,battle-hardened-lucerne-2025,"Cindra, Dracai of Retribution",Spell Fray Cloak,0
48729449,battle-hardened-lucerne-2025,"Cindra, Dracai of Retribution",Spell Fray Leggings,0
48729449,battle-hardened-lucerne-2025,"Cindra, Dracai of Retribution",Spreading Flames,3
48729449,battle-hardened-lucerne-2025,"Cindra, Dracai of Retribution",Tag the Target,0
48729449,battle-hardened-lucerne-2025,"Cindra, Dracai of Retribution",Tenacity,0
48729449,battle-hardened-lucerne-2025,"Cindra, Dracai of Retribution",Thaw,0
48729449,battle-hardened-lucerne-2025,"Cindra, Dracai of Retribution",Throw Dagger,3
48729449,battle-hardened-lucerne-2025,"Cindra, Dracai of Retribution",Tide Flippers,0
48729449,battle-hardened-lucerne-2025,"Cindra, Dracai of Retribution",Tome of Imperial Flame,0
48729449,battle-hardened-lucerne-2025,"Cindra, Dracai of Retribution",Warmonger's Diplomacy,0
48729449,battle-hardened-lucerne-2025,"Cindra, Dracai of Retribution",Wax On,3
48729449,battle-hardened-lucerne-2025,"Cindra, Dracai of Retribution",Wrath of Retribution,1
69118899,battle-hardened-lucerne-2025,"Verdance, Thorn of the Rose",Aether Arc,0
69118899,battle-hardened-lucerne-2025,"Verdance, Thorn of the Rose",Alluvion Constellas,0
69118899,battle-hardened-lucerne-2025,"Verdance, Thorn of the Rose",Arcane Compliance,0
69118899,battle-hardened-lucerne-2025,"Verdance, Thorn of the Rose",Arcane Twining,3
69118899,battle-hardened-lucerne-2025,"Verdance, Thorn of the Rose",Autumn's Touch,3
69118899,battle-hardened-lucerne-2025,"Verdance, Thorn of the Rose",Barkskin of the Millennium Tree,1
69118899,battle-hardened-lucerne-2025,"Verdance, Thorn of the Rose",Blade Beckoner Gauntlets,0
69118899,battle-hardened-lucerne-2025,"Verdance, Thorn of the Rose",Blanch,2
69118899,battle-hardened-lucerne-2025,"Verdance, Thorn of the Rose",Burn Bare,3
69118899,battle-hardened-lucerne-2025,"Verdance, Thorn of the Rose",Cadaverous Tilling,2
69118899,battle-hardened-lucerne-2025,"Verdance, Thorn of the Rose",Calming Breeze,0
69118899,battle-hardened-lucerne-2025,"Verdance, Thorn of the Rose",Command and Conquer,3
69118899,battle-hardened-lucerne-2025,"Verdance, Thorn of the Rose",Crown of Providence,1
69118899,battle-hardened-lucerne-2025,"Verdance, Thorn of the Rose",Destructive Aethertide,0
69118899,battle-hardened-lucerne-2025,"Verdance, Thorn of the Rose",Emeritus Scolding,3
69118899,battle-hardened-lucerne-2025,"Verdance, Thorn of the Rose",Enlightened Strike,3
69118899,battle-hardened-lucerne-2025,"Verdance, Thorn of the Rose",Erase Face,3
69118899,battle-hardened-lucerne-2025,"Verdance, Thorn of the Rose",Everbloom||Life,3
69118899,battle-hardened-lucerne-2025,"Verdance, Thorn of the Rose",Evergreen,0
69118899,battle-hardened-lucerne-2025,"Verdance, Thorn of the Rose",Fate Foreseen,0
69118899,battle-hardened-lucerne-2025,"Verdance, Thorn of the Rose",Felling of the Crown,3
69118899,battle-hardened-lucerne-2025,"Verdance, Thorn of the Rose",Fruits of the Forest,3
69118899,battle-hardened-lucerne-2025,"Verdance, Thorn of the Rose",Fruits of the Forest,3
69118899,battle-hardened-lucerne-2025,"Verdance, Thorn of the Rose",Fyendal's Spring Tunic,1
69118899,battle-hardened-lucerne-2025,"Verdance, Thorn of the Rose",Healing Potion,3
69118899,battle-hardened-lucerne-2025,"Verdance, Thorn of the Rose",Heartbeat of Candlehold,3
69118899,battle-hardened-lucerne-2025,"Verdance, Thorn of the Rose",Mental Block,3
69118899,battle-hardened-lucerne-2025,"Verdance, Thorn of the Rose",Metacarpus Node,1
69118899,battle-hardened-lucerne-2025,"Verdance, Thorn of the Rose",Outed,0
69118899,battle-hardened-lucerne-2025,"Verdance, Thorn of the Rose",Plow Under,3
69118899,battle-hardened-lucerne-2025,"Verdance, Thorn of the Rose",Plume of Evergrowth,1
69118899,battle-hardened-lucerne-2025,"Verdance, Thorn of the Rose",Pounamu Amulet,1
69118899,battle-hardened-lucerne-2025,"Verdance, Thorn of the Rose",Pulsing Aether||Life,3
69118899,battle-hardened-lucerne-2025,"Verdance, Thorn of the Rose",Rampant Growth||Life,3
69118899,battle-hardened-lucerne-2025,"Verdance, Thorn of the Rose",Ring of Roses,1
69118899,battle-hardened-lucerne-2025,"Verdance, Thorn of the Rose",Rootbound Carapace,3
69118899,battle-hardened-lucerne-2025,"Verdance, Thorn of the Rose",Rowdy Locals,0
69118899,battle-hardened-lucerne-2025,"Verdance, Thorn of the Rose",Scar for a Scar,0
69118899,battle-hardened-lucerne-2025,"Verdance, Thorn of the Rose",Scour,3
69118899,battle-hardened-lucerne-2025,"Verdance, Thorn of the Rose",Seeds of Tomorrow,0
69118899,battle-hardened-lucerne-2025,"Verdance, Thorn of the Rose",Shelter from the Storm,3
69118899,battle-hardened-lucerne-2025,"Verdance, Thorn of the Rose",Sigil of Solace,3
69118899,battle-hardened-lucerne-2025,"Verdance, Thorn of the Rose",Sink Below,3
69118899,battle-hardened-lucerne-2025,"Verdance, Thorn of the Rose",Sirens of Safe Harbor,0
69118899,battle-hardened-lucerne-2025,"Verdance, Thorn of the Rose",Stonewall Gauntlet,1
69118899,battle-hardened-lucerne-2025,"Verdance, Thorn of the Rose",Storm Striders,1
69118899,battle-hardened-lucerne-2025,"Verdance, Thorn of the Rose",Summer's Fall,0
69118899,battle-hardened-lucerne-2025,"Verdance, Thorn of the Rose",Surgent Aethertide,0
69118899,battle-hardened-lucerne-2025,"Verdance, Thorn of the Rose",This Round's on Me,0
69118899,battle-hardened-lucerne-2025,"Verdance, Thorn of the Rose",Waning Moon,1
69118899,battle-hardened-lucerne-2025,"Verdance, Thorn of the Rose",Warmonger's Diplomacy,0
48574111,battle-hardened-lucerne-2025,"Cindra, Dracai of Retribution",Ancestral Empowerment,3
48574111,battle-hardened-lucerne-2025,"Cindra, Dracai of Retribution",Art of the Dragon: Blood,3
48574111,battle-hardened-lucerne-2025,"Cindra, Dracai of Retribution",Art of the Dragon: Fire,2
48574111,battle-hardened-lucerne-2025,"Cindra, Dracai of Retribution",Art of the Dragon: Scale,0
48574111,battle-hardened-lucerne-2025,"Cindra, Dracai of Retribution",Battlefront Bastion,3
48574111,battle-hardened-lucerne-2025,"Cindra, Dracai of Retribution",Blaze Headlong,3
48574111,battle-hardened-lucerne-2025,"Cindra, Dracai of Retribution",Blood Runs Deep,2
48574111,battle-hardened-lucerne-2025,"Cindra, Dracai of Retribution",Blood Splattered Vest,1
48574111,battle-hardened-lucerne-2025,"Cindra, Dracai of Retribution",Brand with Cinderclaw,3
48574111,battle-hardened-lucerne-2025,"Cindra, Dracai of Retribution",Breaking Point,2
48574111,battle-hardened-lucerne-2025,"Cindra, Dracai of Retribution",Burning Blade Dance,3
48574111,battle-hardened-lucerne-2025,"Cindra, Dracai of Retribution",Claw of Vynserakai,1
48574111,battle-hardened-lucerne-2025,"Cindra, Dracai of Retribution",Command and Conquer,0
48574111,battle-hardened-lucerne-2025,"Cindra, Dracai of Retribution",Concealed Blade,0
48574111,battle-hardened-lucerne-2025,"Cindra, Dracai of Retribution",Cut Through,3
48574111,battle-hardened-lucerne-2025,"Cindra, Dracai of Retribution",Demonstrate Devotion,3
48574111,battle-hardened-lucerne-2025,"Cindra, Dracai of Retribution",Devotion Never Dies,0
48574111,battle-hardened-lucerne-2025,"Cindra, Dracai of Retribution",Display Loyalty,3
48574111,battle-hardened-lucerne-2025,"Cindra, Dracai of Retribution",Double Strike,0
48574111,battle-hardened-lucerne-2025,"Cindra, Dracai of Retribution",Dragon Power,0
48574111,battle-hardened-lucerne-2025,"Cindra, Dracai of Retribution",Dragonscaler Flight Path,1
48574111,battle-hardened-lucerne-2025,"Cindra, Dracai of Retribution",Drop of Dragon Blood,0
48574111,battle-hardened-lucerne-2025,"Cindra, Dracai of Retribution",Enlightened Strike,0
48574111,battle-hardened-lucerne-2025,"Cindra, Dracai of Retribution",Erase Face,0
48574111,battle-hardened-lucerne-2025,"Cindra, Dracai of Retribution",Fate Foreseen,0
48574111,battle-hardened-lucerne-2025,"Cindra, Dracai of Retribution",Fire Tenet: Strike First,3
48574111,battle-hardened-lucerne-2025,"Cindra, Dracai of Retribution",Flamescale Furnace,1
48574111,battle-hardened-lucerne-2025,"Cindra, Dracai of Retribution",Flick Knives,1
48574111,battle-hardened-lucerne-2025,"Cindra, Dracai of Retribution",Hot on Their Heels,3
48574111,battle-hardened-lucerne-2025,"Cindra, Dracai of Retribution",Hunt the Hunter,1
48574111,battle-hardened-lucerne-2025,"Cindra, Dracai of Retribution",Hunt to the Ends of Rathe,3
48574111,battle-hardened-lucerne-2025,"Cindra, Dracai of Retribution",Ignite,3
48574111,battle-hardened-lucerne-2025,"Cindra, Dracai of Retribution",Kunai of Retribution,2
48574111,battle-hardened-lucerne-2025,"Cindra, Dracai of Retribution",Lava Burst,2
48574111,battle-hardened-lucerne-2025,"Cindra, Dracai of Retribution",Lava Vein Loyalty,0
48574111,battle-hardened-lucerne-2025,"Cindra, Dracai of Retribution",Loyalty Beyond the Grave,3
48574111,battle-hardened-lucerne-2025,"Cindra, Dracai of Retribution",Mask of Momentum,1
48574111,battle-hardened-lucerne-2025,"Cindra, Dracai of Retribution",Mask of the Pouncing Lynx,0
48574111,battle-hardened-lucerne-2025,"Cindra, Dracai of Retribution",Oath of Loyalty,2
48574111,battle-hardened-lucerne-2025,"Cindra, Dracai of Retribution",Pain in the Backside,3
48574111,battle-hardened-lucerne-2025,"Cindra, Dracai of Retribution",Prowess of Agility,0
48574111,battle-hardened-lucerne-2025,"Cindra, Dracai of Retribution",Rally the Coast Guard,0
48574111,battle-hardened-lucerne-2025,"Cindra, Dracai of Retribution",Ravenous Rabble,3
48574111,battle-hardened-lucerne-2025,"Cindra, Dracai of Retribution",Rising Resentment,3
48574111,battle-hardened-lucerne-2025,"Cindra, Dracai of Retribution",Ronin Renegade,3
48574111,battle-hardened-lucerne-2025,"Cindra, Dracai of Retribution",Salt the Wound,0
48574111,battle-hardened-lucerne-2025,"Cindra, Dracai of Retribution",Sea Legs,0
48574111,battle-hardened-lucerne-2025,"Cindra, Dracai of Retribution",Shelter from the Storm,3
48574111,battle-hardened-lucerne-2025,"Cindra, Dracai of Retribution",Sink Below,0
48574111,battle-hardened-lucerne-2025,"Cindra, Dracai of Retribution",Snatch,3
48574111,battle-hardened-lucerne-2025,"Cindra, Dracai of Retribution",Spell Fray Cloak,0
48574111,battle-hardened-lucerne-2025,"Cindra, Dracai of Retribution",Spell Fray Leggings,0
48574111,battle-hardened-lucerne-2025,"Cindra, Dracai of Retribution",Spreading Flames,0
48574111,battle-hardened-lucerne-2025,"Cindra, Dracai of Retribution",Tag the Target,0
48574111,battle-hardened-lucerne-2025,"Cindra, Dracai of Retribution",Tenacity,0
48574111,battle-hardened-lucerne-2025,"Cindra, Dracai of Retribution",Thaw,0
48574111,battle-hardened-lucerne-2025,"Cindra, Dracai of Retribution",Throw Dagger,0
48574111,battle-hardened-lucerne-2025,"Cindra, Dracai of Retribution",Tide Flippers,0
48574111,battle-hardened-lucerne-2025,"Cindra, Dracai of Retribution",Tome of Imperial Flame,0
48574111,battle-hardened-lucerne-2025,"Cindra, Dracai of Retribution",Warmonger's Diplomacy,0
48574111,battle-hardened-lucerne-2025,"Cindra, Dracai of Retribution",Wax On,0
48574111,battle-hardened-lucerne-2025,"Cindra, Dracai of Retribution",Wrath of Retribution,1
29735559,battle-hardened-lucerne-2025,"Cindra, Dracai of Retribution",Ancestral Empowerment,3
29735559,battle-hardened-lucerne-2025,"Cindra, Dracai of Retribution",Art of the Dragon: Blood,3
29735559,battle-hardened-lucerne-2025,"Cindra, Dracai of Retribution",Art of the Dragon: Fire,3
29735559,battle-hardened-lucerne-2025,"Cindra, Dracai of Retribution",Art of the Dragon: Scale,1
29735559,battle-hardened-lucerne-2025,"Cindra, Dracai of Retribution",Battlefront Bastion,0
29735559,battle-hardened-lucerne-2025,"Cindra, Dracai of Retribution",Blaze Headlong,3
29735559,battle-hardened-lucerne-2025,"Cindra, Dracai of Retribution",Blood Runs Deep,0
29735559,battle-hardened-lucerne-2025,"Cindra, Dracai of Retribution",Blood Splattered Vest,1
29735559,battle-hardened-lucerne-2025,"Cindra, Dracai of Retribution",Brand with Cinderclaw,3
29735559,battle-hardened-lucerne-2025,"Cindra, Dracai of Retribution",Brand with Cinderclaw,2
29735559,battle-hardened-lucerne-2025,"Cindra, Dracai of Retribution",Breaking Point,0
29735559,battle-hardened-lucerne-2025,"Cindra, Dracai of Retribution",Burning Blade Dance,2
29735559,battle-hardened-lucerne-2025,"Cindra, Dracai of Retribution",Claw of Vynserakai,1
29735559,battle-hardened-lucerne-2025,"Cindra, Dracai of Retribution",Command and Conquer,0
29735559,battle-hardened-lucerne-2025,"Cindra, Dracai of Retribution",Concealed Blade,0
29735559,battle-hardened-lucerne-2025,"Cindra, Dracai of Retribution",Cut Through,3
29735559,battle-hardened-lucerne-2025,"Cindra, Dracai of Retribution",Demonstrate Devotion,3
29735559,battle-hardened-lucerne-2025,"Cindra, Dracai of Retribution",Devotion Never Dies,0
29735559,battle-hardened-lucerne-2025,"Cindra, Dracai of Retribution",Display Loyalty,3
29735559,battle-hardened-lucerne-2025,"Cindra, Dracai of Retribution",Double Strike,3
29735559,battle-hardened-lucerne-2025,"Cindra, Dracai of Retribution",Dragon Power,3
29735559,battle-hardened-lucerne-2025,"Cindra, Dracai of Retribution",Dragonscaler Flight Path,1
29735559,battle-hardened-lucerne-2025,"Cindra, Dracai of Retribution",Drop of Dragon Blood,1
29735559,battle-hardened-lucerne-2025,"Cindra, Dracai of Retribution",Enlightened Strike,0
29735559,battle-hardened-lucerne-2025,"Cindra, Dracai of Retribution",Erase Face,0
29735559,battle-hardened-lucerne-2025,"Cindra, Dracai of Retribution",Fate Foreseen,0
29735559,battle-hardened-lucerne-2025,"Cindra, Dracai of Retribution",Fire Tenet: Strike First,3
29735559,battle-hardened-lucerne-2025,"Cindra, Dracai of Retribution",Flamescale Furnace,0
29735559,battle-hardened-lucerne-2025,"Cindra, Dracai of Retribution",Flick Knives,1
29735559,battle-hardened-lucerne-2025,"Cindra, Dracai of Retribution",Hot on Their Heels,3
29735559,battle-hardened-lucerne-2025,"Cindra, Dracai of Retribution",Hunt the Hunter,0
29735559,battle-hardened-lucerne-2025,"Cindra, Dracai of Retribution",Hunt to the Ends of Rathe,0
29735559,battle-hardened-lucerne-2025,"Cindra, Dracai of Retribution",Ignite,3
29735559,battle-hardened-lucerne-2025,"Cindra, Dracai of Retribution",Kunai of Retribution,2
29735559,battle-hardened-lucerne-2025,"Cindra, Dracai of Retribution",Lava Burst,0
29735559,battle-hardened-lucerne-2025,"Cindra, Dracai of Retribution",Lava Vein Loyalty,0
29735559,battle-hardened-lucerne-2025,"Cindra, Dracai of Retribution",Loyalty Beyond the Grave,3
29735559,battle-hardened-lucerne-2025,"Cindra, Dracai of Retribution",Mask of Momentum,1
29735559,battle-hardened-lucerne-2025,"Cindra, Dracai of Retribution",Mask of the Pouncing Lynx,0
29735559,battle-hardened-lucerne-2025,"Cindra, Dracai of Retribution",Oath of Loyalty,0
29735559,battle-hardened-lucerne-2025,"Cindra, Dracai of Retribution",Pain in the Backside,0
29735559,battle-hardened-lucerne-2025,"Cindra, Dracai of Retribution",Prowess of Agility,0
29735559,battle-hardened-lucerne-2025,"Cindra, Dracai of Retribution",Rally the Coast Guard,0
29735559,battle-hardened-lucerne-2025,"Cindra, Dracai of Retribution",Ravenous Rabble,3
29735559,battle-hardened-lucerne-2025,"Cindra, Dracai of Retribution",Rising Resentment,3
29735559,battle-hardened-lucerne-2025,"Cindra, Dracai of Retribution",Ronin Renegade,3
29735559,battle-hardened-lucerne-2025,"Cindra, Dracai of Retribution",Salt the Wound,0
29735559,battle-hardened-lucerne-2025,"Cindra, Dracai of Retribution",Sea Legs,1
29735559,battle-hardened-lucerne-2025,"Cindra, Dracai of Retribution",Shelter from the Storm,3
29735559,battle-hardened-lucerne-2025,"Cindra, Dracai of Retribution",Sink Below,3
29735559,battle-hardened-lucerne-2025,"Cindra, Dracai of Retribution",Snatch,0
29735559,battle-hardened-lucerne-2025,"Cindra, Dracai of Retribution",Spell Fray Cloak,0
29735559,battle-hardened-lucerne-2025,"Cindra, Dracai of Retribution",Spell Fray Leggings,0
29735559,battle-hardened-lucerne-2025,"Cindra, Dracai of Retribution",Spreading Flames,0
29735559,battle-hardened-lucerne-2025,"Cindra, Dracai of Retribution",Tag the Target,0
29735559,battle-hardened-lucerne-2025,"Cindra, Dracai of Retribution",Tenacity,0
29735559,battle-hardened-lucerne-2025,"Cindra, Dracai of Retribution",Thaw,2
29735559,battle-hardened-lucerne-2025,"Cindra, Dracai of Retribution",Throw Dagger,3
29735559,battle-hardened-lucerne-2025,"Cindra, Dracai of Retribution",Tide Flippers,0
29735559,battle-hardened-lucerne-2025,"Cindra, Dracai of Retribution",Tome of Imperial Flame,3
29735559,battle-hardened-lucerne-2025,"Cindra, Dracai of Retribution",Warmonger's Diplomacy,0
29735559,battle-hardened-lucerne-2025,"Cindra, Dracai of Retribution",Wax On,0
29735559,battle-hardened-lucerne-2025,"Cindra, Dracai of Retribution",Wrath of Retribution,1
46958411,battle-hardened-lucerne-2025,Jarl Vetreiði,Arcane Compliance,0
46958411,battle-hardened-lucerne-2025,Jarl Vetreiði,Arcane Lantern,1
46958411,battle-hardened-lucerne-2025,Jarl Vetreiði,Autumn's Touch,3
46958411,battle-hardened-lucerne-2025,Jarl Vetreiði,Barkskin of the Millennium Tree,0
46958411,battle-hardened-lucerne-2025,Jarl Vetreiði,Blizzard,2
46958411,battle-hardened-lucerne-2025,Jarl Vetreiði,Canopy Shelter,3
46958411,battle-hardened-lucerne-2025,Jarl Vetreiði,Channel Lake Frigid,3
46958411,battle-hardened-lucerne-2025,Jarl Vetreiði,Channel Mount Isen,3
46958411,battle-hardened-lucerne-2025,Jarl Vetreiði,Command and Conquer,3
46958411,battle-hardened-lucerne-2025,Jarl Vetreiði,Crown of Providence,1
46958411,battle-hardened-lucerne-2025,Jarl Vetreiði,Crumble to Eternity,3
46958411,battle-hardened-lucerne-2025,Jarl Vetreiði,Crush the Weak,0
46958411,battle-hardened-lucerne-2025,Jarl Vetreiði,Enlightened Strike,0
46958411,battle-hardened-lucerne-2025,Jarl Vetreiði,Everbloom||Life,0
46958411,battle-hardened-lucerne-2025,Jarl Vetreiði,Felling of the Crown,3
46958411,battle-hardened-lucerne-2025,Jarl Vetreiði,Frost Fang,3
46958411,battle-hardened-lucerne-2025,Jarl Vetreiði,Frozen to Death,3
46958411,battle-hardened-lucerne-2025,Jarl Vetreiði,Fruits of the Forest,3
46958411,battle-hardened-lucerne-2025,Jarl Vetreiði,Fyendal's Spring Tunic,1
46958411,battle-hardened-lucerne-2025,Jarl Vetreiði,Gauntlets of the Boreal Domain,1
46958411,battle-hardened-lucerne-2025,Jarl Vetreiði,Glacial Footsteps,0
46958411,battle-hardened-lucerne-2025,Jarl Vetreiði,Heart of Ice,1
46958411,battle-hardened-lucerne-2025,Jarl Vetreiði,Ice Quake,2
46958411,battle-hardened-lucerne-2025,Jarl Vetreiði,Imposing Visage,3
46958411,battle-hardened-lucerne-2025,Jarl Vetreiði,Mangle,3
46958411,battle-hardened-lucerne-2025,Jarl Vetreiði,Midas Touch,0
46958411,battle-hardened-lucerne-2025,Jarl Vetreiði,Nullrune Boots,1
46958411,battle-hardened-lucerne-2025,Jarl Vetreiði,Nullrune Hood,0
46958411,battle-hardened-lucerne-2025,Jarl Vetreiði,Oaken Old,3
46958411,battle-hardened-lucerne-2025,Jarl Vetreiði,Plow Under,3
46958411,battle-hardened-lucerne-2025,Jarl Vetreiði,Pulse of Isenloft,1
46958411,battle-hardened-lucerne-2025,Jarl Vetreiði,Pummel,3
46958411,battle-hardened-lucerne-2025,Jarl Vetreiði,Quickdodge Flexors,1
46958411,battle-hardened-lucerne-2025,Jarl Vetreiði,Remembrance,0
46958411,battle-hardened-lucerne-2025,Jarl Vetreiði,Rootbound Carapace,3
46958411,battle-hardened-lucerne-2025,Jarl Vetreiði,Scar for a Scar,0
46958411,battle-hardened-lucerne-2025,Jarl Vetreiði,Seeds of Tomorrow,0
46958411,battle-hardened-lucerne-2025,Jarl Vetreiði,Shelter from the Storm,0
46958411,battle-hardened-lucerne-2025,Jarl Vetreiði,Sigil of Solace,0
46958411,battle-hardened-lucerne-2025,Jarl Vetreiði,Sink Below,3
46958411,battle-hardened-lucerne-2025,Jarl Vetreiði,Sledge of Anvilheim,1
46958411,battle-hardened-lucerne-2025,Jarl Vetreiði,Snag,0
46958411,battle-hardened-lucerne-2025,Jarl Vetreiði,Spinal Crush,3
46958411,battle-hardened-lucerne-2025,Jarl Vetreiði,"Stalagmite, Bastion of Isenloft",1
46958411,battle-hardened-lucerne-2025,Jarl Vetreiði,Staunch Response,3
46958411,battle-hardened-lucerne-2025,Jarl Vetreiði,Tear Asunder,0
46958411,battle-hardened-lucerne-2025,Jarl Vetreiði,Titan's Fist,1
46958411,battle-hardened-lucerne-2025,Jarl Vetreiði,Unforgetting Unforgiving,2
46958411,battle-hardened-lucerne-2025,Jarl Vetreiði,Winter's Bite,3
46958411,battle-hardened-lucerne-2025,Jarl Vetreiði,Winter's Grasp,3
36382727,battle-hardened-lucerne-2025,"Arakni, Marionette",Art of Desire: Body,2
36382727,battle-hardened-lucerne-2025,"Arakni, Marionette",Art of Desire: Mind,0
36382727,battle-hardened-lucerne-2025,"Arakni, Marionette",Battlefront Bastion,2
36382727,battle-hardened-lucerne-2025,"Arakni, Marionette",Blanch,0
36382727,battle-hardened-lucerne-2025,"Arakni, Marionette",Bonds of Agony,3
36382727,battle-hardened-lucerne-2025,"Arakni, Marionette",Codex of Bloodrot,2
36382727,battle-hardened-lucerne-2025,"Arakni, Marionette",Codex of Frailty,3
36382727,battle-hardened-lucerne-2025,"Arakni, Marionette",Command and Conquer,3
36382727,battle-hardened-lucerne-2025,"Arakni, Marionette",Cut from the Same Cloth,3
36382727,battle-hardened-lucerne-2025,"Arakni, Marionette",Den of the Spider,0
36382727,battle-hardened-lucerne-2025,"Arakni, Marionette",Enlightened Strike,0
36382727,battle-hardened-lucerne-2025,"Arakni, Marionette",Exposed,2
36382727,battle-hardened-lucerne-2025,"Arakni, Marionette",Flick Knives,1
36382727,battle-hardened-lucerne-2025,"Arakni, Marionette",Frailty Trap,1
36382727,battle-hardened-lucerne-2025,"Arakni, Marionette",Fyendal's Spring Tunic,1
36382727,battle-hardened-lucerne-2025,"Arakni, Marionette",Hunter's Klaive,2
36382727,battle-hardened-lucerne-2025,"Arakni, Marionette",Infiltrate,0
36382727,battle-hardened-lucerne-2025,"Arakni, Marionette",Just a Nick,3
36382727,battle-hardened-lucerne-2025,"Arakni, Marionette",Kiss of Death,3
36382727,battle-hardened-lucerne-2025,"Arakni, Marionette",Lair of the Spider,1
36382727,battle-hardened-lucerne-2025,"Arakni, Marionette",Leave No Witnesses,3
36382727,battle-hardened-lucerne-2025,"Arakni, Marionette",Mark of the Black Widow,3
36382727,battle-hardened-lucerne-2025,"Arakni, Marionette",Mark of the Black Widow,3
36382727,battle-hardened-lucerne-2025,"Arakni, Marionette",Mask of Deceit,1
36382727,battle-hardened-lucerne-2025,"Arakni, Marionette",Orb-Weaver Spinneret,3
36382727,battle-hardened-lucerne-2025,"Arakni, Marionette",Orb-Weaver Spinneret,2
36382727,battle-hardened-lucerne-2025,"Arakni, Marionette",Pain in the Backside,3
36382727,battle-hardened-lucerne-2025,"Arakni, Marionette",Persuasive Prognosis,3
36382727,battle-hardened-lucerne-2025,"Arakni, Marionette",Pick Up the Point,3
36382727,battle-hardened-lucerne-2025,"Arakni, Marionette",Public Bounty,0
36382727,battle-hardened-lucerne-2025,"Arakni, Marionette",Reaper's Call,0
36382727,battle-hardened-lucerne-2025,"Arakni, Marionette",Regicide,0
36382727,battle-hardened-lucerne-2025,"Arakni, Marionette",Savor Bloodshed,3
36382727,battle-hardened-lucerne-2025,"Arakni, Marionette",Shelter from the Storm,2
36382727,battle-hardened-lucerne-2025,"Arakni, Marionette",Sink Below,3
36382727,battle-hardened-lucerne-2025,"Arakni, Marionette",Snapdragon Scalers,0
36382727,battle-hardened-lucerne-2025,"Arakni, Marionette",Stains of the Redback,3
36382727,battle-hardened-lucerne-2025,"Arakni, Marionette",Starting Point,1
36382727,battle-hardened-lucerne-2025,"Arakni, Marionette",Surgical Extraction,2
36382727,battle-hardened-lucerne-2025,"Arakni, Marionette",Take Up the Mantle,2
36382727,battle-hardened-lucerne-2025,"Arakni, Marionette",Tarantula Toxin,3
36382727,battle-hardened-lucerne-2025,"Arakni, Marionette",Under the Trap-Door,0
36382727,battle-hardened-lucerne-2025,"Arakni, Marionette",Up Sticks and Run,3
36382727,battle-hardened-lucerne-2025,"Arakni, Marionette",Widow Back Abdomen,0
36382727,battle-hardened-lucerne-2025,"Arakni, Marionette",Widow Veil Respirator,1
36382727,battle-hardened-lucerne-2025,"Arakni, Marionette",Widow Web Crawler,1
87512175,battle-hardened-lucerne-2025,"Vynnset, Iron Maiden",Beseech the Demigon,3
87512175,battle-hardened-lucerne-2025,"Vynnset, Iron Maiden",Bloodied Oval,1
87512175,battle-hardened-lucerne-2025,"Vynnset, Iron Maiden",Bounding Demigon,0
87512175,battle-hardened-lucerne-2025,"Vynnset, Iron Maiden",Crown of Providence,1
87512175,battle-hardened-lucerne-2025,"Vynnset, Iron Maiden",Cull,3
87512175,battle-hardened-lucerne-2025,"Vynnset, Iron Maiden",Dance of Darkness,1
87512175,battle-hardened-lucerne-2025,"Vynnset, Iron Maiden",Deadwood Dirge,3
87512175,battle-hardened-lucerne-2025,"Vynnset, Iron Maiden",Deathly Delight,3
87512175,battle-hardened-lucerne-2025,"Vynnset, Iron Maiden",Deathly Wail,3
87512175,battle-hardened-lucerne-2025,"Vynnset, Iron Maiden",Deathly Wail,3
87512175,battle-hardened-lucerne-2025,"Vynnset, Iron Maiden",Dyadic Carapace,1
87512175,battle-hardened-lucerne-2025,"Vynnset, Iron Maiden",Ebon Fold,1
87512175,battle-hardened-lucerne-2025,"Vynnset, Iron Maiden",Eloquent Eulogy,3
87512175,battle-hardened-lucerne-2025,"Vynnset, Iron Maiden",Envelop in Darkness,0
87512175,battle-hardened-lucerne-2025,"Vynnset, Iron Maiden",Face Purgatory,1
87512175,battle-hardened-lucerne-2025,"Vynnset, Iron Maiden",Flail of Agony,1
87512175,battle-hardened-lucerne-2025,"Vynnset, Iron Maiden",Funeral Moon,3
87512175,battle-hardened-lucerne-2025,"Vynnset, Iron Maiden",Fyendal's Spring Tunic,1
87512175,battle-hardened-lucerne-2025,"Vynnset, Iron Maiden",Grimoire of the Haunt,1
87512175,battle-hardened-lucerne-2025,"Vynnset, Iron Maiden",Haunting Rendition,3
87512175,battle-hardened-lucerne-2025,"Vynnset, Iron Maiden",Invert Existence,2
87512175,battle-hardened-lucerne-2025,"Vynnset, Iron Maiden",Machinations of Dominion,3
87512175,battle-hardened-lucerne-2025,"Vynnset, Iron Maiden",Malefic Incantation,3
87512175,battle-hardened-lucerne-2025,"Vynnset, Iron Maiden",Malefic Incantation,2
87512175,battle-hardened-lucerne-2025,"Vynnset, Iron Maiden",Mauvrion Skies,3
87512175,battle-hardened-lucerne-2025,"Vynnset, Iron Maiden",Oblivion,1
87512175,battle-hardened-lucerne-2025,"Vynnset, Iron Maiden",Read the Runes,0
87512175,battle-hardened-lucerne-2025,"Vynnset, Iron Maiden",Reaping Blade,0
87512175,battle-hardened-lucerne-2025,"Vynnset, Iron Maiden",Reduce to Runechant,3
87512175,battle-hardened-lucerne-2025,"Vynnset, Iron Maiden",Requiem for the Damned,0
87512175,battle-hardened-lucerne-2025,"Vynnset, Iron Maiden",Revel in Runeblood,2
87512175,battle-hardened-lucerne-2025,"Vynnset, Iron Maiden",Shadow Puppetry,3
87512175,battle-hardened-lucerne-2025,"Vynnset, Iron Maiden",Spellbound Creepers,1
87512175,battle-hardened-lucerne-2025,"Vynnset, Iron Maiden",Succumb to Temptation,3
87512175,battle-hardened-lucerne-2025,"Vynnset, Iron Maiden",Swarming Gloomveil,3
87512175,battle-hardened-lucerne-2025,"Vynnset, Iron Maiden",Vantom Banshee,3
87512175,battle-hardened-lucerne-2025,"Vynnset, Iron Maiden",Vantom Wraith,3
87512175,battle-hardened-lucerne-2025,"Vynnset, Iron Maiden",Vexing Quillhand,1
87512175,battle-hardened-lucerne-2025,"Vynnset, Iron Maiden",Widespread Annihilation,2
87512175,battle-hardened-lucerne-2025,"Vynnset, Iron Maiden",Widespread Destruction,3
87512175,battle-hardened-lucerne-2025,"Vynnset, Iron Maiden",Widespread Ruin,3
55996332,battle-hardened-lucerne-2025,"Vynnset, Iron Maiden",Beseech the Demigon,3
55996332,battle-hardened-lucerne-2025,"Vynnset, Iron Maiden",Bloodied Oval,0
55996332,battle-hardened-lucerne-2025,"Vynnset, Iron Maiden",Bounding Demigon,2
55996332,battle-hardened-lucerne-2025,"Vynnset, Iron Maiden",Crown of Providence,1
55996332,battle-hardened-lucerne-2025,"Vynnset, Iron Maiden",Cull,3
55996332,battle-hardened-lucerne-2025,"Vynnset, Iron Maiden",Dance of Darkness,0
55996332,battle-hardened-lucerne-2025,"Vynnset, Iron Maiden",Deadwood Dirge,3
55996332,battle-hardened-lucerne-2025,"Vynnset, Iron Maiden",Deathly Delight,3
55996332,battle-hardened-lucerne-2025,"Vynnset, Iron Maiden",Deathly Wail,3
55996332,battle-hardened-lucerne-2025,"Vynnset, Iron Maiden",Deathly Wail,3
55996332,battle-hardened-lucerne-2025,"Vynnset, Iron Maiden",Deathly Wail,2
55996332,battle-hardened-lucerne-2025,"Vynnset, Iron Maiden",Dyadic Carapace,1
55996332,battle-hardened-lucerne-2025,"Vynnset, Iron Maiden",Ebon Fold,1
55996332,battle-hardened-lucerne-2025,"Vynnset, Iron Maiden",Eloquent Eulogy,3
55996332,battle-hardened-lucerne-2025,"Vynnset, Iron Maiden",Envelop in Darkness,3
55996332,battle-hardened-lucerne-2025,"Vynnset, Iron Maiden",Face Purgatory,1
55996332,battle-hardened-lucerne-2025,"Vynnset, Iron Maiden",Flail of Agony,1
55996332,battle-hardened-lucerne-2025,"Vynnset, Iron Maiden",Funeral Moon,3
55996332,battle-hardened-lucerne-2025,"Vynnset, Iron Maiden",Fyendal's Spring Tunic,1
55996332,battle-hardened-lucerne-2025,"Vynnset, Iron Maiden",Grimoire of the Haunt,1
55996332,battle-hardened-lucerne-2025,"Vynnset, Iron Maiden",Haunting Rendition,3
55996332,battle-hardened-lucerne-2025,"Vynnset, Iron Maiden",Invert Existence,0
55996332,battle-hardened-lucerne-2025,"Vynnset, Iron Maiden",Machinations of Dominion,3
55996332,battle-hardened-lucerne-2025,"Vynnset, Iron Maiden",Malefic Incantation,3
55996332,battle-hardened-lucerne-2025,"Vynnset, Iron Maiden",Mauvrion Skies,3
55996332,battle-hardened-lucerne-2025,"Vynnset, Iron Maiden",Oblivion,1
55996332,battle-hardened-lucerne-2025,"Vynnset, Iron Maiden",Read the Runes,3
55996332,battle-hardened-lucerne-2025,"Vynnset, Iron Maiden",Reaping Blade,1
55996332,battle-hardened-lucerne-2025,"Vynnset, Iron Maiden",Reduce to Runechant,3
55996332,battle-hardened-lucerne-2025,"Vynnset, Iron Maiden",Requiem for the Damned,0
55996332,battle-hardened-lucerne-2025,"Vynnset, Iron Maiden",Revel in Runeblood,3
55996332,battle-hardened-lucerne-2025,"Vynnset, Iron Maiden",Shadow Puppetry,3
55996332,battle-hardened-lucerne-2025,"Vynnset, Iron Maiden",Spellbound Creepers,1
55996332,battle-hardened-lucerne-2025,"Vynnset, Iron Maiden",Succumb to Temptation,3
55996332,battle-hardened-lucerne-2025,"Vynnset, Iron Maiden",Swarming Gloomveil,0
55996332,battle-hardened-lucerne-2025,"Vynnset, Iron Maiden",Vantom Banshee,0
55996332,battle-hardened-lucerne-2025,"Vynnset, Iron Maiden",Vantom Wraith,3
55996332,battle-hardened-lucerne-2025,"Vynnset, Iron Maiden",Vexing Quillhand,1
55996332,battle-hardened-lucerne-2025,"Vynnset, Iron Maiden",Widespread Annihilation,2
55996332,battle-hardened-lucerne-2025,"Vynnset, Iron Maiden",Widespread Destruction,3
55996332,battle-hardened-lucerne-2025,"Vynnset, Iron Maiden",Widespread Ruin,3
57877587,battle-hardened-lucerne-2025,"Kayo, Armed and Dangerous",Agile Windup,3
57877587,battle-hardened-lucerne-2025,"Kayo, Armed and Dangerous",Apex Bonebreaker,1
57877587,battle-hardened-lucerne-2025,"Kayo, Armed and Dangerous",Assault and Battery,3
57877587,battle-hardened-lucerne-2025,"Kayo, Armed and Dangerous",Bare Fangs,3
57877587,battle-hardened-lucerne-2025,"Kayo, Armed and Dangerous",Bare Fangs,3
57877587,battle-hardened-lucerne-2025,"Kayo, Armed and Dangerous",Beast Within,3
57877587,battle-hardened-lucerne-2025,"Kayo, Armed and Dangerous",Beaten Trackers,0
57877587,battle-hardened-lucerne-2025,"Kayo, Armed and Dangerous",Bloodrush Bellow,3
57877587,battle-hardened-lucerne-2025,"Kayo, Armed and Dangerous",Cast Bones,3
57877587,battle-hardened-lucerne-2025,"Kayo, Armed and Dangerous",Clash of Might,3
57877587,battle-hardened-lucerne-2025,"Kayo, Armed and Dangerous",Command and Conquer,3
57877587,battle-hardened-lucerne-2025,"Kayo, Armed and Dangerous",Enlightened Strike,3
57877587,battle-hardened-lucerne-2025,"Kayo, Armed and Dangerous",Erase Face,3
57877587,battle-hardened-lucerne-2025,"Kayo, Armed and Dangerous",Gravekeeping,2
57877587,battle-hardened-lucerne-2025,"Kayo, Armed and Dangerous",Humble,2
57877587,battle-hardened-lucerne-2025,"Kayo, Armed and Dangerous",Mandible Claw,1
57877587,battle-hardened-lucerne-2025,"Kayo, Armed and Dangerous",Mighty Windup,3
57877587,battle-hardened-lucerne-2025,"Kayo, Armed and Dangerous",No Fear,0
57877587,battle-hardened-lucerne-2025,"Kayo, Armed and Dangerous",Nullrune Boots,0
57877587,battle-hardened-lucerne-2025,"Kayo, Armed and Dangerous",Nullrune Gloves,1
57877587,battle-hardened-lucerne-2025,"Kayo, Armed and Dangerous",Pack Hunt,3
57877587,battle-hardened-lucerne-2025,"Kayo, Armed and Dangerous",Pulping,3
57877587,battle-hardened-lucerne-2025,"Kayo, Armed and Dangerous",Rally the Coast Guard,0
57877587,battle-hardened-lucerne-2025,"Kayo, Armed and Dangerous",Ravenous Rabble,0
57877587,battle-hardened-lucerne-2025,"Kayo, Armed and Dangerous",Reckless Swing,0
57877587,battle-hardened-lucerne-2025,"Kayo, Armed and Dangerous",Riled Up,3
57877587,battle-hardened-lucerne-2025,"Kayo, Armed and Dangerous",Run Roughshod,3
57877587,battle-hardened-lucerne-2025,"Kayo, Armed and Dangerous",Savage Beatdown,0
57877587,battle-hardened-lucerne-2025,"Kayo, Armed and Dangerous",Savage Feast,0
57877587,battle-hardened-lucerne-2025,"Kayo, Armed and Dangerous",Savage Sash,1
57877587,battle-hardened-lucerne-2025,"Kayo, Armed and Dangerous",Scabskin Leathers,1
57877587,battle-hardened-lucerne-2025,"Kayo, Armed and Dangerous",Scowling Flesh Bag,1
57877587,battle-hardened-lucerne-2025,"Kayo, Armed and Dangerous",Sea Legs,3
57877587,battle-hardened-lucerne-2025,"Kayo, Armed and Dangerous",Send Packing,3
57877587,battle-hardened-lucerne-2025,"Kayo, Armed and Dangerous",Skullhorn,1
57877587,battle-hardened-lucerne-2025,"Kayo, Armed and Dangerous",Smash Instinct,3
57877587,battle-hardened-lucerne-2025,"Kayo, Armed and Dangerous",Spell Fray Gloves,0
57877587,battle-hardened-lucerne-2025,"Kayo, Armed and Dangerous",Swing Big,3
57877587,battle-hardened-lucerne-2025,"Kayo, Armed and Dangerous",Wild Ride,3
57877587,battle-hardened-lucerne-2025,"Kayo, Armed and Dangerous",Wild Ride,3
57877587,battle-hardened-lucerne-2025,"Kayo, Armed and Dangerous",Wrecker Romp,3
